//////////////////////////////////////////////////////////////////////////////////	 
//本程序只供学习使用，未经作者许可，不得用于其它任何用途
//测试硬件：单片机STM32F103RCT6,正点原子MiniSTM32开发板,主频72MHZ，晶振12MHZ
//QDtech-TFT液晶驱动 for STM32 IO模拟
//xiao冯@ShenZhen QDtech co.,LTD
//公司网站:www.qdtft.com
//淘宝网站：http://qdtech.taobao.com
//wiki技术网站：http://www.lcdwiki.com
//我司提供技术支持，任何技术问题欢迎随时交流学习
//固话(传真) :+86 0755-23594567 
//手机:15989313508（冯工） 
//邮箱:lcdwiki01@gmail.com    support@lcdwiki.com    goodtft@163.com 
//技术支持QQ:3002773612  3002778157
//技术交流QQ群:324828016
//创建日期:2018/08/09
//版本：V1.0
//版权所有，盗版必究。
//Copyright(C) 深圳市全动电子技术有限公司 2018-2028
//All rights reserved
/****************************************************************************************************
//=========================================电源接线================================================//
//     LCD模块                STM32单片机
//      VCC          接        DC5V/3.3V      //电源
//      GND          接          GND          //电源地
//=======================================液晶屏数据线接线==========================================//
//本模块默认数据总线类型为SPI总线
//     LCD模块                STM32单片机    
//    SDI(MOSI)      接          PB15         //液晶屏SPI总线数据写信号
//    SDO(MISO)      接          PB14         //液晶屏SPI总线数据读信号，如果不需要读，可以不接线
//=======================================液晶屏控制线接线==========================================//
//     LCD模块 					      STM32单片机 
//       LED         接          PB9          //液晶屏背光控制信号，如果不需要控制，接5V或3.3V
//       SCK         接          PB13         //液晶屏SPI总线时钟信号
//      DC/RS        接          PB10         //液晶屏数据/命令控制信号
//       RST         接          PB12         //液晶屏复位控制信号
//       CS          接          PB11         //液晶屏片选控制信号
//=========================================触摸屏触接线=========================================//
//如果模块不带触摸功能或者带有触摸功能，但是不需要触摸功能，则不需要进行触摸屏接线
//	   LCD模块                STM32单片机 
//      T_IRQ        接          PC10         //触摸屏触摸中断信号
//      T_DO         接          PC2          //触摸屏SPI总线读信号
//      T_DIN        接          PC3          //触摸屏SPI总线写信号
//      T_CS         接          PC13         //触摸屏片选控制信号
//      T_CLK        接          PC0          //触摸屏SPI总线时钟信号
**************************************************************************************************/	
 /* @attention
  *
  * THE PRESENT FIRMWARE WHICH IS FOR GUIDANCE ONLY AIMS AT PROVIDING CUSTOMERS
  * WITH CODING INFORMATION REGARDING THEIR PRODUCTS IN ORDER FOR THEM TO SAVE
  * TIME. AS A RESULT, QD electronic SHALL NOT BE HELD LIABLE FOR ANY
  * DIRECT, INDIRECT OR CONSEQUENTIAL DAMAGES WITH RESPECT TO ANY CLAIMS ARISING
  * FROM THE CONTENT OF SUCH FIRMWARE AND/OR THE USE MADE BY CUSTOMERS OF THE
  * CODING INFORMATION CONTAINED HEREIN IN CONNECTION WITH THEIR PRODUCTS.
**************************************************************************************************/	
#ifndef __PIC_H
#define __PIC_H 

//16位BMP 40X40 QQ图像取模数据
//Image2LCD取模选项设置
//水平扫描
//16位
//40X40
//不包含图像头数据
//自左至右
//自顶至底
//低位在前
const unsigned char gImage_qq[3200] = { /* 0X00,0X10,0X28,0X00,0X28,0X00,0X01,0X1B, */
0XFF,0XFF,0XFF,0XFF,0XFF,0XFF,0XFF,0XFF,0XFF,0XFF,0XFF,0XFF,0XFF,0XFF,0XFF,0XFF,
0XFF,0XFF,0XFF,0XFF,0XFF,0XFF,0XFF,0XFF,0XFF,0XFF,0XFF,0XFF,0XFF,0XFF,0XBE,0XF7,
0XFF,0XFF,0XDE,0XFF,0X38,0XC6,0X92,0X8C,0X8E,0X6B,0X6E,0X6B,0X10,0X7C,0X96,0XAD,
0X3C,0XE7,0XFF,0XFF,0XFF,0XFF,0XFF,0XFF,0XFF,0XFF,0XFF,0XFF,0XFF,0XFF,0XFF,0XFF,
0XFF,0XFF,0XFF,0XFF,0XFF,0XFF,0XFF,0XFF,0XFF,0XFF,0XFF,0XFF,0XFF,0XFF,0XFF,0XFF,
0XFF,0XFF,0XFF,0XFF,0XFF,0XFF,0XFF,0XFF,0XFF,0XFF,0XFF,0XFF,0XFF,0XFF,0XFF,0XFF,
0XFF,0XFF,0XFF,0XFF,0XFF,0XFF,0XFF,0XFF,0XFF,0XFF,0XFF,0XFF,0XFF,0XFF,0X5D,0XEF,
0X15,0X9D,0X4F,0X63,0X6C,0X42,0X0A,0X32,0X88,0X29,0X46,0X19,0X25,0X19,0X45,0X21,
0XE8,0X31,0X8E,0X6B,0X38,0XC6,0XFF,0XFF,0XFF,0XFF,0XFF,0XFF,0XFF,0XFF,0XFF,0XFF,
0XFF,0XFF,0XFF,0XFF,0XFF,0XFF,0XFF,0XFF,0XFF,0XFF,0XFF,0XFF,0XFF,0XFF,0XFF,0XFF,
0XFF,0XFF,0XFF,0XFF,0XFF,0XFF,0XFF,0XFF,0XFF,0XFF,0XFF,0XFF,0XFF,0XFF,0XFF,0XFF,
0XFF,0XFF,0XFF,0XFF,0XFF,0XFF,0XFF,0XFF,0XFF,0XFF,0XFF,0XFF,0X36,0XA5,0X10,0X53,
0X10,0X4B,0X51,0X53,0X0F,0X4B,0X6C,0X3A,0XE9,0X31,0X67,0X21,0X25,0X19,0XE4,0X10,
0XA3,0X08,0X62,0X00,0X83,0X08,0XCB,0X52,0X9A,0XD6,0XFF,0XFF,0XFF,0XFF,0XFF,0XFF,
0XFF,0XFF,0XFF,0XFF,0XFF,0XFF,0XFF,0XFF,0XFF,0XFF,0XFF,0XFF,0XFF,0XFF,0XFF,0XFF,
0XFF,0XFF,0XFF,0XFF,0XFF,0XFF,0XFF,0XFF,0XFF,0XFF,0XFF,0XFF,0XFF,0XFF,0XFF,0XFF,
0XFF,0XFF,0XFF,0XFF,0XFF,0XFF,0XFF,0XFF,0X3C,0XE7,0X70,0X63,0XB3,0X63,0XB8,0X7C,
0XF5,0X63,0X11,0X43,0X4D,0X32,0XEA,0X29,0X88,0X21,0X26,0X19,0X05,0X19,0X05,0X19,
0X04,0X11,0X04,0X11,0XE4,0X10,0X83,0X00,0XA3,0X08,0X72,0X8C,0XFF,0XFF,0XFF,0XFF,
0XFF,0XFF,0XFF,0XFF,0XFF,0XFF,0XFF,0XFF,0XFF,0XFF,0XFF,0XFF,0XFF,0XFF,0XFF,0XFF,
0XFF,0XFF,0XFF,0XFF,0XFF,0XFF,0XFF,0XFF,0XFF,0XFF,0XFF,0XFF,0XFF,0XFF,0XFF,0XFF,
0XFF,0XFF,0XFF,0XFF,0XFF,0XFF,0XDB,0XDE,0X4B,0X3A,0XF0,0X42,0X35,0X6C,0X54,0X4B,
0XB1,0X32,0X2E,0X2A,0XEB,0X21,0XA9,0X21,0X67,0X19,0X05,0X19,0X04,0X11,0X04,0X11,
0X04,0X11,0X04,0X11,0X04,0X11,0X05,0X19,0XE4,0X10,0X42,0X00,0XAF,0X73,0XFF,0XFF,
0XFF,0XFF,0XFF,0XFF,0XFF,0XFF,0XFF,0XFF,0XFF,0XFF,0XFF,0XFF,0XFF,0XFF,0XFF,0XFF,
0XFF,0XFF,0XFF,0XFF,0XFF,0XFF,0XFF,0XFF,0XFF,0XFF,0XFF,0XFF,0XFF,0XFF,0XFF,0XFF,
0XFF,0XFF,0XFF,0XFF,0X5D,0XEF,0X09,0X32,0X4C,0X32,0X10,0X4B,0X8F,0X32,0X4F,0X2A,
0X2E,0X2A,0XCC,0X19,0X89,0X19,0X89,0X21,0X47,0X19,0X05,0X19,0X04,0X11,0X04,0X11,
0XC4,0X10,0XC4,0X10,0X04,0X11,0X04,0X11,0X04,0X11,0XE4,0X10,0X42,0X00,0X31,0X84,
0XFF,0XFF,0XFF,0XFF,0XFF,0XFF,0XFF,0XFF,0XFF,0XFF,0XFF,0XFF,0XFF,0XFF,0XFF,0XFF,
0XFF,0XFF,0XFF,0XFF,0XFF,0XFF,0XFF,0XFF,0XFF,0XFF,0XFF,0XFF,0XFF,0XFF,0XFF,0XFF,
0XFF,0XFF,0XFF,0XFF,0XEC,0X52,0X47,0X19,0X4C,0X32,0X0B,0X2A,0XEC,0X21,0XEC,0X21,
0X0C,0X22,0X91,0X5B,0XEE,0X4A,0X06,0X11,0X26,0X19,0X04,0X19,0XE4,0X10,0XE4,0X10,
0XA7,0X29,0X66,0X21,0XA3,0X08,0X05,0X19,0X04,0X11,0X04,0X11,0XE4,0X10,0X82,0X00,
0XF7,0XBD,0XFF,0XFF,0XFF,0XFF,0XFF,0XFF,0XFF,0XFF,0XFF,0XFF,0XFF,0XFF,0XFF,0XFF,
0XFF,0XFF,0XFF,0XFF,0XFF,0XFF,0XFF,0XFF,0XFF,0XFF,0XFF,0XFF,0XFF,0XFF,0XFF,0XFF,
0XFF,0XFF,0X35,0XA5,0X83,0X08,0X88,0X21,0X88,0X21,0X89,0X21,0XAA,0X21,0X8A,0X21,
0X6B,0X42,0X71,0X8C,0XFF,0XFF,0X72,0X8C,0X83,0X08,0X04,0X11,0XC4,0X08,0X29,0X42,
0XFB,0XDE,0X5D,0XEF,0XEC,0X5A,0X83,0X08,0X04,0X11,0X04,0X11,0X04,0X11,0X83,0X08,
0XE8,0X31,0XDF,0XFF,0XFF,0XFF,0XFF,0XFF,0XFF,0XFF,0XFF,0XFF,0XFF,0XFF,0XFF,0XFF,
0XFF,0XFF,0XFF,0XFF,0XFF,0XFF,0XFF,0XFF,0XFF,0XFF,0XFF,0XFF,0XFF,0XFF,0XFF,0XFF,
0XBE,0XF7,0XC7,0X31,0XC4,0X10,0X25,0X19,0X26,0X19,0X47,0X19,0X47,0X19,0XA8,0X29,
0X8A,0X52,0X28,0X4A,0X55,0XAD,0XFF,0XFF,0XE8,0X31,0XA3,0X08,0X05,0X19,0X4D,0X6B,
0X4D,0X6B,0XFF,0XFF,0X7D,0XEF,0X45,0X21,0XC4,0X10,0X04,0X11,0X04,0X11,0X04,0X11,
0X62,0X00,0X76,0XAD,0XFF,0XFF,0XFF,0XFF,0XFF,0XFF,0XFF,0XFF,0XFF,0XFF,0XFF,0XFF,
0XFF,0XFF,0XFF,0XFF,0XFF,0XFF,0XFF,0XFF,0XFF,0XFF,0XFF,0XFF,0XFF,0XFF,0XFF,0XFF,
0X96,0XB5,0X62,0X00,0X04,0X11,0X04,0X19,0X05,0X11,0X05,0X19,0XC4,0X08,0X8B,0X4A,
0XB6,0XB5,0X5D,0XEF,0XF7,0XBD,0XFF,0XFF,0X8E,0X6B,0X62,0X00,0X29,0X42,0XAA,0X5A,
0X08,0X42,0XFF,0XFF,0XFF,0XFF,0XCC,0X52,0X83,0X08,0X04,0X11,0X04,0X11,0X04,0X11,
0XA3,0X08,0XAD,0X52,0XFF,0XFF,0XFF,0XFF,0XFF,0XFF,0XFF,0XFF,0XFF,0XFF,0XFF,0XFF,
0XFF,0XFF,0XFF,0XFF,0XFF,0XFF,0X1C,0XE7,0XFF,0XFF,0XFF,0XFF,0XFF,0XFF,0XFF,0XFF,
0X4E,0X63,0X62,0X00,0X04,0X11,0X04,0X11,0X04,0X11,0XE4,0X10,0X62,0X00,0X8E,0X63,
0XFF,0XFF,0XFF,0XFF,0XFF,0XFF,0XFF,0XFF,0XCF,0X73,0X01,0X00,0XF3,0X9C,0X2C,0X63,
0X96,0XB5,0XFF,0XFF,0XFF,0XFF,0X2D,0X5B,0X83,0X00,0X04,0X11,0X04,0X11,0X04,0X11,
0XE4,0X10,0X67,0X21,0X3D,0XEF,0XFF,0XFF,0XFF,0XFF,0XFF,0XFF,0XFF,0XFF,0XFF,0XFF,
0XF8,0XBD,0XB7,0XB5,0X9E,0XEF,0XCB,0X52,0XB3,0X94,0XFF,0XFF,0XFF,0XFF,0XDF,0XFF,
0XE8,0X31,0XA3,0X08,0X04,0X11,0X04,0X11,0X04,0X11,0X04,0X11,0XA3,0X08,0X49,0X42,
0XFF,0XF7,0XFF,0XF7,0XFF,0XFF,0XFF,0XFF,0X6A,0X4A,0X01,0X00,0X72,0X84,0XFF,0XFF,
0XFF,0XFF,0XFF,0XF7,0XDF,0XEF,0X09,0X3A,0XA3,0X08,0X04,0X11,0X04,0X11,0X04,0X11,
0X04,0X11,0X05,0X11,0X18,0XBE,0XFF,0XFF,0XFF,0XFF,0XFF,0XFF,0XFF,0XFF,0XFF,0XFF,
0XF0,0X7B,0X62,0X00,0XE8,0X31,0XC7,0X31,0X41,0X00,0X35,0XA5,0XFF,0XFF,0X5D,0XEF,
0X46,0X21,0XC4,0X10,0X04,0X11,0X04,0X11,0X04,0X11,0X04,0X11,0XE4,0X10,0XA3,0X08,
0X76,0X9D,0XFF,0XF7,0XFF,0XFF,0XB7,0XAD,0XA3,0X08,0XA3,0X08,0XC7,0X31,0X9E,0XE7,
0XFF,0XF7,0XFF,0XF7,0X76,0XA5,0XA3,0X08,0XE4,0X10,0X04,0X11,0X04,0X11,0X04,0X11,
0X05,0X11,0X05,0X11,0X35,0XA5,0XFF,0XFF,0XFF,0XFF,0XFF,0XFF,0XFF,0XFF,0XFF,0XFF,
0XDB,0XDE,0XA7,0X29,0X83,0X00,0XC4,0X10,0XC4,0X10,0XC4,0X10,0X1C,0XE7,0X9E,0XEF,
0X05,0X11,0XE4,0X10,0X04,0X11,0X04,0X11,0X04,0X11,0X04,0X11,0X04,0X19,0XC4,0X08,
0XE5,0X10,0XD1,0X6B,0XD1,0X6B,0XC5,0X08,0X64,0X00,0XA5,0X08,0X43,0X00,0X2B,0X32,
0X77,0X9D,0XB3,0X84,0X25,0X19,0XC4,0X10,0X04,0X11,0X04,0X11,0X04,0X11,0X04,0X11,
0X25,0X19,0X26,0X09,0X35,0X9D,0XFF,0XFF,0XFF,0XFF,0XFF,0XFF,0XFF,0XFF,0XFF,0XFF,
0XFF,0XFF,0XAF,0X73,0X62,0X00,0X04,0X19,0X05,0X19,0X82,0X00,0X0D,0X5B,0X8E,0X9B,
0X62,0X10,0X05,0X11,0X04,0X11,0X04,0X11,0X04,0X19,0XE4,0X10,0X85,0X00,0X05,0X11,
0XC4,0X39,0X81,0X5A,0X40,0X7B,0X22,0X9C,0X43,0XAC,0X03,0XA4,0X83,0X9B,0X82,0X72,
0X82,0X49,0XC2,0X18,0XA4,0X00,0XC5,0X00,0XE4,0X10,0X04,0X19,0X04,0X11,0X05,0X19,
0X47,0X19,0X67,0X11,0XEC,0X5A,0XBE,0XFF,0XFF,0XFF,0XFF,0XFF,0XFF,0XFF,0XFF,0XFF,
0XDF,0XFF,0XDB,0XDE,0XC4,0X10,0XE4,0X10,0X04,0X11,0X05,0X11,0XA4,0X18,0X01,0XC0,
0X83,0X88,0XE4,0X00,0X05,0X19,0X04,0X19,0XC5,0X08,0X44,0X21,0X43,0X83,0X23,0XD5,
0X42,0XFE,0XE4,0XFE,0X27,0XFF,0X07,0XFF,0XA4,0XFE,0X64,0XFE,0X03,0XFE,0XA3,0XFD,
0XE2,0XFC,0X42,0XEC,0X83,0XB3,0X24,0X62,0XE5,0X10,0XC4,0X08,0X04,0X19,0X26,0X19,
0XA8,0X19,0X87,0X21,0X00,0X90,0XD3,0XBC,0XFF,0XFF,0XFF,0XFF,0XFF,0XFF,0XFF,0XFF,
0XDF,0XFF,0XFF,0XFF,0X10,0X7C,0X42,0X00,0X05,0X19,0X05,0X11,0X83,0X28,0X01,0XD0,
0X44,0XF8,0XA3,0X48,0XE4,0X00,0XC5,0X08,0X44,0X5A,0X02,0XED,0XE2,0XFD,0X02,0XFE,
0X66,0XFE,0X74,0XFF,0XB8,0XFF,0X73,0XFF,0XE7,0XF6,0XA6,0XF6,0X45,0XF6,0XA4,0XF5,
0XC3,0XFC,0X62,0XFC,0XC2,0XFC,0XC2,0XFC,0XE3,0XCB,0XC4,0X49,0X06,0X11,0X88,0X19,
0X87,0X01,0XA4,0X90,0X01,0XF8,0XEC,0X9A,0XFF,0XFF,0XFF,0XFF,0XFF,0XFF,0XFF,0XFF,
0XFF,0XFF,0XFF,0XFF,0XBE,0XF7,0XE8,0X31,0X83,0X00,0X05,0X09,0X82,0X40,0X01,0XC0,
0X23,0XF8,0X85,0XF0,0XA3,0X48,0XA4,0X00,0X44,0X5A,0X02,0XFD,0X23,0XCC,0XC2,0XDC,
0X04,0XFE,0X28,0XFE,0X48,0XF6,0X46,0XF6,0X24,0XF6,0XE4,0XF5,0X64,0XFD,0XE3,0XFC,
0X62,0XFC,0XC2,0XFC,0X02,0XE4,0X02,0XDC,0XE2,0XFC,0XA4,0X7A,0X48,0X01,0X67,0X01,
0XC4,0X78,0X24,0XF8,0X02,0XF8,0X84,0XB0,0X7D,0XE7,0XFF,0XFF,0XFF,0XFF,0XFF,0XFF,
0XFF,0XFF,0XFF,0XFF,0XFF,0XFF,0XDB,0XDE,0X25,0X19,0XA3,0X00,0XC4,0X38,0X02,0XE0,
0X22,0XD8,0X44,0XF8,0XA6,0XF8,0XA4,0X78,0X63,0X00,0X43,0X21,0X83,0X72,0X83,0X39,
0X82,0X9B,0X21,0XF5,0X61,0XFD,0X22,0XFD,0XE2,0XFC,0XA2,0XFC,0X42,0XFC,0X42,0XFC,
0X42,0XFC,0X22,0XAB,0X83,0X41,0XC3,0X92,0X04,0X52,0X26,0X01,0X25,0X19,0XA4,0X98,
0X44,0XF8,0X23,0XF8,0X02,0XF8,0XA4,0XD0,0X9E,0XEF,0XFF,0XFF,0XFF,0XFF,0XFF,0XFF,
0XFF,0XFF,0XFF,0XFF,0XFF,0XFF,0XFF,0XFF,0X9A,0XD6,0X87,0X29,0XA5,0X00,0X43,0XB8,
0X22,0XF8,0X23,0XE0,0X65,0XF8,0XE8,0XF8,0X07,0XC9,0X83,0X48,0X42,0X00,0XA3,0X00,
0X84,0X00,0X63,0X29,0XA2,0X7A,0X62,0XB3,0XA2,0XCB,0X62,0XD3,0X02,0XBB,0X82,0X8A,
0X83,0X39,0XA4,0X00,0XE5,0X00,0XE5,0X00,0XE5,0X08,0XC4,0X60,0X64,0XD8,0X44,0XF8,
0X24,0XF8,0X23,0XF8,0X02,0XF8,0X83,0X88,0XDB,0XC6,0XFF,0XFF,0XFF,0XFF,0XFF,0XFF,
0XFF,0XFF,0XFF,0XFF,0XFF,0XFF,0XFF,0XFF,0XFF,0XFF,0X3D,0XE7,0X50,0X5B,0X08,0X31,
0X23,0XE8,0X43,0XF8,0X44,0XF0,0X65,0XF8,0X09,0XF9,0XAB,0XF9,0X89,0XD1,0X06,0X89,
0XA3,0X48,0X42,0X18,0X02,0X00,0X42,0X00,0X61,0X00,0X82,0X00,0X62,0X00,0X62,0X00,
0X83,0X00,0XA3,0X20,0XC4,0X50,0XA5,0X88,0X85,0XD8,0X65,0XF8,0X44,0XF8,0X44,0XF8,
0X23,0XF8,0X23,0XF8,0X03,0XD0,0X82,0X10,0XC7,0X29,0X5D,0XEF,0XFF,0XFF,0XFF,0XFF,
0XFF,0XFF,0XFF,0XFF,0XFF,0XFF,0XFF,0XFF,0XFF,0XFF,0XFF,0XFF,0XFF,0XFF,0X6C,0X32,
0XA5,0X38,0X02,0XD8,0X23,0XF8,0X65,0XF8,0X66,0XF8,0XA7,0XF8,0X4A,0XF9,0X0C,0XFA,
0X4D,0XFA,0X4C,0XEA,0X0B,0XD2,0XA9,0XB9,0X68,0XB1,0X47,0XA9,0X27,0XB1,0X07,0XB9,
0X07,0XD1,0XE7,0XE8,0XC7,0XF8,0XA7,0XF8,0X65,0XF8,0X65,0XF8,0X44,0XF8,0X23,0XF8,
0X03,0XF8,0X02,0XD0,0XA3,0X28,0X05,0X09,0XC4,0X08,0XEC,0X5A,0XFF,0XFF,0XFF,0XFF,
0XFF,0XFF,0XFF,0XFF,0XFF,0XFF,0XFF,0XFF,0XFF,0XFF,0XFF,0XFF,0XFB,0XDE,0X05,0X19,
0XC4,0X00,0XA7,0X41,0XE6,0XC0,0X03,0XF8,0X86,0XF8,0XA7,0XF8,0X87,0XF8,0X86,0XF8,
0XC7,0XF8,0X29,0XF9,0X8A,0XF9,0XAB,0XF9,0XAB,0XF9,0X8B,0XF9,0X6A,0XF9,0X29,0XF9,
0X08,0XF9,0XC7,0XF8,0XA6,0XF8,0X86,0XF8,0X65,0XF8,0X64,0XF8,0X23,0XF8,0X02,0XF0,
0X06,0XB1,0X25,0X29,0XE4,0X00,0XE4,0X10,0X25,0X19,0X25,0X19,0X14,0X9D,0XFF,0XFF,
0XFF,0XFF,0XFF,0XFF,0XFF,0XFF,0XFF,0XFF,0XFF,0XFF,0XFF,0XFF,0X96,0XAD,0X62,0X00,
0X82,0X08,0X35,0X95,0XBA,0XCE,0X8B,0XA2,0X44,0XD0,0X25,0XF8,0X87,0XF8,0XA7,0XF8,
0XC7,0XF8,0XA7,0XF8,0X87,0XF8,0X86,0XF8,0X86,0XF8,0X86,0XF8,0X87,0XF8,0XA7,0XF8,
0XA7,0XF8,0XA6,0XF8,0X85,0XF8,0X65,0XF8,0X64,0XF8,0X24,0XF0,0X64,0XB8,0X0D,0X93,
0XBB,0XB6,0XCF,0X63,0X83,0X08,0X04,0X11,0XE4,0X10,0X66,0X21,0X49,0X3A,0X5D,0XEF,
0XFF,0XFF,0XFF,0XFF,0XFF,0XFF,0XFF,0XFF,0XFF,0XFF,0XFF,0XFF,0XD3,0X94,0X42,0X00,
0XE4,0X10,0XBB,0XCE,0XFF,0XFF,0XBE,0XE7,0X76,0XB5,0XCC,0XAA,0X07,0XC1,0X45,0XE0,
0X45,0XF8,0X46,0XF8,0X66,0XF8,0X86,0XF8,0X86,0XF8,0X86,0XF8,0X86,0XF8,0X65,0XF8,
0X45,0XF8,0X65,0XF8,0X65,0XE8,0X44,0XD0,0X43,0XA8,0X01,0X88,0X82,0X90,0X3C,0XD7,
0XFF,0XEF,0X55,0X95,0X83,0X08,0X04,0X11,0X04,0X11,0X05,0X19,0X46,0X19,0XB3,0X94,
0XFF,0XFF,0XFF,0XFF,0XFF,0XFF,0XFF,0XFF,0XFF,0XFF,0XFF,0XFF,0XB3,0X94,0X41,0X00,
0X86,0X21,0X5D,0XDF,0XFF,0XFF,0XFF,0XFF,0XFF,0XFF,0XDF,0XE7,0X7A,0XC6,0XD3,0XB4,
0X4E,0XB3,0X2A,0XC2,0X68,0XD1,0XE6,0XE0,0XA6,0XE8,0XA5,0XE8,0XA5,0XE8,0XE6,0XD8,
0X88,0XC9,0X06,0XA9,0X22,0XA8,0X02,0XA8,0X00,0XA0,0X00,0XC8,0X00,0XD8,0XF7,0XE5,
0XFF,0XE7,0XF8,0XAD,0XC4,0X10,0XE4,0X10,0X04,0X11,0XE4,0X10,0X05,0X11,0X8B,0X4A,
0XFF,0XFF,0XFF,0XFF,0XFF,0XFF,0XFF,0XFF,0XFF,0XFF,0XFF,0XFF,0X55,0XA5,0X41,0X00,
0XA7,0X29,0X5D,0XDF,0XFF,0XF7,0XFF,0XFF,0XFF,0XFF,0XFF,0XFF,0XFF,0XFF,0XFF,0XFF,
0XFF,0XEF,0X7D,0XDF,0XDB,0XCE,0X59,0XCE,0XF8,0XCD,0XD7,0XCD,0XF7,0XC5,0X79,0XCE,
0XFB,0XBE,0XAB,0XA2,0X03,0XF0,0X45,0XF8,0X42,0XD0,0X43,0XE8,0X00,0XF0,0X72,0XD4,
0XFF,0XDF,0X39,0XAE,0XE4,0X10,0XE4,0X10,0X04,0X11,0XE4,0X10,0X05,0X11,0X87,0X29,
0XFF,0XFF,0XFF,0XFF,0XFF,0XFF,0XFF,0XFF,0XFF,0XFF,0XFF,0XFF,0X59,0XCE,0X83,0X08,
0X46,0X21,0X1C,0XD7,0XFF,0XF7,0XFF,0XFF,0XFF,0XFF,0XFF,0XFF,0XFF,0XFF,0XFF,0XFF,
0XFF,0XFF,0XFF,0XFF,0XFF,0XFF,0XFF,0XFF,0XFF,0XFF,0XFF,0XFF,0XFF,0XFF,0XFF,0XFF,
0XFF,0XEF,0X8B,0XBA,0X04,0XF8,0X45,0XF8,0X62,0XE0,0X44,0XF0,0X00,0XF8,0X8E,0XDB,
0XFF,0XDF,0XF8,0XA5,0XC4,0X10,0XE4,0X10,0XE4,0X10,0X04,0X11,0XE4,0X10,0X25,0X19,
0XFF,0XFF,0XFF,0XFF,0XFF,0XFF,0XFF,0XFF,0XFF,0XFF,0XFF,0XFF,0XBE,0XF7,0X87,0X29,
0X83,0X08,0X39,0XB6,0XFF,0XF7,0XDF,0XF7,0XFF,0XFF,0XFF,0XFF,0XFF,0XFF,0XFF,0XFF,
0XFF,0XFF,0XFF,0XFF,0XFF,0XFF,0XFF,0XFF,0XFF,0XFF,0XFF,0XFF,0XFF,0XFF,0XFF,0XFF,
0XBE,0XE7,0X4A,0XBA,0X03,0XF8,0X45,0XF8,0X64,0XF8,0X44,0XF8,0X00,0XF8,0X6E,0XE3,
0XFF,0XD7,0XF4,0X8C,0X83,0X08,0X04,0X11,0XE4,0X10,0XE4,0X10,0XE4,0X10,0X05,0X19,
0XFF,0XFF,0XFF,0XFF,0XFF,0XFF,0XFF,0XFF,0XFF,0XFF,0XFF,0XFF,0XFF,0XFF,0XEF,0X73,
0X00,0X00,0X72,0X84,0XFF,0XEF,0XBE,0XEF,0XDF,0XFF,0XFF,0XFF,0XFF,0XFF,0XFF,0XFF,
0XFF,0XFF,0XFF,0XFF,0XFF,0XFF,0XFF,0XFF,0XFF,0XFF,0XFF,0XFF,0XFF,0XFF,0XFF,0XFF,
0XDF,0XE7,0X8B,0XBA,0X03,0XF8,0X45,0XF8,0X45,0XF8,0X23,0XF8,0X00,0XF8,0XD3,0XD4,
0XFF,0XD7,0X4E,0X5B,0X21,0X00,0X29,0X3A,0X55,0XA5,0X83,0X08,0XC4,0X10,0X25,0X19,
0XFF,0XFF,0XFF,0XFF,0XFF,0XFF,0XFF,0XFF,0XFF,0XFF,0XFF,0XFF,0XFF,0XFF,0XFB,0XDE,
0XA3,0X08,0XE8,0X31,0X9E,0XDF,0X9E,0XE7,0XBF,0XEF,0XFF,0XFF,0XFF,0XFF,0XFF,0XFF,
0XFF,0XFF,0XFF,0XFF,0XFF,0XFF,0XFF,0XFF,0XFF,0XFF,0XFF,0XFF,0XFF,0XFF,0XFF,0XFF,
0XFF,0XF7,0X51,0XBC,0X02,0XE0,0X03,0XF8,0X03,0XF0,0X43,0XE0,0XEC,0XC2,0X7E,0XCF,
0XFC,0XBE,0X46,0X21,0X21,0X00,0XD3,0X94,0XFF,0XFF,0X51,0X84,0X00,0X00,0X87,0X29,
0XFF,0XFF,0XFF,0XFF,0XFF,0XFF,0XFF,0XFF,0XFF,0XFF,0XFF,0XFF,0XFF,0XFF,0XFF,0XFF,
0X51,0X84,0X00,0X00,0XF4,0X8C,0XFF,0XEF,0X9E,0XE7,0XBF,0XEF,0XDF,0XFF,0XFF,0XFF,
0XFF,0XFF,0XFF,0XFF,0XFF,0XFF,0XFF,0XFF,0XFF,0XFF,0XFF,0XFF,0XFF,0XFF,0XFF,0XFF,
0XFF,0XFF,0X3D,0XDF,0X55,0XBD,0X52,0XBC,0X72,0XBC,0XB7,0XB5,0X5D,0XC7,0XFF,0XDF,
0XF0,0X6B,0X00,0X00,0X09,0X3A,0XBF,0XF7,0XFF,0XFF,0XFF,0XFF,0X14,0X9D,0X55,0XA5,
0XFF,0XFF,0XFF,0XFF,0XFF,0XFF,0XFF,0XFF,0XFF,0XFF,0XFF,0XFF,0XFF,0XFF,0XFF,0XFF,
0XFF,0XFF,0XAC,0X4A,0XA4,0X08,0XBB,0XBE,0XDF,0XE7,0X7E,0XE7,0XBE,0XEF,0XDF,0XF7,
0XDF,0XFF,0XFF,0XFF,0XFF,0XFF,0XFF,0XFF,0XFF,0XFF,0XFF,0XFF,0XFF,0XFF,0XFF,0XFF,
0XDF,0XFF,0XDF,0XF7,0XFF,0XEF,0XDF,0XDF,0XBF,0XD7,0X9E,0XD7,0XDF,0XDF,0XD8,0XA5,
0X83,0X08,0X26,0X11,0XDB,0XD6,0XFF,0XFF,0XFF,0XFF,0XFF,0XFF,0XFF,0XFF,0XFF,0XFF,
0XFF,0XFF,0XFF,0XFF,0XFF,0XFF,0XFF,0XFF,0XFF,0XFF,0XFF,0XFF,0XFF,0XFF,0XFF,0XFF,
0X79,0XEE,0X8B,0XDC,0X21,0X31,0XA9,0X21,0X3D,0XCF,0XBF,0XDF,0X7E,0XDF,0X9E,0XE7,
0XBE,0XEF,0XBF,0XEF,0XDF,0XF7,0XDF,0XF7,0XDF,0XF7,0XDF,0XF7,0XDF,0XF7,0XBF,0XEF,
0XBE,0XEF,0X9E,0XE7,0X7E,0XDF,0X5E,0XD7,0X5E,0XD7,0XDF,0XDF,0X9A,0XB6,0X26,0X19,
0X42,0X08,0XED,0XA3,0XBF,0XFF,0XFF,0XFF,0XFF,0XFF,0XFF,0XFF,0XFF,0XFF,0XFF,0XFF,
0XFF,0XFF,0XFF,0XFF,0XFF,0XFF,0XFF,0XFF,0XFF,0XFF,0XFF,0XFF,0XFF,0XFF,0X74,0XDD,
0XC0,0XDB,0X00,0XFE,0X42,0XEE,0X02,0X42,0X89,0X21,0X7B,0XB6,0XDF,0XDF,0X7E,0XD7,
0X7E,0XDF,0X7E,0XDF,0X9E,0XE7,0X9E,0XE7,0X9E,0XE7,0X9E,0XE7,0X9E,0XE7,0X7E,0XDF,
0X7E,0XDF,0X5D,0XD7,0X5D,0XD7,0X9E,0XDF,0XFF,0XE7,0XF8,0XA5,0X07,0X11,0XE3,0X18,
0X02,0XC5,0X60,0XFD,0XE6,0XD3,0XDB,0XEE,0XFF,0XFF,0XFF,0XFF,0XFF,0XFF,0XFF,0XFF,
0XFF,0XFF,0XFF,0XFF,0XFF,0XFF,0XFF,0XFF,0XFF,0XFF,0XFF,0XFF,0X9E,0XF7,0X84,0XBA,
0XC1,0XFC,0X42,0XFE,0X82,0XFE,0XA2,0XFE,0X81,0X83,0X45,0X21,0X74,0X74,0X5E,0XC7,
0XDF,0XDF,0X7E,0XD7,0X5E,0XD7,0X5D,0XD7,0X5E,0XD7,0X5E,0XD7,0X5D,0XD7,0X5D,0XD7,
0X5E,0XD7,0X9E,0XDF,0XFF,0XE7,0X3D,0XC7,0XF1,0X63,0X84,0X08,0X42,0X52,0X26,0XE6,
0X29,0XFF,0X86,0XFE,0XE0,0XF3,0X6A,0XC3,0XFF,0XFF,0XFF,0XFF,0XFF,0XFF,0XFF,0XFF,
0XFF,0XFF,0XFF,0XFF,0XFF,0XFF,0XFF,0XFF,0XFF,0XFF,0XFF,0XFF,0X18,0XDE,0XC1,0XD2,
0XA2,0XFD,0X22,0XFE,0X42,0XFE,0X42,0XFE,0X62,0XFE,0XE2,0XD4,0X41,0X6A,0X49,0X42,
0X53,0X74,0X3B,0XA6,0X3E,0XC7,0XBF,0XD7,0XBF,0XD7,0XBF,0XD7,0XBF,0XDF,0XBF,0XD7,
0X3E,0XC7,0X1A,0XA6,0XF2,0X63,0XA7,0X29,0X82,0X41,0X22,0XB4,0X62,0XFE,0X83,0XFE,
0XAA,0XFE,0X0F,0XFF,0X67,0XFD,0X63,0XBA,0X3C,0XEF,0XFF,0XFF,0XFF,0XFF,0XFF,0XFF,
0XFF,0XFF,0XFF,0XFF,0XFF,0XFF,0XFF,0XFF,0XFF,0XFF,0XFF,0XFF,0X9A,0XE6,0X80,0XD2,
0X21,0XFD,0XC2,0XFD,0XE2,0XF5,0XC2,0XF5,0X82,0XF5,0X82,0XFD,0X62,0XFD,0X61,0XDC,
0X21,0X9B,0X84,0X6A,0XE9,0X6A,0X2C,0X63,0XAF,0X63,0X11,0X74,0X6E,0X63,0X2C,0X63,
0X89,0X5A,0X04,0X52,0X81,0X7A,0XC2,0XCB,0XE2,0XFC,0X62,0XFD,0X82,0XFD,0XC2,0XFD,
0XC2,0XFD,0XE4,0XFD,0X24,0XFD,0X62,0XCA,0X1C,0XE7,0XFF,0XFF,0XFF,0XFF,0XFF,0XFF,
0XFF,0XFF,0XFF,0XFF,0XFF,0XFF,0XFF,0XFF,0XFF,0XFF,0XFF,0XFF,0XFF,0XFF,0XB1,0XCC,
0X81,0XD2,0XC0,0XF3,0XC1,0XFC,0X02,0XFD,0X02,0XFD,0XE2,0XFC,0XC2,0XFC,0XC2,0XFC,
0X81,0XFC,0X80,0XFB,0XC0,0XC9,0XA4,0X81,0X35,0XAD,0X59,0XCE,0X71,0X9C,0X21,0X81,
0X00,0XDA,0XA1,0XFB,0X82,0XFC,0XA2,0XFC,0X82,0XFC,0XA2,0XFC,0X02,0XFD,0X22,0XFD,
0XE2,0XFC,0X00,0XFC,0X60,0XDA,0X90,0XCC,0XFF,0XFF,0XFF,0XFF,0XFF,0XFF,0XFF,0XFF,
0XFF,0XFF,0XFF,0XFF,0XFF,0XFF,0XFF,0XFF,0XFF,0XFF,0XFF,0XFF,0XFF,0XFF,0XFF,0XFF,
0X59,0XDE,0X0D,0XC4,0X06,0XCB,0XE4,0XD2,0X03,0XDB,0X03,0XDB,0XE3,0XDA,0XC3,0XD2,
0XA4,0XC2,0X09,0XB3,0XD2,0XBC,0X9E,0XF7,0XFF,0XFF,0XFF,0XFF,0XFF,0XFF,0XFB,0XE6,
0X0E,0XB4,0XA6,0XBA,0X83,0XD2,0XE3,0XE2,0X02,0XEB,0X22,0XEB,0X22,0XE3,0X03,0XDB,
0XE4,0XD2,0X6A,0XC3,0XB6,0XD5,0XFF,0XFF,0XFF,0XFF,0XFF,0XFF,0XFF,0XFF,0XFF,0XFF,
};

const unsigned char dslogo[5760] = {
0xff, 0xff, 0xff, 0xff, 0xff, 0xff, 0xff, 0xff, 0xff, 0xff, 0xff, 0xff, 0xff, 0xff, 0xff, 0xff, 0xff, 0xff, 0xff, 0xff, 0xff, 0xff, 0xff, 0xff, 0xff, 0xff, 0xff, 0xff, 0xff, 0xff, 0xff, 0xff, 0xff, 0xff, 0xff, 0xff, 0xff, 0xff, 0xff, 0xff, 0xff, 0xff, 0xff, 0xff, 0xff, 0xff, 0xfc, 0xfe, 0x56, 0xf5, 0xf1, 0xf3, 0xcc, 0xea, 0x09, 0xea, 0x87, 0xe9, 0x47, 0xe9, 0xc8, 0xe9, 0x67, 0xe9, 0xe8, 0xe1, 0x4a, 0xea, 0x4e, 0xeb, 0xb3, 0xf4, 0x39, 0xfe, 0xdf, 0xff, 0xff, 0xff, 0xff, 0xff, 0xff, 0xff, 0xff, 0xff, 0xff, 0xff, 0xff, 0xff, 0xff, 0xff, 0xff, 0xff, 0xff, 0xff, 0xff, 0xff, 0xff, 0xff, 0xff, 0xff, 0xff, 0xff, 0xff, 0xff, 0xff, 0xff, 0xff, 0xff, 0xff, 0xff, 0xff, 0xff, 0xff, 0xff, 0xff, 0xff, 0xff, 0xff, 0xff, 0xff, 
  0xff, 0xff, 0xff, 0xff, 0xff, 0xff, 0xff, 0xff, 0xff, 0xff, 0xff, 0xff, 0xff, 0xff, 0xff, 0xff, 0xff, 0xff, 0xff, 0xff, 0xff, 0xff, 0xff, 0xff, 0xff, 0xff, 0xff, 0xff, 0xff, 0xff, 0xff, 0xff, 0xff, 0xff, 0xff, 0xff, 0xff, 0xff, 0xff, 0xff, 0x39, 0xfe, 0x8f, 0xeb, 0x26, 0xe9, 0x63, 0xe0, 0x43, 0xe0, 0x63, 0xe0, 0x63, 0xe0, 0x63, 0xe0, 0xe5, 0xe0, 0x7a, 0xfe, 0xff, 0xff, 0xdb, 0xfe, 0x26, 0xe1, 0x63, 0xe0, 0x63, 0xe0, 0x63, 0xe0, 0x63, 0xe0, 0xa4, 0xe0, 0x6b, 0xea, 0xf4, 0xf4, 0x9e, 0xff, 0xff, 0xff, 0xff, 0xff, 0xff, 0xff, 0xff, 0xff, 0xff, 0xff, 0xff, 0xff, 0xff, 0xff, 0xff, 0xff, 0xff, 0xff, 0xff, 0xff, 0xff, 0xff, 0xff, 0xff, 0xff, 0xff, 0xff, 0xff, 0xff, 0xff, 0xff, 0xff, 0xff, 0xff, 0xff, 0xff, 0xff, 0xff, 
  0xff, 0xff, 0xff, 0xff, 0xff, 0xff, 0xff, 0xff, 0xff, 0xff, 0xff, 0xff, 0xff, 0xff, 0xff, 0xff, 0xff, 0xff, 0xff, 0xff, 0xff, 0xff, 0xff, 0xff, 0xff, 0xff, 0xff, 0xff, 0xff, 0xff, 0xff, 0xff, 0xff, 0xff, 0xff, 0xff, 0xf4, 0xf4, 0x87, 0xe9, 0x63, 0xe0, 0x63, 0xe0, 0x63, 0xe0, 0x63, 0xe0, 0x63, 0xe0, 0x63, 0xe0, 0x63, 0xe0, 0x63, 0xe0, 0xd4, 0xf4, 0xff, 0xff, 0xff, 0xff, 0xff, 0xff, 0x35, 0xf5, 0x63, 0xe0, 0x63, 0xe0, 0x63, 0xe0, 0x63, 0xe0, 0x63, 0xe0, 0x63, 0xe0, 0x43, 0xe0, 0xa4, 0xe0, 0x8f, 0xf3, 0x1c, 0xff, 0xff, 0xff, 0xff, 0xff, 0xff, 0xff, 0xff, 0xff, 0xff, 0xff, 0xff, 0xff, 0xff, 0xff, 0xff, 0xff, 0xff, 0xff, 0xff, 0xff, 0xff, 0xff, 0xff, 0xff, 0xff, 0xff, 0xff, 0xff, 0xff, 0xff, 0xff, 0xff, 0xff, 0xff, 
  0xff, 0xff, 0xff, 0xff, 0xff, 0xff, 0xff, 0xff, 0xff, 0xff, 0xff, 0xff, 0xff, 0xff, 0xff, 0xff, 0xff, 0xff, 0xff, 0xff, 0xff, 0xff, 0xff, 0xff, 0xff, 0xff, 0xff, 0xff, 0xff, 0xff, 0xff, 0xff, 0xd8, 0xfd, 0x67, 0xe9, 0x63, 0xe0, 0x63, 0xe0, 0x63, 0xe0, 0x63, 0xe0, 0x63, 0xe0, 0x63, 0xe0, 0x63, 0xe0, 0x63, 0xe0, 0x63, 0xe0, 0x63, 0xe0, 0x7a, 0xfe, 0xff, 0xff, 0xff, 0xff, 0xff, 0xff, 0xbb, 0xfe, 0x63, 0xe0, 0x63, 0xe0, 0x63, 0xe0, 0x63, 0xe0, 0x63, 0xe0, 0x63, 0xe0, 0xa8, 0xe9, 0x09, 0xea, 0x63, 0xe0, 0xa4, 0xe0, 0xf0, 0xf3, 0xbe, 0xff, 0xff, 0xff, 0xff, 0xff, 0xff, 0xff, 0xff, 0xff, 0xff, 0xff, 0xff, 0xff, 0xff, 0xff, 0xff, 0xff, 0xff, 0xff, 0xff, 0xff, 0xff, 0xff, 0xff, 0xff, 0xff, 0xff, 0xff, 0xff, 0xff, 0xff, 
  0xff, 0xff, 0xff, 0xff, 0xff, 0xff, 0xff, 0xff, 0xff, 0xff, 0xff, 0xff, 0xff, 0xff, 0xff, 0xff, 0xff, 0xff, 0xff, 0xff, 0xff, 0xff, 0xff, 0xff, 0xff, 0xff, 0xff, 0xff, 0xbe, 0xff, 0x2d, 0xeb, 0x63, 0xe0, 0x63, 0xe0, 0xc5, 0xe0, 0x97, 0xf5, 0xdf, 0xff, 0xb7, 0xfd, 0xc5, 0xe0, 0x63, 0xe0, 0x63, 0xe0, 0x63, 0xe0, 0x63, 0xe0, 0x63, 0xe0, 0x96, 0xf5, 0xff, 0xff, 0xff, 0xff, 0xff, 0xff, 0xf8, 0xfd, 0x63, 0xe0, 0x63, 0xe0, 0x63, 0xe0, 0x63, 0xe0, 0x63, 0xe0, 0x52, 0xf4, 0xff, 0xff, 0xff, 0xff, 0x76, 0xf5, 0x63, 0xe0, 0x63, 0xe0, 0x47, 0xe1, 0x5a, 0xfe, 0xff, 0xff, 0xff, 0xff, 0xff, 0xff, 0xff, 0xff, 0xff, 0xff, 0xff, 0xff, 0xff, 0xff, 0xff, 0xff, 0xff, 0xff, 0xff, 0xff, 0xff, 0xff, 0xff, 0xff, 0xff, 0xff, 0xff, 0xff, 
  0xff, 0xff, 0xff, 0xff, 0xff, 0xff, 0xff, 0xff, 0xff, 0xff, 0xff, 0xff, 0xff, 0xff, 0xff, 0xff, 0xff, 0xff, 0xff, 0xff, 0xff, 0xff, 0xff, 0xff, 0xff, 0xff, 0x3d, 0xff, 0xa8, 0xe9, 0x63, 0xe0, 0x63, 0xe0, 0x63, 0xe0, 0xb3, 0xf4, 0xff, 0xff, 0xff, 0xff, 0xff, 0xff, 0x93, 0xf4, 0x63, 0xe0, 0x63, 0xe0, 0x63, 0xe0, 0x63, 0xe0, 0x63, 0xe0, 0x09, 0xea, 0xbf, 0xff, 0xff, 0xff, 0xdf, 0xff, 0x4a, 0xea, 0x63, 0xe0, 0x63, 0xe0, 0x63, 0xe0, 0x63, 0xe0, 0x26, 0xe1, 0xff, 0xff, 0xff, 0xff, 0xff, 0xff, 0xff, 0xff, 0x2a, 0xea, 0x63, 0xe0, 0x63, 0xe0, 0x84, 0xe0, 0x56, 0xf5, 0xff, 0xff, 0xff, 0xff, 0xff, 0xff, 0xff, 0xff, 0xff, 0xff, 0xff, 0xff, 0xff, 0xff, 0xff, 0xff, 0xff, 0xff, 0xff, 0xff, 0xff, 0xff, 0xff, 0xff, 0xff, 0xff, 
  0xff, 0xff, 0xff, 0xff, 0xff, 0xff, 0xff, 0xff, 0xff, 0xff, 0xff, 0xff, 0xff, 0xff, 0xff, 0xff, 0xff, 0xff, 0xff, 0xff, 0xff, 0xff, 0xff, 0xff, 0x3d, 0xff, 0x67, 0xe1, 0x63, 0xe0, 0x63, 0xe0, 0x63, 0xe0, 0x63, 0xe0, 0xbb, 0xfe, 0xff, 0xff, 0xff, 0xff, 0xff, 0xff, 0x5a, 0xfe, 0x63, 0xe0, 0x63, 0xe0, 0x63, 0xe0, 0x63, 0xe0, 0x63, 0xe0, 0x63, 0xe0, 0x67, 0xe1, 0x4e, 0xf3, 0x87, 0xe1, 0x63, 0xe0, 0x63, 0xe0, 0x63, 0xe0, 0x63, 0xe0, 0x63, 0xe0, 0x4a, 0xea, 0xff, 0xff, 0xff, 0xff, 0xff, 0xff, 0xff, 0xff, 0x4e, 0xeb, 0x63, 0xe0, 0x63, 0xe0, 0x63, 0xe0, 0x63, 0xe0, 0x35, 0xf5, 0xff, 0xff, 0xff, 0xff, 0xff, 0xff, 0xff, 0xff, 0xff, 0xff, 0xff, 0xff, 0xff, 0xff, 0xff, 0xff, 0xff, 0xff, 0xff, 0xff, 0xff, 0xff, 0xff, 0xff, 
  0xff, 0xff, 0xff, 0xff, 0xff, 0xff, 0xff, 0xff, 0xff, 0xff, 0xff, 0xff, 0xff, 0xff, 0xff, 0xff, 0xff, 0xff, 0xff, 0xff, 0xff, 0xff, 0xdf, 0xff, 0xc9, 0xe9, 0x63, 0xe0, 0x63, 0xe0, 0x63, 0xe0, 0x63, 0xe0, 0x63, 0xe0, 0xf8, 0xfd, 0xff, 0xff, 0xff, 0xff, 0xff, 0xff, 0xb7, 0xf5, 0x63, 0xe0, 0x63, 0xe0, 0x63, 0xe0, 0x63, 0xe0, 0x63, 0xe0, 0x63, 0xe0, 0x06, 0xe1, 0xcc, 0xea, 0x09, 0xea, 0x63, 0xe0, 0x63, 0xe0, 0x63, 0xe0, 0x63, 0xe0, 0x63, 0xe0, 0x06, 0xe1, 0xff, 0xff, 0xff, 0xff, 0xff, 0xff, 0xff, 0xff, 0xc8, 0xe9, 0x63, 0xe0, 0x63, 0xe0, 0x63, 0xe0, 0x63, 0xe0, 0x84, 0xe0, 0x59, 0xfe, 0xff, 0xff, 0xff, 0xff, 0xff, 0xff, 0xff, 0xff, 0xff, 0xff, 0xff, 0xff, 0xff, 0xff, 0xff, 0xff, 0xff, 0xff, 0xff, 0xff, 0xff, 0xff, 
  0xff, 0xff, 0xff, 0xff, 0xff, 0xff, 0xff, 0xff, 0xff, 0xff, 0xff, 0xff, 0xff, 0xff, 0xff, 0xff, 0xff, 0xff, 0xff, 0xff, 0xff, 0xff, 0x11, 0xec, 0x63, 0xe0, 0x63, 0xe0, 0x63, 0xe0, 0x63, 0xe0, 0x63, 0xe0, 0x63, 0xe0, 0x8b, 0xea, 0xff, 0xff, 0xff, 0xff, 0xff, 0xff, 0x6b, 0xea, 0x63, 0xe0, 0x63, 0xe0, 0x63, 0xe0, 0x63, 0xe0, 0x63, 0xe0, 0xd0, 0xeb, 0xdf, 0xff, 0xff, 0xff, 0xff, 0xff, 0x39, 0xfe, 0x06, 0xe1, 0x63, 0xe0, 0x63, 0xe0, 0x63, 0xe0, 0x63, 0xe0, 0xf0, 0xeb, 0xff, 0xff, 0xff, 0xff, 0xb4, 0xf4, 0x63, 0xe0, 0x63, 0xe0, 0x63, 0xe0, 0x63, 0xe0, 0x63, 0xe0, 0x63, 0xe0, 0x67, 0xe9, 0xbf, 0xff, 0xff, 0xff, 0xff, 0xff, 0xff, 0xff, 0xff, 0xff, 0xff, 0xff, 0xff, 0xff, 0xff, 0xff, 0xff, 0xff, 0xff, 0xff, 0xff, 0xff, 
  0xff, 0xff, 0xff, 0xff, 0xff, 0xff, 0xff, 0xff, 0xff, 0xff, 0xff, 0xff, 0xff, 0xff, 0xff, 0xff, 0xff, 0xff, 0xff, 0xff, 0x1d, 0xff, 0x83, 0xe0, 0x63, 0xe0, 0x63, 0xe0, 0x63, 0xe0, 0x63, 0xe0, 0x63, 0xe0, 0x63, 0xe0, 0x63, 0xe0, 0x4a, 0xea, 0x11, 0xf4, 0x0a, 0xea, 0x63, 0xe0, 0x63, 0xe0, 0x63, 0xe0, 0x63, 0xe0, 0x63, 0xe0, 0x6f, 0xeb, 0xff, 0xff, 0xff, 0xff, 0xff, 0xff, 0xff, 0xff, 0xff, 0xff, 0x5a, 0xfe, 0x63, 0xe0, 0x63, 0xe0, 0x63, 0xe0, 0x63, 0xe0, 0x63, 0xe0, 0x47, 0xe1, 0x87, 0xe1, 0x63, 0xe0, 0x63, 0xe0, 0x63, 0xe0, 0x63, 0xe0, 0x63, 0xe0, 0x63, 0xe0, 0x63, 0xe0, 0x63, 0xe0, 0x52, 0xf4, 0xff, 0xff, 0xff, 0xff, 0xff, 0xff, 0xff, 0xff, 0xff, 0xff, 0xff, 0xff, 0xff, 0xff, 0xff, 0xff, 0xff, 0xff, 0xff, 0xff, 
  0xff, 0xff, 0xff, 0xff, 0xff, 0xff, 0xff, 0xff, 0xff, 0xff, 0xff, 0xff, 0xff, 0xff, 0xff, 0xff, 0xff, 0xff, 0xff, 0xff, 0x11, 0xf4, 0x63, 0xe0, 0x63, 0xe0, 0x63, 0xe0, 0x63, 0xe0, 0x63, 0xe0, 0x63, 0xe0, 0x63, 0xe0, 0xc8, 0xe9, 0x55, 0xf5, 0xbb, 0xfe, 0xd7, 0xfd, 0xac, 0xea, 0x63, 0xe0, 0x63, 0xe0, 0x63, 0xe0, 0x47, 0xe1, 0xbf, 0xff, 0xff, 0xff, 0xaf, 0xeb, 0x05, 0xe1, 0x6b, 0xea, 0x3d, 0xff, 0xff, 0xff, 0x8f, 0xf3, 0x63, 0xe0, 0x63, 0xe0, 0x63, 0xe0, 0xc8, 0xe9, 0xd4, 0xf4, 0x76, 0xf5, 0x11, 0xf4, 0xe5, 0xe0, 0x63, 0xe0, 0x63, 0xe0, 0x63, 0xe0, 0x63, 0xe0, 0x63, 0xe0, 0x63, 0xe0, 0x26, 0xe9, 0xff, 0xff, 0xff, 0xff, 0xff, 0xff, 0xff, 0xff, 0xff, 0xff, 0xff, 0xff, 0xff, 0xff, 0xff, 0xff, 0xff, 0xff, 0xff, 0xff, 
  0xff, 0xff, 0xff, 0xff, 0xff, 0xff, 0xff, 0xff, 0xff, 0xff, 0xff, 0xff, 0xff, 0xff, 0xff, 0xff, 0xff, 0xff, 0xff, 0xff, 0xa8, 0xe9, 0x63, 0xe0, 0x63, 0xe0, 0x63, 0xe0, 0x63, 0xe0, 0x63, 0xe0, 0x63, 0xe0, 0xcc, 0xea, 0xdf, 0xff, 0xff, 0xff, 0xff, 0xff, 0xff, 0xff, 0xff, 0xff, 0xd0, 0xf3, 0x63, 0xe0, 0x63, 0xe0, 0x93, 0xf4, 0xff, 0xff, 0x93, 0xf4, 0x63, 0xe0, 0x63, 0xe0, 0x63, 0xe0, 0xa8, 0xe9, 0xff, 0xff, 0xdb, 0xfe, 0x63, 0xe0, 0x63, 0xe0, 0x0d, 0xeb, 0xdf, 0xff, 0xff, 0xff, 0xff, 0xff, 0xff, 0xff, 0x3d, 0xff, 0xa8, 0xe9, 0x63, 0xe0, 0x63, 0xe0, 0x63, 0xe0, 0x63, 0xe0, 0x63, 0xe0, 0x63, 0xe0, 0x7a, 0xfe, 0xff, 0xff, 0xff, 0xff, 0xff, 0xff, 0xff, 0xff, 0xff, 0xff, 0xff, 0xff, 0xff, 0xff, 0xff, 0xff, 0xff, 0xff, 
  0xff, 0xff, 0xff, 0xff, 0xff, 0xff, 0xff, 0xff, 0xff, 0xff, 0xff, 0xff, 0xff, 0xff, 0xff, 0xff, 0xff, 0xff, 0x9e, 0xff, 0x63, 0xe0, 0x63, 0xe0, 0x63, 0xe0, 0x63, 0xe0, 0x63, 0xe0, 0x63, 0xe0, 0x87, 0xe9, 0xbf, 0xff, 0xff, 0xff, 0x76, 0xf5, 0x11, 0xf4, 0x97, 0xf5, 0xff, 0xff, 0xff, 0xff, 0x4a, 0xea, 0x83, 0xe0, 0x7e, 0xff, 0x9e, 0xff, 0xc4, 0xe0, 0x63, 0xe0, 0x63, 0xe0, 0x63, 0xe0, 0x63, 0xe0, 0xd7, 0xf5, 0xff, 0xff, 0x26, 0xe9, 0xe9, 0xe9, 0xdf, 0xff, 0xff, 0xff, 0x9a, 0xfe, 0x96, 0xf5, 0x1c, 0xff, 0xff, 0xff, 0x1c, 0xff, 0xc4, 0xe0, 0x63, 0xe0, 0x63, 0xe0, 0x63, 0xe0, 0x63, 0xe0, 0x63, 0xe0, 0xf4, 0xf4, 0xff, 0xff, 0xff, 0xff, 0xff, 0xff, 0xff, 0xff, 0xff, 0xff, 0xff, 0xff, 0xff, 0xff, 0xff, 0xff, 0xff, 0xff, 
  0xff, 0xff, 0xff, 0xff, 0xff, 0xff, 0xff, 0xff, 0xff, 0xff, 0xff, 0xff, 0xff, 0xff, 0xff, 0xff, 0xff, 0xff, 0xdb, 0xfe, 0x63, 0xe0, 0x63, 0xe0, 0x63, 0xe0, 0x63, 0xe0, 0x63, 0xe0, 0x63, 0xe0, 0x96, 0xf5, 0xff, 0xff, 0xb0, 0xeb, 0x63, 0xe0, 0x63, 0xe0, 0x63, 0xe0, 0x6b, 0xea, 0xff, 0xff, 0x7a, 0xfe, 0x2a, 0xea, 0xff, 0xff, 0xf4, 0xf4, 0x63, 0xe0, 0x63, 0xe0, 0x63, 0xe0, 0x63, 0xe0, 0x63, 0xe0, 0x8f, 0xf3, 0xff, 0xff, 0xcc, 0xea, 0x59, 0xfe, 0xdf, 0xff, 0xac, 0xea, 0x63, 0xe0, 0x63, 0xe0, 0x83, 0xe0, 0x76, 0xf5, 0xff, 0xff, 0x31, 0xf4, 0x43, 0xe0, 0x63, 0xe0, 0x63, 0xe0, 0x63, 0xe0, 0x63, 0xe0, 0x31, 0xf4, 0xff, 0xff, 0xff, 0xff, 0xff, 0xff, 0xff, 0xff, 0xff, 0xff, 0xff, 0xff, 0xff, 0xff, 0xff, 0xff, 0xff, 0xff, 
  0xff, 0xff, 0xff, 0xff, 0xff, 0xff, 0xff, 0xff, 0xff, 0xff, 0xff, 0xff, 0xff, 0xff, 0xff, 0xff, 0xff, 0xff, 0xfc, 0xfe, 0x63, 0xe0, 0x63, 0xe0, 0x63, 0xe0, 0x63, 0xe0, 0x63, 0xe0, 0xc4, 0xe0, 0xdf, 0xff, 0x7a, 0xfe, 0x63, 0xe0, 0x63, 0xe0, 0x63, 0xe0, 0x63, 0xe0, 0x63, 0xe0, 0xb3, 0xf4, 0xff, 0xff, 0xd0, 0xeb, 0xff, 0xff, 0x0a, 0xea, 0x63, 0xe0, 0x63, 0xe0, 0x63, 0xe0, 0x63, 0xe0, 0x63, 0xe0, 0xc8, 0xe9, 0xff, 0xff, 0xaf, 0xeb, 0xff, 0xff, 0x72, 0xf4, 0x63, 0xe0, 0x63, 0xe0, 0x63, 0xe0, 0x63, 0xe0, 0xc5, 0xe0, 0x9e, 0xff, 0x1c, 0xff, 0x63, 0xe0, 0x63, 0xe0, 0x63, 0xe0, 0x63, 0xe0, 0x63, 0xe0, 0x31, 0xf4, 0xff, 0xff, 0xff, 0xff, 0xff, 0xff, 0xff, 0xff, 0xff, 0xff, 0xff, 0xff, 0xff, 0xff, 0xff, 0xff, 0xff, 0xff, 
  0xff, 0xff, 0xff, 0xff, 0xff, 0xff, 0xff, 0xff, 0xff, 0xff, 0xff, 0xff, 0xff, 0xff, 0xff, 0xff, 0xff, 0xff, 0xbf, 0xff, 0x63, 0xe0, 0x63, 0xe0, 0x63, 0xe0, 0x63, 0xe0, 0x63, 0xe0, 0x2a, 0xea, 0xff, 0xff, 0x8f, 0xf3, 0x63, 0xe0, 0x63, 0xe0, 0x63, 0xe0, 0x63, 0xe0, 0x63, 0xe0, 0x88, 0xe9, 0xff, 0xff, 0xb7, 0xf5, 0x96, 0xf5, 0x63, 0xe0, 0x63, 0xe0, 0x63, 0xe0, 0x63, 0xe0, 0x63, 0xe0, 0x63, 0xe0, 0xa4, 0xe0, 0x56, 0xf5, 0x97, 0xf5, 0xff, 0xff, 0x47, 0xe9, 0x63, 0xe0, 0x63, 0xe0, 0x63, 0xe0, 0x63, 0xe0, 0x63, 0xe0, 0xf4, 0xf4, 0xff, 0xff, 0xe5, 0xe0, 0x63, 0xe0, 0x63, 0xe0, 0x63, 0xe0, 0x63, 0xe0, 0xf4, 0xf4, 0xff, 0xff, 0xff, 0xff, 0xff, 0xff, 0xff, 0xff, 0xff, 0xff, 0xff, 0xff, 0xff, 0xff, 0xff, 0xff, 0xff, 0xff, 
  0xff, 0xff, 0xff, 0xff, 0xff, 0xff, 0xff, 0xff, 0xff, 0xff, 0xff, 0xff, 0x39, 0xce, 0xb3, 0x9c, 0xff, 0xff, 0xff, 0xff, 0xc9, 0xe9, 0x63, 0xe0, 0x63, 0xe0, 0x63, 0xe0, 0x63, 0xe0, 0xcc, 0xea, 0xff, 0xff, 0xc8, 0xe9, 0x63, 0xe0, 0x63, 0xe0, 0x63, 0xe0, 0x63, 0xe0, 0x63, 0xe0, 0x63, 0xe0, 0xb7, 0xf5, 0xff, 0xff, 0x09, 0xea, 0x63, 0xe0, 0x63, 0xe0, 0x63, 0xe0, 0x63, 0xe0, 0x63, 0xe0, 0x63, 0xe0, 0x63, 0xe0, 0x09, 0xe2, 0xff, 0xff, 0xf8, 0xfd, 0x63, 0xe0, 0x63, 0xe0, 0x63, 0xe0, 0x63, 0xe0, 0x63, 0xe0, 0x63, 0xe0, 0x2d, 0xeb, 0xff, 0xff, 0xa8, 0xe9, 0x63, 0xe0, 0x63, 0xe0, 0x63, 0xe0, 0x63, 0xe0, 0xbb, 0xfe, 0xff, 0xff, 0x96, 0xb5, 0x5d, 0xef, 0xff, 0xff, 0xff, 0xff, 0xff, 0xff, 0xff, 0xff, 0xff, 0xff, 0xff, 0xff, 
  0xff, 0xff, 0xff, 0xff, 0xff, 0xff, 0xba, 0xd6, 0x39, 0xce, 0x51, 0x8c, 0xef, 0x7b, 0xd3, 0x9c, 0x59, 0xce, 0xff, 0xff, 0x31, 0xf4, 0x63, 0xe0, 0x63, 0xe0, 0x63, 0xe0, 0x63, 0xe0, 0xcc, 0xea, 0xff, 0xff, 0xa8, 0xe1, 0x63, 0xe0, 0x63, 0xe0, 0x63, 0xe0, 0x63, 0xe0, 0x63, 0xe0, 0x63, 0xe0, 0x4a, 0xea, 0xff, 0xff, 0xb3, 0xf4, 0x63, 0xe0, 0x63, 0xe0, 0x63, 0xe0, 0x63, 0xe0, 0x63, 0xe0, 0x63, 0xe0, 0x63, 0xe0, 0xb3, 0xf4, 0xff, 0xff, 0xac, 0xea, 0x63, 0xe0, 0x63, 0xe0, 0x63, 0xe0, 0x63, 0xe0, 0x63, 0xe0, 0x63, 0xe0, 0xed, 0xf2, 0xff, 0xff, 0xc8, 0xe9, 0x63, 0xe0, 0x63, 0xe0, 0x63, 0xe0, 0x67, 0xe9, 0xff, 0xff, 0x3c, 0xe7, 0x69, 0x4a, 0xc7, 0x39, 0x0c, 0x63, 0x38, 0xc6, 0x9e, 0xf7, 0xff, 0xff, 0xff, 0xff, 0xff, 0xff, 
  0xf7, 0xbd, 0x30, 0x84, 0x9a, 0xd6, 0xbf, 0xff, 0xf0, 0x83, 0x2c, 0x63, 0x49, 0x4a, 0x79, 0xce, 0x71, 0x8c, 0xff, 0xff, 0x5d, 0xff, 0xc5, 0xe0, 0x63, 0xe0, 0x63, 0xe0, 0x63, 0xe0, 0x09, 0xea, 0xff, 0xff, 0x6b, 0xea, 0x63, 0xe0, 0x63, 0xe0, 0x63, 0xe0, 0x63, 0xe0, 0x63, 0xe0, 0x63, 0xe0, 0xb0, 0xeb, 0x7a, 0xfe, 0x9e, 0xff, 0xc5, 0xe0, 0x63, 0xe0, 0x63, 0xe0, 0x63, 0xe0, 0x63, 0xe0, 0x63, 0xe0, 0x05, 0xe1, 0xbf, 0xff, 0xbb, 0xfe, 0x2a, 0xea, 0x63, 0xe0, 0x63, 0xe0, 0x63, 0xe0, 0x63, 0xe0, 0x63, 0xe0, 0x63, 0xe0, 0x4e, 0xeb, 0xff, 0xff, 0x26, 0xe1, 0x63, 0xe0, 0x63, 0xe0, 0x63, 0xe0, 0xf4, 0xf4, 0xff, 0xff, 0x51, 0x8c, 0x10, 0x84, 0x0c, 0x63, 0xf0, 0x83, 0x6d, 0x6b, 0x9e, 0xf7, 0x1c, 0xe7, 0x55, 0xad, 0xfc, 0xe6, 
  0xdb, 0xde, 0x92, 0x94, 0x59, 0xce, 0xff, 0xff, 0xaa, 0x52, 0xeb, 0x5a, 0x96, 0xb5, 0x71, 0x8c, 0x8e, 0x73, 0xff, 0xff, 0xff, 0xff, 0xd4, 0xf4, 0x63, 0xe0, 0x63, 0xe0, 0x63, 0xe0, 0xc4, 0xe0, 0xff, 0xff, 0x52, 0xf4, 0x63, 0xe0, 0x63, 0xe0, 0x63, 0xe0, 0x63, 0xe0, 0x63, 0xe0, 0x2a, 0xea, 0xdf, 0xff, 0x8f, 0xeb, 0xff, 0xff, 0xaf, 0xeb, 0x63, 0xe0, 0x63, 0xe0, 0x63, 0xe0, 0x63, 0xe0, 0x63, 0xe0, 0xb3, 0xf4, 0xff, 0xff, 0xf0, 0xeb, 0x7e, 0xff, 0xe5, 0xe0, 0x63, 0xe0, 0x63, 0xe0, 0x63, 0xe0, 0x63, 0xe0, 0x63, 0xe0, 0x56, 0xf5, 0x9e, 0xff, 0x63, 0xe0, 0x63, 0xe0, 0x63, 0xe0, 0x09, 0xea, 0xff, 0xff, 0xff, 0xff, 0xf0, 0x83, 0xc7, 0x39, 0x8e, 0x73, 0xcb, 0x5a, 0x14, 0xa5, 0xff, 0xff, 0x7e, 0xf7, 0x75, 0xad, 0xb7, 0xbd, 
  0x7a, 0xd6, 0x96, 0xb5, 0xba, 0xd6, 0xff, 0xff, 0x92, 0x94, 0x59, 0xce, 0x14, 0xa5, 0x55, 0xad, 0x59, 0xce, 0x9e, 0xf7, 0xff, 0xff, 0xff, 0xff, 0x6b, 0xea, 0x63, 0xe0, 0x63, 0xe0, 0x63, 0xe0, 0x7a, 0xfe, 0x7e, 0xff, 0xe5, 0xe0, 0x63, 0xe0, 0x63, 0xe0, 0x63, 0xe0, 0x83, 0xe0, 0x5a, 0xfe, 0xff, 0xff, 0x6b, 0xea, 0x5d, 0xff, 0x7e, 0xff, 0x26, 0xe1, 0x63, 0xe0, 0x63, 0xe0, 0x63, 0xe0, 0xe9, 0xe9, 0xff, 0xff, 0x39, 0xfe, 0x4e, 0xeb, 0xff, 0xff, 0xb3, 0xf4, 0x63, 0xe0, 0x63, 0xe0, 0x63, 0xe0, 0x63, 0xe0, 0x67, 0xe1, 0xdf, 0xff, 0x96, 0xf5, 0x63, 0xe0, 0x63, 0xe0, 0xe5, 0xe0, 0xfc, 0xfe, 0xff, 0xff, 0xff, 0xff, 0x51, 0x8c, 0x0c, 0x63, 0x66, 0x31, 0x96, 0xb5, 0xd7, 0xbd, 0xff, 0xff, 0xbb, 0xde, 0x14, 0xa5, 0x18, 0xc6, 
  0x1c, 0xe7, 0xaf, 0x7b, 0x34, 0xa5, 0xbe, 0xf7, 0x3c, 0xe7, 0x3c, 0xe7, 0xff, 0xff, 0xff, 0xff, 0xcf, 0x7b, 0xcb, 0x5a, 0x9e, 0xf7, 0xff, 0xff, 0x7e, 0xff, 0xc8, 0xe9, 0x63, 0xe0, 0x63, 0xe0, 0x2e, 0xeb, 0xff, 0xff, 0x7a, 0xfe, 0x46, 0xe1, 0x63, 0xe0, 0x06, 0xe1, 0x97, 0xf5, 0xff, 0xff, 0xbb, 0xfe, 0x63, 0xe0, 0x4e, 0xeb, 0xff, 0xff, 0xdb, 0xfe, 0xe9, 0xe9, 0x63, 0xe0, 0x47, 0xe1, 0xfc, 0xfe, 0xdf, 0xff, 0xa8, 0xe9, 0xe5, 0xe0, 0xdf, 0xff, 0xff, 0xff, 0x8f, 0xeb, 0x63, 0xe0, 0x63, 0xe0, 0x26, 0xe1, 0x9b, 0xfe, 0xff, 0xff, 0x4a, 0xea, 0x63, 0xe0, 0xa4, 0xe0, 0x39, 0xfe, 0xff, 0xff, 0xff, 0xff, 0xcf, 0x7b, 0xdb, 0xde, 0xff, 0xff, 0x9a, 0xd6, 0xd3, 0x9c, 0x7d, 0xef, 0xff, 0xff, 0x51, 0x8c, 0x35, 0xad, 0xff, 0xff, 
  0xff, 0xff, 0x38, 0xc6, 0x34, 0xa5, 0xb6, 0xb5, 0xdf, 0xff, 0xff, 0xff, 0xbf, 0xff, 0x0c, 0x63, 0x51, 0x8c, 0xae, 0x73, 0xaf, 0x7b, 0xff, 0xff, 0xff, 0xff, 0x9e, 0xff, 0x6b, 0xea, 0x63, 0xe0, 0x63, 0xe0, 0xb7, 0xf5, 0xff, 0xff, 0xff, 0xff, 0x1c, 0xff, 0xdf, 0xff, 0xff, 0xff, 0xff, 0xff, 0x4a, 0xea, 0x63, 0xe0, 0x63, 0xe0, 0x56, 0xf5, 0xff, 0xff, 0xff, 0xff, 0x1d, 0xff, 0xdf, 0xff, 0xff, 0xff, 0xcc, 0xea, 0x63, 0xe0, 0x63, 0xe0, 0x32, 0xf4, 0xff, 0xff, 0xff, 0xff, 0xdb, 0xfe, 0xb7, 0xfd, 0x9e, 0xff, 0xff, 0xff, 0x55, 0xf5, 0x63, 0xe0, 0x05, 0xe1, 0x59, 0xfe, 0xff, 0xff, 0xff, 0xff, 0xec, 0x62, 0x4d, 0x6b, 0xec, 0x62, 0xf7, 0xbd, 0xff, 0xff, 0xff, 0xff, 0xff, 0xff, 0x14, 0xa5, 0xd3, 0x9c, 0xf7, 0xbd, 0xff, 0xff, 
  0xff, 0xff, 0x5d, 0xef, 0xb2, 0x94, 0x92, 0x94, 0xdf, 0xff, 0xff, 0xff, 0xeb, 0x5a, 0x31, 0x8c, 0xae, 0x73, 0x69, 0x4a, 0xcf, 0x7b, 0xf0, 0x83, 0xff, 0xff, 0xff, 0xff, 0xff, 0xff, 0x11, 0xec, 0x63, 0xe0, 0xc4, 0xe0, 0x19, 0xfe, 0xff, 0xff, 0xff, 0xff, 0xff, 0xff, 0x7e, 0xff, 0xcc, 0xea, 0x63, 0xe0, 0x63, 0xe0, 0x63, 0xe0, 0x83, 0xe0, 0x52, 0xf4, 0x9e, 0xff, 0xff, 0xff, 0xdb, 0xfe, 0x8b, 0xea, 0x63, 0xe0, 0x63, 0xe0, 0x63, 0xe0, 0x63, 0xe0, 0x55, 0xf5, 0xff, 0xff, 0xff, 0xff, 0xff, 0xff, 0xff, 0xff, 0xf8, 0xf5, 0xa4, 0xe0, 0x4a, 0xea, 0x3d, 0xff, 0xff, 0xff, 0xff, 0xff, 0x51, 0x8c, 0x10, 0x84, 0xec, 0x62, 0xf0, 0x83, 0xae, 0x73, 0xdb, 0xde, 0xff, 0xff, 0xdf, 0xff, 0xd3, 0x9c, 0x55, 0xad, 0x5d, 0xef, 0xff, 0xff, 
  0xff, 0xff, 0xff, 0xff, 0x96, 0xb5, 0x9a, 0xd6, 0x7a, 0xd6, 0xff, 0xff, 0xba, 0xd6, 0xeb, 0x5a, 0x08, 0x42, 0x51, 0x8c, 0xcf, 0x7b, 0xb3, 0x9c, 0xff, 0xff, 0xff, 0xff, 0xff, 0xff, 0xff, 0xff, 0x7a, 0xfe, 0x2a, 0xea, 0x63, 0xe0, 0x6b, 0xea, 0xd0, 0xf3, 0x0d, 0xeb, 0xc5, 0xe0, 0x63, 0xe0, 0x63, 0xe0, 0x63, 0xe0, 0x63, 0xe0, 0x63, 0xe0, 0x63, 0xe0, 0x63, 0xe0, 0x63, 0xe0, 0x63, 0xe0, 0x63, 0xe0, 0x63, 0xe0, 0x63, 0xe0, 0x63, 0xe0, 0x63, 0xe0, 0x63, 0xe0, 0x4a, 0xea, 0xb3, 0xf4, 0xf4, 0xf4, 0x2e, 0xeb, 0x26, 0xe1, 0x15, 0xf5, 0xff, 0xff, 0xff, 0xff, 0xff, 0xff, 0xdf, 0xff, 0x30, 0x84, 0xcb, 0x5a, 0xcf, 0x7b, 0x2c, 0x63, 0x69, 0x4a, 0x59, 0xce, 0xff, 0xff, 0x9a, 0xd6, 0x96, 0xb5, 0x9a, 0xd6, 0xff, 0xff, 0xff, 0xff, 
  0xff, 0xff, 0xff, 0xff, 0xdf, 0xff, 0x76, 0xb5, 0x14, 0xa5, 0x9a, 0xd6, 0xff, 0xff, 0xb6, 0xb5, 0xcb, 0x5a, 0xaa, 0x52, 0xb7, 0xbd, 0xff, 0xff, 0x10, 0x84, 0xba, 0xd6, 0xd7, 0xbd, 0xff, 0xff, 0xff, 0xff, 0xff, 0xff, 0xd8, 0xfd, 0x6b, 0xea, 0x63, 0xe0, 0x63, 0xe0, 0x63, 0xe0, 0x63, 0xe0, 0x63, 0xe0, 0x63, 0xe0, 0x63, 0xe0, 0x63, 0xe0, 0x63, 0xe0, 0x63, 0xe0, 0x63, 0xe0, 0x63, 0xe0, 0x63, 0xe0, 0x63, 0xe0, 0x63, 0xe0, 0x63, 0xe0, 0x63, 0xe0, 0x63, 0xe0, 0x63, 0xe0, 0x43, 0xe0, 0x67, 0xe9, 0xb3, 0xf4, 0xbf, 0xff, 0xff, 0xff, 0xff, 0xff, 0x39, 0xce, 0xb6, 0xb5, 0xdf, 0xff, 0xff, 0xff, 0x0c, 0x63, 0x8e, 0x73, 0xcf, 0x7b, 0xdf, 0xff, 0xff, 0xff, 0xbb, 0xde, 0x55, 0xad, 0x55, 0xad, 0xdf, 0xff, 0xff, 0xff, 0xff, 0xff, 
  0xff, 0xff, 0xff, 0xff, 0xff, 0xff, 0xbe, 0xf7, 0x75, 0xad, 0xf7, 0xbd, 0x1c, 0xe7, 0xff, 0xff, 0x34, 0xa5, 0x9a, 0xd6, 0xff, 0xff, 0xff, 0xff, 0x7e, 0xf7, 0x45, 0x29, 0x8a, 0x52, 0xdf, 0xff, 0xff, 0xff, 0xff, 0xff, 0xff, 0xff, 0xff, 0xff, 0xfc, 0xfe, 0x72, 0xf4, 0x0a, 0xea, 0x84, 0xe0, 0x63, 0xe0, 0x63, 0xe0, 0x63, 0xe0, 0x63, 0xe0, 0x63, 0xe0, 0x63, 0xe0, 0x63, 0xe0, 0x63, 0xe0, 0x63, 0xe0, 0x63, 0xe0, 0x63, 0xe0, 0x43, 0xe0, 0x63, 0xe0, 0x67, 0xe9, 0x8f, 0xeb, 0x19, 0xfe, 0xff, 0xff, 0xff, 0xff, 0xff, 0xff, 0x79, 0xce, 0x72, 0x94, 0xbf, 0xff, 0x65, 0x29, 0x8e, 0x73, 0xff, 0xff, 0xdf, 0xff, 0xf7, 0xbd, 0x14, 0xa5, 0x9e, 0xf7, 0x35, 0xad, 0x1c, 0xe7, 0x55, 0xad, 0xdb, 0xde, 0xff, 0xff, 0xff, 0xff, 0xff, 0xff, 
  0xff, 0xff, 0xff, 0xff, 0xff, 0xff, 0xff, 0xff, 0x38, 0xc6, 0xaf, 0x7b, 0x75, 0xad, 0xd7, 0xbd, 0xff, 0xff, 0xff, 0xff, 0x5d, 0xef, 0xf8, 0xc5, 0xab, 0x5a, 0xeb, 0x5a, 0x34, 0xa5, 0x51, 0x8c, 0xff, 0xff, 0xb2, 0x94, 0xbe, 0xf7, 0xff, 0xff, 0xff, 0xff, 0xff, 0xff, 0xff, 0xff, 0xdf, 0xff, 0x59, 0xfe, 0xd4, 0xf4, 0xd0, 0xf3, 0x0d, 0xeb, 0x8b, 0xea, 0x29, 0xea, 0xe9, 0xe1, 0x6b, 0xea, 0xcc, 0xea, 0x6f, 0xf3, 0x52, 0xf4, 0xb7, 0xfd, 0x5d, 0xff, 0xff, 0xff, 0xff, 0xff, 0xff, 0xff, 0x9e, 0xf7, 0x14, 0xa5, 0x9a, 0xd6, 0xfc, 0xe6, 0xd7, 0xbd, 0x14, 0xa5, 0x30, 0x84, 0x10, 0x84, 0xff, 0xff, 0xff, 0xff, 0xff, 0xff, 0xff, 0xff, 0x7d, 0xef, 0xf7, 0xbd, 0x7a, 0xd6, 0x1c, 0xe7, 0xff, 0xff, 0xff, 0xff, 0xff, 0xff, 0xff, 0xff, 
  0xff, 0xff, 0xff, 0xff, 0xff, 0xff, 0xff, 0xff, 0xff, 0xff, 0x9a, 0xd6, 0x14, 0xa5, 0xff, 0xff, 0xf7, 0xbd, 0xff, 0xff, 0x38, 0xc6, 0x71, 0x8c, 0xdf, 0xff, 0xae, 0x73, 0x7d, 0xef, 0xff, 0xff, 0x3d, 0xef, 0x49, 0x4a, 0x4d, 0x6b, 0x6e, 0x73, 0xb3, 0x9c, 0xff, 0xff, 0xff, 0xff, 0xff, 0xff, 0xff, 0xff, 0xff, 0xff, 0xff, 0xff, 0xff, 0xff, 0xff, 0xff, 0xff, 0xff, 0xff, 0xff, 0xff, 0xff, 0xff, 0xff, 0xff, 0xff, 0xff, 0xff, 0xff, 0xff, 0xff, 0xff, 0xff, 0xff, 0x59, 0xce, 0xf7, 0xbd, 0x08, 0x42, 0x38, 0xc6, 0x4d, 0x6b, 0xff, 0xff, 0xd3, 0x9c, 0x71, 0x8c, 0xff, 0xff, 0xab, 0x5a, 0x1c, 0xe7, 0xff, 0xff, 0xff, 0xff, 0xba, 0xd6, 0x7e, 0xf7, 0xdb, 0xde, 0x39, 0xce, 0xff, 0xff, 0xff, 0xff, 0xff, 0xff, 0xff, 0xff, 0xff, 0xff, 
  0xff, 0xff, 0xff, 0xff, 0xff, 0xff, 0xff, 0xff, 0xff, 0xff, 0xff, 0xff, 0xff, 0xff, 0xf8, 0xc5, 0x5d, 0xef, 0xd7, 0xbd, 0xff, 0xff, 0xff, 0xff, 0xff, 0xff, 0xcb, 0x5a, 0xdf, 0xff, 0xff, 0xff, 0xff, 0xff, 0x96, 0xb5, 0xcb, 0x5a, 0x2d, 0x6b, 0x6a, 0x52, 0xff, 0xff, 0x55, 0xad, 0x6a, 0x52, 0x8e, 0x73, 0x9a, 0xd6, 0xdf, 0xff, 0xff, 0xff, 0xbf, 0xff, 0x9a, 0xd6, 0x9e, 0xf7, 0xdf, 0xff, 0xff, 0xff, 0x39, 0xce, 0x31, 0x8c, 0xae, 0x73, 0xaa, 0x52, 0x76, 0xb5, 0x3d, 0xef, 0x79, 0xce, 0x2c, 0x63, 0xfc, 0xe6, 0xab, 0x5a, 0x7e, 0xf7, 0xff, 0xff, 0x8e, 0x73, 0xd3, 0x9c, 0x7e, 0xf7, 0xff, 0xff, 0xff, 0xff, 0xdb, 0xde, 0x14, 0xa5, 0x55, 0xad, 0xff, 0xff, 0xff, 0xff, 0xff, 0xff, 0xff, 0xff, 0xff, 0xff, 0xff, 0xff, 0xff, 0xff, 
  0xff, 0xff, 0xff, 0xff, 0xff, 0xff, 0xff, 0xff, 0xff, 0xff, 0xff, 0xff, 0xff, 0xff, 0x59, 0xce, 0x55, 0xad, 0x35, 0xad, 0x14, 0xa5, 0xff, 0xff, 0xff, 0xff, 0xba, 0xd6, 0x5d, 0xef, 0xff, 0xff, 0x75, 0xad, 0x30, 0x84, 0x08, 0x42, 0xaf, 0x7b, 0x1c, 0xe7, 0xff, 0xff, 0xd7, 0xbd, 0xbb, 0xde, 0xaa, 0x52, 0xf4, 0xa4, 0x9a, 0xd6, 0x38, 0xc6, 0x8e, 0x73, 0x6a, 0x52, 0xb2, 0x94, 0xab, 0x5a, 0xff, 0xff, 0x3d, 0xef, 0x79, 0xce, 0x75, 0xad, 0x8a, 0x52, 0xbf, 0xff, 0x9e, 0xf7, 0x69, 0x4a, 0xf8, 0xc5, 0x28, 0x42, 0x29, 0x4a, 0xdf, 0xff, 0xff, 0xff, 0xbe, 0xf7, 0x5d, 0xef, 0xff, 0xff, 0x3d, 0xef, 0x14, 0xa5, 0xb6, 0xb5, 0xf4, 0xa4, 0xbe, 0xf7, 0xff, 0xff, 0xff, 0xff, 0xff, 0xff, 0xff, 0xff, 0xff, 0xff, 0xff, 0xff, 0xff, 0xff, 
  0xff, 0xff, 0xff, 0xff, 0xff, 0xff, 0xff, 0xff, 0xff, 0xff, 0xff, 0xff, 0xff, 0xff, 0xff, 0xff, 0xff, 0xff, 0x39, 0xce, 0x14, 0xa5, 0x55, 0xad, 0x51, 0x8c, 0xff, 0xff, 0xff, 0xff, 0xff, 0xff, 0xbb, 0xde, 0x51, 0x8c, 0x29, 0x4a, 0x72, 0x94, 0x3d, 0xef, 0xff, 0xff, 0xaf, 0x7b, 0xab, 0x5a, 0xe7, 0x39, 0x51, 0x8c, 0xbf, 0xff, 0x38, 0xc6, 0xeb, 0x5a, 0x08, 0x42, 0xcf, 0x7b, 0x6a, 0x52, 0xff, 0xff, 0xdf, 0xff, 0xd3, 0x9c, 0x8e, 0x73, 0x65, 0x29, 0xf3, 0x9c, 0xff, 0xff, 0x92, 0x94, 0xd7, 0xbd, 0xae, 0x73, 0xcb, 0x5a, 0x96, 0xb5, 0xff, 0xff, 0xff, 0xff, 0xff, 0xff, 0x7a, 0xd6, 0x96, 0xb5, 0xf3, 0x9c, 0xf3, 0x9c, 0xf3, 0x9c, 0xff, 0xff, 0xff, 0xff, 0xff, 0xff, 0xff, 0xff, 0xff, 0xff, 0xff, 0xff, 0xff, 0xff, 0xff, 0xff, 
  0xff, 0xff, 0xff, 0xff, 0xff, 0xff, 0xff, 0xff, 0xff, 0xff, 0xff, 0xff, 0xff, 0xff, 0xff, 0xff, 0xff, 0xff, 0xff, 0xff, 0xfc, 0xe6, 0xf3, 0x9c, 0x31, 0x8c, 0x72, 0x94, 0xfb, 0xde, 0xff, 0xff, 0xff, 0xff, 0xff, 0xff, 0x3d, 0xef, 0xff, 0xff, 0xff, 0xff, 0x9e, 0xf7, 0x79, 0xce, 0xb2, 0x94, 0xf8, 0xc5, 0x3c, 0xe7, 0xff, 0xff, 0x38, 0xc6, 0xaf, 0x7b, 0x8a, 0x52, 0xf3, 0x9c, 0xcb, 0x5a, 0xff, 0xff, 0xf8, 0xc5, 0xf4, 0xa4, 0x18, 0xc6, 0x29, 0x4a, 0xff, 0xff, 0xff, 0xff, 0x5d, 0xef, 0x31, 0x8c, 0x1c, 0xe7, 0xff, 0xff, 0xfc, 0xe6, 0xb7, 0xbd, 0x38, 0xc6, 0x10, 0x84, 0x14, 0xa5, 0xf0, 0x83, 0xdb, 0xde, 0x3d, 0xef, 0x9e, 0xf7, 0xff, 0xff, 0xff, 0xff, 0xff, 0xff, 0xff, 0xff, 0xff, 0xff, 0xff, 0xff, 0xff, 0xff, 0xff, 0xff, 
  0xff, 0xff, 0xff, 0xff, 0xff, 0xff, 0xff, 0xff, 0xff, 0xff, 0xff, 0xff, 0xff, 0xff, 0xff, 0xff, 0xff, 0xff, 0xff, 0xff, 0xff, 0xff, 0x9e, 0xf7, 0x18, 0xc6, 0xb2, 0x94, 0xd3, 0x9c, 0x55, 0xad, 0xb6, 0xb5, 0xbf, 0xff, 0xff, 0xff, 0xff, 0xff, 0xff, 0xff, 0x9e, 0xf7, 0x55, 0xad, 0x10, 0x84, 0x8e, 0x73, 0x30, 0x84, 0xff, 0xff, 0xff, 0xff, 0x7e, 0xf7, 0xcf, 0x7b, 0x8e, 0x73, 0x92, 0x94, 0xff, 0xff, 0xff, 0xff, 0x6e, 0x73, 0x0c, 0x63, 0x31, 0x8c, 0xff, 0xff, 0xff, 0xff, 0xff, 0xff, 0x9e, 0xf7, 0xff, 0xff, 0xff, 0xff, 0x1c, 0xe7, 0x9a, 0xd6, 0xb6, 0xb5, 0x34, 0xa5, 0xf8, 0xc5, 0xff, 0xff, 0xff, 0xff, 0xff, 0xff, 0xff, 0xff, 0xff, 0xff, 0xff, 0xff, 0xff, 0xff, 0xff, 0xff, 0xff, 0xff, 0xff, 0xff, 0xff, 0xff, 0xff, 0xff, 
  0xff, 0xff, 0xff, 0xff, 0xff, 0xff, 0xff, 0xff, 0xff, 0xff, 0xff, 0xff, 0xff, 0xff, 0xff, 0xff, 0xff, 0xff, 0xff, 0xff, 0xff, 0xff, 0xff, 0xff, 0xff, 0xff, 0xff, 0xff, 0xfc, 0xe6, 0x14, 0xa5, 0x14, 0xa5, 0xb2, 0x94, 0x18, 0xc6, 0x39, 0xce, 0x9a, 0xd6, 0x59, 0xce, 0xff, 0xff, 0xff, 0xff, 0xff, 0xff, 0xff, 0xff, 0xff, 0xff, 0xff, 0xff, 0xff, 0xff, 0xff, 0xff, 0xbe, 0xf7, 0xbf, 0xff, 0xff, 0xff, 0xff, 0xff, 0xff, 0xff, 0xff, 0xff, 0xff, 0xff, 0xff, 0xff, 0xff, 0xff, 0xba, 0xd6, 0x59, 0xce, 0x76, 0xb5, 0x59, 0xce, 0xff, 0xff, 0x14, 0xa5, 0x18, 0xc6, 0xff, 0xff, 0xff, 0xff, 0xff, 0xff, 0xff, 0xff, 0xff, 0xff, 0xff, 0xff, 0xff, 0xff, 0xff, 0xff, 0xff, 0xff, 0xff, 0xff, 0xff, 0xff, 0xff, 0xff, 0xff, 0xff, 0xff, 0xff, 
  0xff, 0xff, 0xff, 0xff, 0xff, 0xff, 0xff, 0xff, 0xff, 0xff, 0xff, 0xff, 0xff, 0xff, 0xff, 0xff, 0xff, 0xff, 0xff, 0xff, 0xff, 0xff, 0xff, 0xff, 0xff, 0xff, 0xff, 0xff, 0xdf, 0xff, 0x35, 0xad, 0x59, 0xce, 0xdb, 0xde, 0x6e, 0x73, 0xcf, 0x7b, 0x59, 0xce, 0x72, 0x94, 0xba, 0xd6, 0x59, 0xce, 0xf7, 0xbd, 0x75, 0xad, 0x7e, 0xf7, 0xbe, 0xf7, 0xff, 0xff, 0x76, 0xb5, 0x9a, 0xd6, 0x59, 0xce, 0x5d, 0xef, 0xdf, 0xff, 0x59, 0xce, 0x14, 0xa5, 0xb7, 0xbd, 0xd7, 0xbd, 0x96, 0xb5, 0x75, 0xad, 0x76, 0xb5, 0xb2, 0x94, 0x35, 0xad, 0xff, 0xff, 0xff, 0xff, 0xff, 0xff, 0xff, 0xff, 0xff, 0xff, 0xff, 0xff, 0xff, 0xff, 0xff, 0xff, 0xff, 0xff, 0xff, 0xff, 0xff, 0xff, 0xff, 0xff, 0xff, 0xff, 0xff, 0xff, 0xff, 0xff, 0xff, 0xff, 0xff, 0xff, 
  0xff, 0xff, 0xff, 0xff, 0xff, 0xff, 0xff, 0xff, 0xff, 0xff, 0xff, 0xff, 0xff, 0xff, 0xff, 0xff, 0xff, 0xff, 0xff, 0xff, 0xff, 0xff, 0xff, 0xff, 0xff, 0xff, 0xff, 0xff, 0xff, 0xff, 0xff, 0xff, 0xff, 0xff, 0xff, 0xff, 0xdf, 0xff, 0x3c, 0xe7, 0x35, 0xad, 0x96, 0xb5, 0xb3, 0x9c, 0xd7, 0xbd, 0x10, 0x84, 0xb7, 0xbd, 0x92, 0x94, 0x14, 0xa5, 0xff, 0xff, 0x92, 0x94, 0xba, 0xd6, 0xf4, 0xa4, 0x71, 0x8c, 0x10, 0x84, 0x3c, 0xe7, 0xb7, 0xbd, 0xf7, 0xbd, 0xb6, 0xb5, 0x76, 0xb5, 0xbb, 0xde, 0x5d, 0xef, 0xff, 0xff, 0xff, 0xff, 0xff, 0xff, 0xff, 0xff, 0xff, 0xff, 0xff, 0xff, 0xff, 0xff, 0xff, 0xff, 0xff, 0xff, 0xff, 0xff, 0xff, 0xff, 0xff, 0xff, 0xff, 0xff, 0xff, 0xff, 0xff, 0xff, 0xff, 0xff, 0xff, 0xff, 0xff, 0xff, 0xff, 0xff, 
  0xff, 0xff, 0xff, 0xff, 0xff, 0xff, 0xff, 0xff, 0xff, 0xff, 0xff, 0xff, 0xff, 0xff, 0xff, 0xff, 0xff, 0xff, 0xff, 0xff, 0xff, 0xff, 0xff, 0xff, 0xff, 0xff, 0xff, 0xff, 0xff, 0xff, 0xff, 0xff, 0xff, 0xff, 0xff, 0xff, 0xff, 0xff, 0xff, 0xff, 0xff, 0xff, 0xff, 0xff, 0xff, 0xff, 0x3c, 0xe7, 0x9a, 0xd6, 0x7a, 0xd6, 0x18, 0xc6, 0x9a, 0xd6, 0xff, 0xff, 0x76, 0xb5, 0x79, 0xce, 0x79, 0xce, 0xb6, 0xb5, 0x9a, 0xd6, 0x96, 0xb5, 0x1c, 0xe7, 0x9e, 0xf7, 0xff, 0xff, 0xff, 0xff, 0xff, 0xff, 0xff, 0xff, 0xff, 0xff, 0xff, 0xff, 0xff, 0xff, 0xff, 0xff, 0xff, 0xff, 0xff, 0xff, 0xff, 0xff, 0xff, 0xff, 0xff, 0xff, 0xff, 0xff, 0xff, 0xff, 0xff, 0xff, 0xff, 0xff, 0xff, 0xff, 0xff, 0xff, 0xff, 0xff, 0xff, 0xff, 0xff, 0xff, 0xff, 0xff, 
};

const unsigned char dslogomid[28200] = {
	0xff, 0xff, 0xff, 0xff, 0xff, 0xff, 0xff, 0xff, 0xff, 0xff, 0xff, 0xff, 0xff, 0xff, 0xff, 0xff, 0xff, 0xff, 0xff, 0xff, 0xff, 0xff, 0xff, 0xff, 0xff, 0xff, 0xff, 0xff, 0xff, 0xff, 0xff, 0xff, 0xff, 0xff, 0xff, 0xff, 0xff, 0xff, 0xff, 0xff, 0xff, 0xff, 0xff, 0xff, 0xff, 0xff, 0xff, 0xff, 0xff, 0xff, 0xff, 0xff, 0xff, 0xff, 0xff, 0xff, 0xff, 0xff, 0xff, 0xff, 0xff, 0xff, 0xff, 0xff, 0xff, 0xff, 0xff, 0xff, 0xff, 0xff, 0xff, 0xff, 0xff, 0xff, 0xff, 0xff, 0xff, 0xff, 0xff, 0xff, 0xff, 0xff, 0xff, 0xff, 0xff, 0xff, 0xff, 0xff, 0xff, 0xff, 0xff, 0xff, 0xff, 0xff, 0xff, 0xff, 0xff, 0xff, 0xff, 0xff, 0xff, 0xff, 0xff, 0xff, 0xff, 0xff, 0xff, 0xff, 0xff, 0xff, 0xff, 0xff, 0xff, 0xff, 0xff, 0xff, 0xff, 0xff, 0xff, 0xff, 0xff, 0xff, 0xff, 0xff, 0xff, 0xff, 0xff, 0xff, 0xdf, 0xff, 0x3d, 0xf7, 0x5a, 0xf6, 0x56, 0xfd, 0xb3, 0xec, 0x11, 0xec, 0xf1, 0xeb, 0xcc, 0xea, 0xac, 0xea, 0xac, 0xea, 0xac, 0xea, 0xac, 0xea, 0xac, 0xea, 0xac, 0xea, 0xac, 0xea, 0x0d, 0xeb, 0x11, 0xec, 0x11, 0xec, 0x31, 0xe4, 0xd4, 0xec, 0xd8, 0xf5, 0xfc, 0xf6, 0xdf, 0xff, 0xff, 0xff, 0xff, 0xff, 0xff, 0xff, 0xff, 0xff, 0xff, 0xff, 0xff, 0xff, 0xff, 0xff, 0xff, 0xff, 0xff, 0xff, 0xff, 0xff, 0xff, 0xff, 0xff, 0xff, 0xff, 0xff, 0xff, 0xff, 0xff, 0xff, 0xff, 0xff, 0xff, 0xff, 0xff, 0xff, 0xff, 0xff, 0xff, 0xff, 0xff, 0xff, 0xff, 0xff, 0xff, 0xff, 0xff, 0xff, 0xff, 0xff, 0xff, 0xff, 0xff, 0xff, 0xff, 0xff, 0xff, 0xff, 0xff, 0xff, 0xff, 0xff, 0xff, 0xff, 0xff, 0xff, 0xff, 0xff, 0xff, 0xff, 0xff, 0xff, 0xff, 0xff, 0xff, 0xff, 0xff, 0xff, 0xff, 0xff, 0xff, 0xff, 0xff, 0xff, 0xff, 0xff, 0xff, 0xff, 0xff, 0xff, 0xff, 0xff, 0xff, 0xff, 0xff, 0xff, 0xff, 0xff, 0xff, 0xff, 0xff, 0xff, 0xff, 0xff, 0xff, 0xff, 0xff, 0xff, 0xff, 0xff, 0xff, 0xff, 0xff, 0xff, 0xff, 0xff, 0xff, 0xff, 0xff, 0xff, 0xff, 0xff, 0xff, 0xff, 0xff, 0xff, 
  0xff, 0xff, 0xff, 0xff, 0xff, 0xff, 0xff, 0xff, 0xff, 0xff, 0xff, 0xff, 0xff, 0xff, 0xff, 0xff, 0xff, 0xff, 0xff, 0xff, 0xff, 0xff, 0xff, 0xff, 0xff, 0xff, 0xff, 0xff, 0xff, 0xff, 0xff, 0xff, 0xff, 0xff, 0xff, 0xff, 0xff, 0xff, 0xff, 0xff, 0xff, 0xff, 0xff, 0xff, 0xff, 0xff, 0xff, 0xff, 0xff, 0xff, 0xff, 0xff, 0xff, 0xff, 0xff, 0xff, 0xff, 0xff, 0xff, 0xff, 0xff, 0xff, 0xff, 0xff, 0xff, 0xff, 0xff, 0xff, 0xff, 0xff, 0xff, 0xff, 0xff, 0xff, 0xff, 0xff, 0xff, 0xff, 0xff, 0xff, 0xff, 0xff, 0xff, 0xff, 0xff, 0xff, 0xff, 0xff, 0xff, 0xff, 0xff, 0xff, 0xff, 0xff, 0xff, 0xff, 0xff, 0xff, 0xff, 0xff, 0xff, 0xff, 0xff, 0xff, 0xff, 0xff, 0xff, 0xff, 0xff, 0xff, 0xff, 0xff, 0xff, 0xff, 0xff, 0xff, 0xff, 0xff, 0x7e, 0xff, 0x18, 0xf6, 0x93, 0xec, 0x2e, 0xf3, 0xc8, 0xd9, 0xa4, 0xe0, 0x43, 0xe0, 0x63, 0xe0, 0x62, 0xe0, 0x63, 0xe0, 0x63, 0xe0, 0x63, 0xe0, 0x43, 0xe8, 0x63, 0xe0, 0x63, 0xe8, 0x63, 0xe0, 0x62, 0xe0, 0x43, 0xe8, 0x62, 0xe8, 0x62, 0xe0, 0x62, 0xe8, 0x63, 0xe0, 0x42, 0xe8, 0x63, 0xe0, 0x63, 0xe0, 0x62, 0xe0, 0x63, 0xe8, 0x63, 0xe0, 0x46, 0xe1, 0xed, 0xe2, 0x93, 0xec, 0xf8, 0xfd, 0xbe, 0xff, 0xff, 0xff, 0xff, 0xff, 0xff, 0xff, 0xff, 0xff, 0xff, 0xff, 0xff, 0xff, 0xff, 0xff, 0xff, 0xff, 0xff, 0xff, 0xff, 0xff, 0xff, 0xff, 0xff, 0xff, 0xff, 0xff, 0xff, 0xff, 0xff, 0xff, 0xff, 0xff, 0xff, 0xff, 0xff, 0xff, 0xff, 0xff, 0xff, 0xff, 0xff, 0xff, 0xff, 0xff, 0xff, 0xff, 0xff, 0xff, 0xff, 0xff, 0xff, 0xff, 0xff, 0xff, 0xff, 0xff, 0xff, 0xff, 0xff, 0xff, 0xff, 0xff, 0xff, 0xff, 0xff, 0xff, 0xff, 0xff, 0xff, 0xff, 0xff, 0xff, 0xff, 0xff, 0xff, 0xff, 0xff, 0xff, 0xff, 0xff, 0xff, 0xff, 0xff, 0xff, 0xff, 0xff, 0xff, 0xff, 0xff, 0xff, 0xff, 0xff, 0xff, 0xff, 0xff, 0xff, 0xff, 0xff, 0xff, 0xff, 0xff, 0xff, 0xff, 0xff, 0xff, 0xff, 0xff, 0xff, 0xff, 0xff, 0xff, 0xff, 0xff, 0xff, 0xff, 0xff, 
  0xff, 0xff, 0xff, 0xff, 0xff, 0xff, 0xff, 0xff, 0xff, 0xff, 0xff, 0xff, 0xff, 0xff, 0xff, 0xff, 0xff, 0xff, 0xff, 0xff, 0xff, 0xff, 0xff, 0xff, 0xff, 0xff, 0xff, 0xff, 0xff, 0xff, 0xff, 0xff, 0xff, 0xff, 0xff, 0xff, 0xff, 0xff, 0xff, 0xff, 0xff, 0xff, 0xff, 0xff, 0xff, 0xff, 0xff, 0xff, 0xff, 0xff, 0xff, 0xff, 0xff, 0xff, 0xff, 0xff, 0xff, 0xff, 0xff, 0xff, 0xff, 0xff, 0xff, 0xff, 0xff, 0xff, 0xff, 0xff, 0xff, 0xff, 0xff, 0xff, 0xff, 0xff, 0xff, 0xff, 0xff, 0xff, 0xff, 0xff, 0xff, 0xff, 0xff, 0xff, 0xff, 0xff, 0xff, 0xff, 0xff, 0xff, 0xff, 0xff, 0xff, 0xff, 0xff, 0xff, 0xff, 0xff, 0xff, 0xff, 0xff, 0xff, 0xff, 0xff, 0xff, 0xff, 0xff, 0xff, 0xff, 0xff, 0x7e, 0xff, 0x77, 0xfd, 0x8f, 0xeb, 0x88, 0xe1, 0x63, 0xe0, 0x43, 0xe8, 0x43, 0xe0, 0x63, 0xe0, 0x63, 0xe0, 0x63, 0xe0, 0x63, 0xe0, 0x63, 0xe0, 0x63, 0xe0, 0x63, 0xe0, 0x63, 0xe0, 0x43, 0xe8, 0x63, 0xe0, 0x63, 0xe0, 0xe5, 0xe0, 0xd1, 0xeb, 0x56, 0xf5, 0xd8, 0xf5, 0x76, 0xf5, 0xcd, 0xea, 0x43, 0xe8, 0x43, 0xe8, 0x63, 0xe0, 0x63, 0xe0, 0x63, 0xe0, 0x63, 0xe0, 0x63, 0xe0, 0x63, 0xe0, 0x63, 0xe0, 0x63, 0xe0, 0x63, 0xe0, 0x43, 0xe8, 0x84, 0xe0, 0xc8, 0xe1, 0x8f, 0xeb, 0x56, 0xf5, 0x7e, 0xff, 0xff, 0xff, 0xff, 0xff, 0xff, 0xff, 0xff, 0xff, 0xff, 0xff, 0xff, 0xff, 0xff, 0xff, 0xff, 0xff, 0xff, 0xff, 0xff, 0xff, 0xff, 0xff, 0xff, 0xff, 0xff, 0xff, 0xff, 0xff, 0xff, 0xff, 0xff, 0xff, 0xff, 0xff, 0xff, 0xff, 0xff, 0xff, 0xff, 0xff, 0xff, 0xff, 0xff, 0xff, 0xff, 0xff, 0xff, 0xff, 0xff, 0xff, 0xff, 0xff, 0xff, 0xff, 0xff, 0xff, 0xff, 0xff, 0xff, 0xff, 0xff, 0xff, 0xff, 0xff, 0xff, 0xff, 0xff, 0xff, 0xff, 0xff, 0xff, 0xff, 0xff, 0xff, 0xff, 0xff, 0xff, 0xff, 0xff, 0xff, 0xff, 0xff, 0xff, 0xff, 0xff, 0xff, 0xff, 0xff, 0xff, 0xff, 0xff, 0xff, 0xff, 0xff, 0xff, 0xff, 0xff, 0xff, 0xff, 0xff, 0xff, 0xff, 0xff, 0xff, 0xff, 0xff, 0xff, 0xff, 
  0xff, 0xff, 0xff, 0xff, 0xff, 0xff, 0xff, 0xff, 0xff, 0xff, 0xff, 0xff, 0xff, 0xff, 0xff, 0xff, 0xff, 0xff, 0xff, 0xff, 0xff, 0xff, 0xff, 0xff, 0xff, 0xff, 0xff, 0xff, 0xff, 0xff, 0xff, 0xff, 0xff, 0xff, 0xff, 0xff, 0xff, 0xff, 0xff, 0xff, 0xff, 0xff, 0xff, 0xff, 0xff, 0xff, 0xff, 0xff, 0xff, 0xff, 0xff, 0xff, 0xff, 0xff, 0xff, 0xff, 0xff, 0xff, 0xff, 0xff, 0xff, 0xff, 0xff, 0xff, 0xff, 0xff, 0xff, 0xff, 0xff, 0xff, 0xff, 0xff, 0xff, 0xff, 0xff, 0xff, 0xff, 0xff, 0xff, 0xff, 0xff, 0xff, 0xff, 0xff, 0xff, 0xff, 0xff, 0xff, 0xff, 0xff, 0xff, 0xff, 0xff, 0xff, 0xff, 0xff, 0xff, 0xff, 0xff, 0xff, 0xff, 0xff, 0xff, 0xff, 0x1d, 0xff, 0xd4, 0xec, 0x6b, 0xe2, 0x64, 0xe8, 0x63, 0xe0, 0x43, 0xe8, 0x63, 0xe0, 0x63, 0xe0, 0x63, 0xe0, 0x43, 0xe0, 0x43, 0xe0, 0x63, 0xe0, 0x63, 0xe0, 0x63, 0xe0, 0x63, 0xe0, 0x63, 0xe0, 0x63, 0xe0, 0x63, 0xe0, 0x63, 0xe0, 0x63, 0xe0, 0xa9, 0xe1, 0x3d, 0xff, 0xff, 0xff, 0xff, 0xff, 0xff, 0xff, 0xff, 0xff, 0xff, 0xff, 0xd8, 0xf5, 0xa4, 0xe0, 0x63, 0xe8, 0x63, 0xe0, 0x63, 0xe0, 0x63, 0xe0, 0x63, 0xe0, 0x63, 0xe0, 0x63, 0xe0, 0x63, 0xe0, 0x63, 0xe0, 0x44, 0xe0, 0x43, 0xe8, 0x63, 0xe0, 0x43, 0xe8, 0x43, 0xe8, 0x64, 0xe0, 0xea, 0xe9, 0x32, 0xf4, 0xdb, 0xf6, 0xff, 0xff, 0xff, 0xff, 0xff, 0xff, 0xff, 0xff, 0xff, 0xff, 0xff, 0xff, 0xff, 0xff, 0xff, 0xff, 0xff, 0xff, 0xff, 0xff, 0xff, 0xff, 0xff, 0xff, 0xff, 0xff, 0xff, 0xff, 0xff, 0xff, 0xff, 0xff, 0xff, 0xff, 0xff, 0xff, 0xff, 0xff, 0xff, 0xff, 0xff, 0xff, 0xff, 0xff, 0xff, 0xff, 0xff, 0xff, 0xff, 0xff, 0xff, 0xff, 0xff, 0xff, 0xff, 0xff, 0xff, 0xff, 0xff, 0xff, 0xff, 0xff, 0xff, 0xff, 0xff, 0xff, 0xff, 0xff, 0xff, 0xff, 0xff, 0xff, 0xff, 0xff, 0xff, 0xff, 0xff, 0xff, 0xff, 0xff, 0xff, 0xff, 0xff, 0xff, 0xff, 0xff, 0xff, 0xff, 0xff, 0xff, 0xff, 0xff, 0xff, 0xff, 0xff, 0xff, 0xff, 0xff, 0xff, 0xff, 0xff, 0xff, 
  0xff, 0xff, 0xff, 0xff, 0xff, 0xff, 0xff, 0xff, 0xff, 0xff, 0xff, 0xff, 0xff, 0xff, 0xff, 0xff, 0xff, 0xff, 0xff, 0xff, 0xff, 0xff, 0xff, 0xff, 0xff, 0xff, 0xff, 0xff, 0xff, 0xff, 0xff, 0xff, 0xff, 0xff, 0xff, 0xff, 0xff, 0xff, 0xff, 0xff, 0xff, 0xff, 0xff, 0xff, 0xff, 0xff, 0xff, 0xff, 0xff, 0xff, 0xff, 0xff, 0xff, 0xff, 0xff, 0xff, 0xff, 0xff, 0xff, 0xff, 0xff, 0xff, 0xff, 0xff, 0xff, 0xff, 0xff, 0xff, 0xff, 0xff, 0xff, 0xff, 0xff, 0xff, 0xff, 0xff, 0xff, 0xff, 0xff, 0xff, 0xff, 0xff, 0xff, 0xff, 0xff, 0xff, 0xff, 0xff, 0xff, 0xff, 0xff, 0xff, 0xff, 0xff, 0xff, 0xff, 0xff, 0xff, 0x9e, 0xff, 0x35, 0xf5, 0x6b, 0xe2, 0x84, 0xe0, 0x62, 0xe0, 0x63, 0xe0, 0x63, 0xe0, 0x43, 0xe0, 0x63, 0xe0, 0x63, 0xe0, 0x43, 0xe8, 0x43, 0xe8, 0x63, 0xe0, 0x63, 0xe0, 0x63, 0xe0, 0x63, 0xe0, 0x63, 0xe0, 0x63, 0xe0, 0x63, 0xe0, 0x63, 0xe0, 0x63, 0xe0, 0x63, 0xe0, 0x26, 0xe1, 0x5d, 0xff, 0xff, 0xff, 0xff, 0xff, 0xff, 0xff, 0xff, 0xff, 0xff, 0xff, 0xff, 0xff, 0xff, 0xff, 0xb7, 0xf5, 0x63, 0xe0, 0x63, 0xe0, 0x63, 0xe0, 0x63, 0xe0, 0x63, 0xe0, 0x63, 0xe0, 0x63, 0xe0, 0x63, 0xe0, 0x63, 0xe0, 0x63, 0xe0, 0x63, 0xe0, 0x62, 0xe0, 0x63, 0xe0, 0x43, 0xe0, 0x43, 0xe0, 0x63, 0xe0, 0x63, 0xe0, 0x63, 0xe0, 0x09, 0xe2, 0x35, 0xf5, 0xbf, 0xff, 0xff, 0xff, 0xff, 0xff, 0xff, 0xff, 0xff, 0xff, 0xff, 0xff, 0xff, 0xff, 0xff, 0xff, 0xff, 0xff, 0xff, 0xff, 0xff, 0xff, 0xff, 0xff, 0xff, 0xff, 0xff, 0xff, 0xff, 0xff, 0xff, 0xff, 0xff, 0xff, 0xff, 0xff, 0xff, 0xff, 0xff, 0xff, 0xff, 0xff, 0xff, 0xff, 0xff, 0xff, 0xff, 0xff, 0xff, 0xff, 0xff, 0xff, 0xff, 0xff, 0xff, 0xff, 0xff, 0xff, 0xff, 0xff, 0xff, 0xff, 0xff, 0xff, 0xff, 0xff, 0xff, 0xff, 0xff, 0xff, 0xff, 0xff, 0xff, 0xff, 0xff, 0xff, 0xff, 0xff, 0xff, 0xff, 0xff, 0xff, 0xff, 0xff, 0xff, 0xff, 0xff, 0xff, 0xff, 0xff, 0xff, 0xff, 0xff, 0xff, 0xff, 0xff, 0xff, 0xff, 
  0xff, 0xff, 0xff, 0xff, 0xff, 0xff, 0xff, 0xff, 0xff, 0xff, 0xff, 0xff, 0xff, 0xff, 0xff, 0xff, 0xff, 0xff, 0xff, 0xff, 0xff, 0xff, 0xff, 0xff, 0xff, 0xff, 0xff, 0xff, 0xff, 0xff, 0xff, 0xff, 0xff, 0xff, 0xff, 0xff, 0xff, 0xff, 0xff, 0xff, 0xff, 0xff, 0xff, 0xff, 0xff, 0xff, 0xff, 0xff, 0xff, 0xff, 0xff, 0xff, 0xff, 0xff, 0xff, 0xff, 0xff, 0xff, 0xff, 0xff, 0xff, 0xff, 0xff, 0xff, 0xff, 0xff, 0xff, 0xff, 0xff, 0xff, 0xff, 0xff, 0xff, 0xff, 0xff, 0xff, 0xff, 0xff, 0xff, 0xff, 0xff, 0xff, 0xff, 0xff, 0xff, 0xff, 0xff, 0xff, 0xff, 0xff, 0xff, 0xff, 0xff, 0xff, 0xfc, 0xfe, 0x6f, 0xeb, 0xc4, 0xd8, 0x63, 0xe8, 0x63, 0xe0, 0x63, 0xe0, 0x63, 0xe0, 0x63, 0xe0, 0x63, 0xe0, 0x63, 0xe0, 0x63, 0xe0, 0x63, 0xe0, 0x63, 0xe0, 0x63, 0xe0, 0x63, 0xe0, 0x63, 0xe0, 0x63, 0xe0, 0x63, 0xe0, 0x63, 0xe0, 0x63, 0xe0, 0x63, 0xe0, 0x63, 0xe0, 0x63, 0xe0, 0x63, 0xe0, 0x35, 0xf5, 0xff, 0xff, 0xff, 0xff, 0xff, 0xff, 0xff, 0xff, 0xff, 0xff, 0xff, 0xff, 0xff, 0xff, 0xff, 0xff, 0xff, 0xff, 0x8b, 0xe2, 0x62, 0xe0, 0x43, 0xe8, 0x63, 0xe0, 0x63, 0xe0, 0x63, 0xe0, 0x63, 0xe0, 0x63, 0xe0, 0x63, 0xe0, 0x63, 0xe0, 0x63, 0xe0, 0x63, 0xe0, 0x63, 0xe0, 0x63, 0xe0, 0x63, 0xe0, 0x63, 0xe0, 0x63, 0xe0, 0x43, 0xe8, 0x43, 0xe8, 0x63, 0xe0, 0xa5, 0xe8, 0xaf, 0xe3, 0xdb, 0xfe, 0xff, 0xff, 0xff, 0xff, 0xff, 0xff, 0xff, 0xff, 0xff, 0xff, 0xff, 0xff, 0xff, 0xff, 0xff, 0xff, 0xff, 0xff, 0xff, 0xff, 0xff, 0xff, 0xff, 0xff, 0xff, 0xff, 0xff, 0xff, 0xff, 0xff, 0xff, 0xff, 0xff, 0xff, 0xff, 0xff, 0xff, 0xff, 0xff, 0xff, 0xff, 0xff, 0xff, 0xff, 0xff, 0xff, 0xff, 0xff, 0xff, 0xff, 0xff, 0xff, 0xff, 0xff, 0xff, 0xff, 0xff, 0xff, 0xff, 0xff, 0xff, 0xff, 0xff, 0xff, 0xff, 0xff, 0xff, 0xff, 0xff, 0xff, 0xff, 0xff, 0xff, 0xff, 0xff, 0xff, 0xff, 0xff, 0xff, 0xff, 0xff, 0xff, 0xff, 0xff, 0xff, 0xff, 0xff, 0xff, 0xff, 0xff, 0xff, 0xff, 
  0xff, 0xff, 0xff, 0xff, 0xff, 0xff, 0xff, 0xff, 0xff, 0xff, 0xff, 0xff, 0xff, 0xff, 0xff, 0xff, 0xff, 0xff, 0xff, 0xff, 0xff, 0xff, 0xff, 0xff, 0xff, 0xff, 0xff, 0xff, 0xff, 0xff, 0xff, 0xff, 0xff, 0xff, 0xff, 0xff, 0xff, 0xff, 0xff, 0xff, 0xff, 0xff, 0xff, 0xff, 0xff, 0xff, 0xff, 0xff, 0xff, 0xff, 0xff, 0xff, 0xff, 0xff, 0xff, 0xff, 0xff, 0xff, 0xff, 0xff, 0xff, 0xff, 0xff, 0xff, 0xff, 0xff, 0xff, 0xff, 0xff, 0xff, 0xff, 0xff, 0xff, 0xff, 0xff, 0xff, 0xff, 0xff, 0xff, 0xff, 0xff, 0xff, 0xff, 0xff, 0xff, 0xff, 0xff, 0xff, 0xff, 0xff, 0x7a, 0xf6, 0x8c, 0xe2, 0x63, 0xe0, 0x43, 0xe8, 0x43, 0xe8, 0x63, 0xe0, 0x63, 0xe0, 0x63, 0xe0, 0x63, 0xe0, 0x63, 0xe0, 0x63, 0xe0, 0x63, 0xe0, 0x63, 0xe0, 0x63, 0xe0, 0x63, 0xe0, 0x63, 0xe0, 0x63, 0xe0, 0x63, 0xe0, 0x63, 0xe0, 0x63, 0xe0, 0x63, 0xe0, 0x63, 0xe0, 0x63, 0xe0, 0x63, 0xe0, 0x63, 0xe0, 0x67, 0xe1, 0xdf, 0xff, 0xff, 0xff, 0xff, 0xff, 0xff, 0xff, 0xff, 0xff, 0xff, 0xff, 0xff, 0xff, 0xff, 0xff, 0xff, 0xff, 0xff, 0xff, 0x19, 0xf6, 0x63, 0xe0, 0x43, 0xe8, 0x63, 0xe0, 0x63, 0xe0, 0x63, 0xe0, 0x63, 0xe0, 0x63, 0xe0, 0x63, 0xe0, 0x63, 0xe0, 0x63, 0xe0, 0x63, 0xe0, 0x63, 0xe0, 0x63, 0xe0, 0x63, 0xe0, 0x63, 0xe0, 0x63, 0xe0, 0x63, 0xe0, 0x43, 0xe0, 0x43, 0xe0, 0x63, 0xe0, 0x63, 0xe0, 0x63, 0xe0, 0x6b, 0xea, 0x39, 0xfe, 0xff, 0xff, 0xff, 0xff, 0xff, 0xff, 0xff, 0xff, 0xff, 0xff, 0xff, 0xff, 0xff, 0xff, 0xff, 0xff, 0xff, 0xff, 0xff, 0xff, 0xff, 0xff, 0xff, 0xff, 0xff, 0xff, 0xff, 0xff, 0xff, 0xff, 0xff, 0xff, 0xff, 0xff, 0xff, 0xff, 0xff, 0xff, 0xff, 0xff, 0xff, 0xff, 0xff, 0xff, 0xff, 0xff, 0xff, 0xff, 0xff, 0xff, 0xff, 0xff, 0xff, 0xff, 0xff, 0xff, 0xff, 0xff, 0xff, 0xff, 0xff, 0xff, 0xff, 0xff, 0xff, 0xff, 0xff, 0xff, 0xff, 0xff, 0xff, 0xff, 0xff, 0xff, 0xff, 0xff, 0xff, 0xff, 0xff, 0xff, 0xff, 0xff, 0xff, 0xff, 0xff, 0xff, 0xff, 0xff, 
  0xff, 0xff, 0xff, 0xff, 0xff, 0xff, 0xff, 0xff, 0xff, 0xff, 0xff, 0xff, 0xff, 0xff, 0xff, 0xff, 0xff, 0xff, 0xff, 0xff, 0xff, 0xff, 0xff, 0xff, 0xff, 0xff, 0xff, 0xff, 0xff, 0xff, 0xff, 0xff, 0xff, 0xff, 0xff, 0xff, 0xff, 0xff, 0xff, 0xff, 0xff, 0xff, 0xff, 0xff, 0xff, 0xff, 0xff, 0xff, 0xff, 0xff, 0xff, 0xff, 0xff, 0xff, 0xff, 0xff, 0xff, 0xff, 0xff, 0xff, 0xff, 0xff, 0xff, 0xff, 0xff, 0xff, 0xff, 0xff, 0xff, 0xff, 0xff, 0xff, 0xff, 0xff, 0xff, 0xff, 0xff, 0xff, 0xff, 0xff, 0xff, 0xff, 0xff, 0xff, 0xff, 0xff, 0xbb, 0xf6, 0xcc, 0xe2, 0x63, 0xe0, 0x63, 0xe0, 0x63, 0xe0, 0x63, 0xe0, 0x63, 0xe0, 0x43, 0xe0, 0x63, 0xe0, 0x63, 0xe0, 0x63, 0xe0, 0x63, 0xe0, 0x63, 0xe0, 0x63, 0xe0, 0x63, 0xe0, 0x63, 0xe0, 0x63, 0xe0, 0x63, 0xe0, 0x63, 0xe0, 0x63, 0xe0, 0x63, 0xe0, 0x63, 0xe0, 0x63, 0xe0, 0x63, 0xe0, 0x63, 0xe0, 0x63, 0xe0, 0x63, 0xe0, 0x2e, 0xeb, 0xff, 0xff, 0xff, 0xff, 0xff, 0xff, 0xff, 0xff, 0xff, 0xff, 0xff, 0xff, 0xff, 0xff, 0xff, 0xff, 0xff, 0xff, 0xff, 0xff, 0xbe, 0xff, 0x84, 0xe0, 0x63, 0xe0, 0x63, 0xe0, 0x63, 0xe0, 0x63, 0xe0, 0x63, 0xe0, 0x63, 0xe0, 0x63, 0xe0, 0x63, 0xe0, 0x63, 0xe0, 0x63, 0xe0, 0x63, 0xe0, 0x63, 0xe0, 0x63, 0xe0, 0x63, 0xe0, 0x63, 0xe0, 0x63, 0xe0, 0x63, 0xe0, 0x63, 0xe0, 0x63, 0xe0, 0x43, 0xe8, 0x43, 0xe0, 0x63, 0xe0, 0x63, 0xe0, 0xac, 0xea, 0xdc, 0xfe, 0xff, 0xff, 0xff, 0xff, 0xff, 0xff, 0xff, 0xff, 0xff, 0xff, 0xff, 0xff, 0xff, 0xff, 0xff, 0xff, 0xff, 0xff, 0xff, 0xff, 0xff, 0xff, 0xff, 0xff, 0xff, 0xff, 0xff, 0xff, 0xff, 0xff, 0xff, 0xff, 0xff, 0xff, 0xff, 0xff, 0xff, 0xff, 0xff, 0xff, 0xff, 0xff, 0xff, 0xff, 0xff, 0xff, 0xff, 0xff, 0xff, 0xff, 0xff, 0xff, 0xff, 0xff, 0xff, 0xff, 0xff, 0xff, 0xff, 0xff, 0xff, 0xff, 0xff, 0xff, 0xff, 0xff, 0xff, 0xff, 0xff, 0xff, 0xff, 0xff, 0xff, 0xff, 0xff, 0xff, 0xff, 0xff, 0xff, 0xff, 0xff, 0xff, 0xff, 0xff, 
  0xff, 0xff, 0xff, 0xff, 0xff, 0xff, 0xff, 0xff, 0xff, 0xff, 0xff, 0xff, 0xff, 0xff, 0xff, 0xff, 0xff, 0xff, 0xff, 0xff, 0xff, 0xff, 0xff, 0xff, 0xff, 0xff, 0xff, 0xff, 0xff, 0xff, 0xff, 0xff, 0xff, 0xff, 0xff, 0xff, 0xff, 0xff, 0xff, 0xff, 0xff, 0xff, 0xff, 0xff, 0xff, 0xff, 0xff, 0xff, 0xff, 0xff, 0xff, 0xff, 0xff, 0xff, 0xff, 0xff, 0xff, 0xff, 0xff, 0xff, 0xff, 0xff, 0xff, 0xff, 0xff, 0xff, 0xff, 0xff, 0xff, 0xff, 0xff, 0xff, 0xff, 0xff, 0xff, 0xff, 0xff, 0xff, 0xff, 0xff, 0xff, 0xff, 0x9e, 0xff, 0xd0, 0xeb, 0x63, 0xe0, 0x43, 0xe8, 0x63, 0xe0, 0x63, 0xe0, 0x63, 0xe0, 0x63, 0xe0, 0x63, 0xe0, 0x63, 0xe0, 0x63, 0xe0, 0x63, 0xe0, 0x63, 0xe0, 0x63, 0xe0, 0x63, 0xe0, 0x63, 0xe0, 0x63, 0xe0, 0x63, 0xe0, 0x63, 0xe0, 0x63, 0xe0, 0x63, 0xe0, 0x63, 0xe0, 0x63, 0xe0, 0x63, 0xe0, 0x63, 0xe0, 0x63, 0xe0, 0x63, 0xe0, 0x63, 0xe0, 0x63, 0xe0, 0x52, 0xec, 0xff, 0xff, 0xff, 0xff, 0xff, 0xff, 0xff, 0xff, 0xff, 0xff, 0xff, 0xff, 0xff, 0xff, 0xff, 0xff, 0xff, 0xff, 0xff, 0xff, 0xff, 0xff, 0xe5, 0xe0, 0x63, 0xe0, 0x63, 0xe0, 0x63, 0xe0, 0x63, 0xe0, 0x63, 0xe0, 0x63, 0xe0, 0x63, 0xe0, 0x63, 0xe0, 0x63, 0xe0, 0x63, 0xe0, 0x63, 0xe0, 0x63, 0xe0, 0x63, 0xe0, 0x63, 0xe0, 0x63, 0xe0, 0x63, 0xe0, 0x43, 0xe8, 0x62, 0xe0, 0x62, 0xe0, 0x63, 0xe0, 0x63, 0xe0, 0x63, 0xe0, 0x63, 0xe0, 0x63, 0xe0, 0x83, 0xe0, 0x8f, 0xeb, 0x7e, 0xff, 0xff, 0xff, 0xff, 0xff, 0xff, 0xff, 0xff, 0xff, 0xff, 0xff, 0xff, 0xff, 0xff, 0xff, 0xff, 0xff, 0xff, 0xff, 0xff, 0xff, 0xff, 0xff, 0xff, 0xff, 0xff, 0xff, 0xff, 0xff, 0xff, 0xff, 0xff, 0xff, 0xff, 0xff, 0xff, 0xff, 0xff, 0xff, 0xff, 0xff, 0xff, 0xff, 0xff, 0xff, 0xff, 0xff, 0xff, 0xff, 0xff, 0xff, 0xff, 0xff, 0xff, 0xff, 0xff, 0xff, 0xff, 0xff, 0xff, 0xff, 0xff, 0xff, 0xff, 0xff, 0xff, 0xff, 0xff, 0xff, 0xff, 0xff, 0xff, 0xff, 0xff, 0xff, 0xff, 0xff, 0xff, 0xff, 0xff, 0xff, 
  0xff, 0xff, 0xff, 0xff, 0xff, 0xff, 0xff, 0xff, 0xff, 0xff, 0xff, 0xff, 0xff, 0xff, 0xff, 0xff, 0xff, 0xff, 0xff, 0xff, 0xff, 0xff, 0xff, 0xff, 0xff, 0xff, 0xff, 0xff, 0xff, 0xff, 0xff, 0xff, 0xff, 0xff, 0xff, 0xff, 0xff, 0xff, 0xff, 0xff, 0xff, 0xff, 0xff, 0xff, 0xff, 0xff, 0xff, 0xff, 0xff, 0xff, 0xff, 0xff, 0xff, 0xff, 0xff, 0xff, 0xff, 0xff, 0xff, 0xff, 0xff, 0xff, 0xff, 0xff, 0xff, 0xff, 0xff, 0xff, 0xff, 0xff, 0xff, 0xff, 0xff, 0xff, 0xff, 0xff, 0xff, 0xff, 0xff, 0xff, 0x56, 0xf5, 0x05, 0xe1, 0x63, 0xe0, 0x63, 0xe0, 0x63, 0xe0, 0x63, 0xe0, 0x63, 0xe0, 0x63, 0xe0, 0x63, 0xe0, 0x63, 0xe0, 0xc5, 0xe0, 0x05, 0xe9, 0x83, 0xe0, 0x63, 0xe0, 0x63, 0xe0, 0x63, 0xe0, 0x63, 0xe0, 0x63, 0xe0, 0x63, 0xe0, 0x63, 0xe0, 0x63, 0xe0, 0x63, 0xe0, 0x63, 0xe0, 0x63, 0xe0, 0x63, 0xe0, 0x63, 0xe0, 0x63, 0xe0, 0x63, 0xe0, 0x63, 0xe0, 0x63, 0xe0, 0x11, 0xec, 0xff, 0xff, 0xff, 0xff, 0xff, 0xff, 0xff, 0xff, 0xff, 0xff, 0xff, 0xff, 0xff, 0xff, 0xff, 0xff, 0xff, 0xff, 0xff, 0xff, 0xff, 0xff, 0xc5, 0xe8, 0x63, 0xe0, 0x63, 0xe0, 0x63, 0xe0, 0x63, 0xe0, 0x63, 0xe0, 0x63, 0xe0, 0x63, 0xe0, 0x63, 0xe0, 0x63, 0xe0, 0x63, 0xe0, 0x63, 0xe0, 0x63, 0xe0, 0x63, 0xe0, 0x63, 0xe0, 0x06, 0xe1, 0x32, 0xf4, 0x19, 0xfe, 0x5a, 0xfe, 0x36, 0xf5, 0x0a, 0xea, 0x63, 0xe0, 0x63, 0xe0, 0x63, 0xe0, 0x63, 0xe8, 0x63, 0xe0, 0x63, 0xe0, 0xc5, 0xe0, 0xb4, 0xf4, 0xff, 0xff, 0xff, 0xff, 0xff, 0xff, 0xff, 0xff, 0xff, 0xff, 0xff, 0xff, 0xff, 0xff, 0xff, 0xff, 0xff, 0xff, 0xff, 0xff, 0xff, 0xff, 0xff, 0xff, 0xff, 0xff, 0xff, 0xff, 0xff, 0xff, 0xff, 0xff, 0xff, 0xff, 0xff, 0xff, 0xff, 0xff, 0xff, 0xff, 0xff, 0xff, 0xff, 0xff, 0xff, 0xff, 0xff, 0xff, 0xff, 0xff, 0xff, 0xff, 0xff, 0xff, 0xff, 0xff, 0xff, 0xff, 0xff, 0xff, 0xff, 0xff, 0xff, 0xff, 0xff, 0xff, 0xff, 0xff, 0xff, 0xff, 0xff, 0xff, 0xff, 0xff, 0xff, 0xff, 0xff, 0xff, 
  0xff, 0xff, 0xff, 0xff, 0xff, 0xff, 0xff, 0xff, 0xff, 0xff, 0xff, 0xff, 0xff, 0xff, 0xff, 0xff, 0xff, 0xff, 0xff, 0xff, 0xff, 0xff, 0xff, 0xff, 0xff, 0xff, 0xff, 0xff, 0xff, 0xff, 0xff, 0xff, 0xff, 0xff, 0xff, 0xff, 0xff, 0xff, 0xff, 0xff, 0xff, 0xff, 0xff, 0xff, 0xff, 0xff, 0xff, 0xff, 0xff, 0xff, 0xff, 0xff, 0xff, 0xff, 0xff, 0xff, 0xff, 0xff, 0xff, 0xff, 0xff, 0xff, 0xff, 0xff, 0xff, 0xff, 0xff, 0xff, 0xff, 0xff, 0xff, 0xff, 0xff, 0xff, 0xff, 0xff, 0x3d, 0xff, 0x4b, 0xe2, 0x63, 0xe0, 0x63, 0xe0, 0x63, 0xe0, 0x63, 0xe0, 0x63, 0xe0, 0x43, 0xe0, 0x63, 0xe0, 0x63, 0xe8, 0x4a, 0xea, 0x39, 0xfe, 0xff, 0xff, 0xff, 0xff, 0x3d, 0xff, 0x73, 0xf4, 0xe5, 0xe0, 0x63, 0xe8, 0x63, 0xe0, 0x63, 0xe0, 0x63, 0xe0, 0x63, 0xe0, 0x63, 0xe0, 0x63, 0xe0, 0x63, 0xe0, 0x63, 0xe0, 0x63, 0xe0, 0x63, 0xe0, 0x63, 0xe0, 0x63, 0xe0, 0x63, 0xe0, 0x63, 0xe0, 0x2e, 0xeb, 0xff, 0xff, 0xff, 0xff, 0xff, 0xff, 0xff, 0xff, 0xff, 0xff, 0xff, 0xff, 0xff, 0xff, 0xff, 0xff, 0xff, 0xff, 0xff, 0xff, 0xbf, 0xff, 0x84, 0xe0, 0x43, 0xe8, 0x63, 0xe0, 0x63, 0xe0, 0x63, 0xe0, 0x63, 0xe0, 0x63, 0xe0, 0x63, 0xe0, 0x63, 0xe0, 0x63, 0xe0, 0x63, 0xe0, 0x63, 0xe0, 0x63, 0xe0, 0x63, 0xe8, 0x6b, 0xe2, 0x7e, 0xff, 0xff, 0xff, 0xff, 0xff, 0xff, 0xff, 0xff, 0xff, 0xff, 0xff, 0xf4, 0xec, 0x83, 0xe0, 0x43, 0xe8, 0x63, 0xe0, 0x63, 0xe0, 0x63, 0xe0, 0x43, 0xe0, 0x63, 0xe0, 0x2a, 0xe2, 0x1c, 0xff, 0xff, 0xff, 0xff, 0xff, 0xff, 0xff, 0xff, 0xff, 0xff, 0xff, 0xff, 0xff, 0xff, 0xff, 0xff, 0xff, 0xff, 0xff, 0xff, 0xff, 0xff, 0xff, 0xff, 0xff, 0xff, 0xff, 0xff, 0xff, 0xff, 0xff, 0xff, 0xff, 0xff, 0xff, 0xff, 0xff, 0xff, 0xff, 0xff, 0xff, 0xff, 0xff, 0xff, 0xff, 0xff, 0xff, 0xff, 0xff, 0xff, 0xff, 0xff, 0xff, 0xff, 0xff, 0xff, 0xff, 0xff, 0xff, 0xff, 0xff, 0xff, 0xff, 0xff, 0xff, 0xff, 0xff, 0xff, 0xff, 0xff, 0xff, 0xff, 0xff, 0xff, 0xff, 
  0xff, 0xff, 0xff, 0xff, 0xff, 0xff, 0xff, 0xff, 0xff, 0xff, 0xff, 0xff, 0xff, 0xff, 0xff, 0xff, 0xff, 0xff, 0xff, 0xff, 0xff, 0xff, 0xff, 0xff, 0xff, 0xff, 0xff, 0xff, 0xff, 0xff, 0xff, 0xff, 0xff, 0xff, 0xff, 0xff, 0xff, 0xff, 0xff, 0xff, 0xff, 0xff, 0xff, 0xff, 0xff, 0xff, 0xff, 0xff, 0xff, 0xff, 0xff, 0xff, 0xff, 0xff, 0xff, 0xff, 0xff, 0xff, 0xff, 0xff, 0xff, 0xff, 0xff, 0xff, 0xff, 0xff, 0xff, 0xff, 0xff, 0xff, 0xff, 0xff, 0xff, 0xff, 0x97, 0xf5, 0x05, 0xe1, 0x63, 0xe8, 0x43, 0xe8, 0x63, 0xe0, 0x63, 0xe0, 0x63, 0xe0, 0x63, 0xe0, 0x63, 0xe0, 0x63, 0xe0, 0xd0, 0xeb, 0xff, 0xff, 0xff, 0xff, 0xff, 0xff, 0xff, 0xff, 0xff, 0xff, 0xff, 0xff, 0xfc, 0xfe, 0x67, 0xe1, 0x63, 0xe0, 0x63, 0xe0, 0x63, 0xe0, 0x63, 0xe0, 0x63, 0xe0, 0x63, 0xe0, 0x63, 0xe0, 0x63, 0xe0, 0x63, 0xe0, 0x63, 0xe0, 0x63, 0xe0, 0x63, 0xe0, 0x63, 0xe0, 0x63, 0xe0, 0x26, 0xe1, 0xff, 0xff, 0xff, 0xff, 0xff, 0xff, 0xff, 0xff, 0xff, 0xff, 0xff, 0xff, 0xff, 0xff, 0xff, 0xff, 0xff, 0xff, 0xff, 0xff, 0xf8, 0xf5, 0x63, 0xe0, 0x43, 0xe8, 0x63, 0xe0, 0x63, 0xe0, 0x63, 0xe0, 0x63, 0xe0, 0x63, 0xe0, 0x63, 0xe0, 0x63, 0xe0, 0x63, 0xe0, 0x63, 0xe0, 0x63, 0xe0, 0x63, 0xe0, 0x4a, 0xe2, 0xff, 0xff, 0xff, 0xff, 0xff, 0xff, 0xff, 0xff, 0xff, 0xff, 0xff, 0xff, 0xff, 0xff, 0xff, 0xff, 0xb4, 0xf4, 0x63, 0xe0, 0x63, 0xe0, 0x63, 0xe0, 0x63, 0xe0, 0x63, 0xe0, 0x43, 0xe8, 0x63, 0xe8, 0xc5, 0xe0, 0x97, 0xf5, 0xff, 0xff, 0xff, 0xff, 0xff, 0xff, 0xff, 0xff, 0xff, 0xff, 0xff, 0xff, 0xff, 0xff, 0xff, 0xff, 0xff, 0xff, 0xff, 0xff, 0xff, 0xff, 0xff, 0xff, 0xff, 0xff, 0xff, 0xff, 0xff, 0xff, 0xff, 0xff, 0xff, 0xff, 0xff, 0xff, 0xff, 0xff, 0xff, 0xff, 0xff, 0xff, 0xff, 0xff, 0xff, 0xff, 0xff, 0xff, 0xff, 0xff, 0xff, 0xff, 0xff, 0xff, 0xff, 0xff, 0xff, 0xff, 0xff, 0xff, 0xff, 0xff, 0xff, 0xff, 0xff, 0xff, 0xff, 0xff, 0xff, 0xff, 0xff, 0xff, 
  0xff, 0xff, 0xff, 0xff, 0xff, 0xff, 0xff, 0xff, 0xff, 0xff, 0xff, 0xff, 0xff, 0xff, 0xff, 0xff, 0xff, 0xff, 0xff, 0xff, 0xff, 0xff, 0xff, 0xff, 0xff, 0xff, 0xff, 0xff, 0xff, 0xff, 0xff, 0xff, 0xff, 0xff, 0xff, 0xff, 0xff, 0xff, 0xff, 0xff, 0xff, 0xff, 0xff, 0xff, 0xff, 0xff, 0xff, 0xff, 0xff, 0xff, 0xff, 0xff, 0xff, 0xff, 0xff, 0xff, 0xff, 0xff, 0xff, 0xff, 0xff, 0xff, 0xff, 0xff, 0xff, 0xff, 0xff, 0xff, 0xff, 0xff, 0xff, 0xff, 0xf1, 0xeb, 0x63, 0xe0, 0x63, 0xe0, 0x43, 0xe8, 0x63, 0xe0, 0x63, 0xe0, 0x63, 0xe0, 0x63, 0xe0, 0x63, 0xe0, 0x62, 0xe0, 0x2e, 0xe3, 0xff, 0xff, 0xff, 0xff, 0xff, 0xff, 0xff, 0xff, 0xff, 0xff, 0xff, 0xff, 0xff, 0xff, 0xff, 0xff, 0xbb, 0xf6, 0x84, 0xe0, 0x63, 0xe0, 0x63, 0xe0, 0x63, 0xe0, 0x63, 0xe0, 0x63, 0xe0, 0x63, 0xe0, 0x63, 0xe0, 0x63, 0xe0, 0x63, 0xe0, 0x63, 0xe0, 0x63, 0xe0, 0x63, 0xe0, 0x63, 0xe0, 0x63, 0xe0, 0xd8, 0xf5, 0xff, 0xff, 0xff, 0xff, 0xff, 0xff, 0xff, 0xff, 0xff, 0xff, 0xff, 0xff, 0xff, 0xff, 0xff, 0xff, 0xff, 0xff, 0xed, 0xea, 0x63, 0xe8, 0x63, 0xe0, 0x63, 0xe0, 0x63, 0xe0, 0x63, 0xe0, 0x63, 0xe0, 0x63, 0xe0, 0x63, 0xe0, 0x63, 0xe0, 0x63, 0xe0, 0x43, 0xe8, 0x63, 0xe0, 0x63, 0xe0, 0x9a, 0xf6, 0xff, 0xff, 0xff, 0xff, 0xff, 0xff, 0xff, 0xff, 0xff, 0xff, 0xff, 0xff, 0xff, 0xff, 0xff, 0xff, 0xff, 0xff, 0x0a, 0xe2, 0x63, 0xe0, 0x63, 0xe0, 0x63, 0xe0, 0x63, 0xe0, 0x63, 0xe0, 0x63, 0xe0, 0x63, 0xe0, 0x63, 0xe0, 0xd0, 0xeb, 0xff, 0xff, 0xff, 0xff, 0xff, 0xff, 0xff, 0xff, 0xff, 0xff, 0xff, 0xff, 0xff, 0xff, 0xff, 0xff, 0xff, 0xff, 0xff, 0xff, 0xff, 0xff, 0xff, 0xff, 0xff, 0xff, 0xff, 0xff, 0xff, 0xff, 0xff, 0xff, 0xff, 0xff, 0xff, 0xff, 0xff, 0xff, 0xff, 0xff, 0xff, 0xff, 0xff, 0xff, 0xff, 0xff, 0xff, 0xff, 0xff, 0xff, 0xff, 0xff, 0xff, 0xff, 0xff, 0xff, 0xff, 0xff, 0xff, 0xff, 0xff, 0xff, 0xff, 0xff, 0xff, 0xff, 0xff, 0xff, 0xff, 0xff, 
  0xff, 0xff, 0xff, 0xff, 0xff, 0xff, 0xff, 0xff, 0xff, 0xff, 0xff, 0xff, 0xff, 0xff, 0xff, 0xff, 0xff, 0xff, 0xff, 0xff, 0xff, 0xff, 0xff, 0xff, 0xff, 0xff, 0xff, 0xff, 0xff, 0xff, 0xff, 0xff, 0xff, 0xff, 0xff, 0xff, 0xff, 0xff, 0xff, 0xff, 0xff, 0xff, 0xff, 0xff, 0xff, 0xff, 0xff, 0xff, 0xff, 0xff, 0xff, 0xff, 0xff, 0xff, 0xff, 0xff, 0xff, 0xff, 0xff, 0xff, 0xff, 0xff, 0xff, 0xff, 0xff, 0xff, 0xff, 0xff, 0x9e, 0xff, 0xac, 0xe2, 0x63, 0xe0, 0x63, 0xe0, 0x63, 0xe0, 0x63, 0xe0, 0x63, 0xe0, 0x63, 0xe0, 0x63, 0xe0, 0x63, 0xe0, 0x63, 0xe0, 0x84, 0xe0, 0x1c, 0xff, 0xff, 0xff, 0xff, 0xff, 0xff, 0xff, 0xff, 0xff, 0xff, 0xff, 0xff, 0xff, 0xff, 0xff, 0xff, 0xff, 0xff, 0xff, 0x0d, 0xe3, 0x43, 0xe0, 0x63, 0xe0, 0x63, 0xe0, 0x63, 0xe0, 0x63, 0xe0, 0x63, 0xe0, 0x63, 0xe0, 0x63, 0xe0, 0x63, 0xe0, 0x63, 0xe0, 0x63, 0xe0, 0x63, 0xe0, 0x63, 0xe0, 0x43, 0xe8, 0x88, 0xe9, 0x9e, 0xff, 0xff, 0xff, 0xff, 0xff, 0xff, 0xff, 0xff, 0xff, 0xff, 0xff, 0xff, 0xff, 0xff, 0xff, 0x77, 0xf5, 0x63, 0xe0, 0x63, 0xe0, 0x63, 0xe0, 0x63, 0xe0, 0x63, 0xe0, 0x63, 0xe0, 0x63, 0xe0, 0x63, 0xe0, 0x63, 0xe0, 0x63, 0xe0, 0x63, 0xe0, 0x63, 0xe0, 0x43, 0xe0, 0x09, 0xe2, 0xff, 0xff, 0xff, 0xff, 0xff, 0xff, 0xff, 0xff, 0xff, 0xff, 0xff, 0xff, 0xff, 0xff, 0xff, 0xff, 0xff, 0xff, 0xff, 0xff, 0xb3, 0xf4, 0x63, 0xe0, 0x63, 0xe0, 0x63, 0xe0, 0x63, 0xe0, 0x63, 0xe0, 0x63, 0xe0, 0x63, 0xe0, 0x63, 0xe0, 0x63, 0xe0, 0xcd, 0xea, 0xdf, 0xff, 0xff, 0xff, 0xff, 0xff, 0xff, 0xff, 0xff, 0xff, 0xff, 0xff, 0xff, 0xff, 0xff, 0xff, 0xff, 0xff, 0xff, 0xff, 0xff, 0xff, 0xff, 0xff, 0xff, 0xff, 0xff, 0xff, 0xff, 0xff, 0xff, 0xff, 0xff, 0xff, 0xff, 0xff, 0xff, 0xff, 0xff, 0xff, 0xff, 0xff, 0xff, 0xff, 0xff, 0xff, 0xff, 0xff, 0xff, 0xff, 0xff, 0xff, 0xff, 0xff, 0xff, 0xff, 0xff, 0xff, 0xff, 0xff, 0xff, 0xff, 0xff, 0xff, 0xff, 0xff, 0xff, 0xff, 
  0xff, 0xff, 0xff, 0xff, 0xff, 0xff, 0xff, 0xff, 0xff, 0xff, 0xff, 0xff, 0xff, 0xff, 0xff, 0xff, 0xff, 0xff, 0xff, 0xff, 0xff, 0xff, 0xff, 0xff, 0xff, 0xff, 0xff, 0xff, 0xff, 0xff, 0xff, 0xff, 0xff, 0xff, 0xff, 0xff, 0xff, 0xff, 0xff, 0xff, 0xff, 0xff, 0xff, 0xff, 0xff, 0xff, 0xff, 0xff, 0xff, 0xff, 0xff, 0xff, 0xff, 0xff, 0xff, 0xff, 0xff, 0xff, 0xff, 0xff, 0xff, 0xff, 0xff, 0xff, 0xff, 0xff, 0x7e, 0xff, 0xe9, 0xe1, 0x63, 0xe0, 0x43, 0xe8, 0x63, 0xe0, 0x63, 0xe0, 0x63, 0xe0, 0x63, 0xe0, 0x63, 0xe0, 0x63, 0xe0, 0x63, 0xe0, 0x43, 0xe8, 0x6b, 0xe2, 0xff, 0xff, 0xff, 0xff, 0xff, 0xff, 0xff, 0xff, 0xff, 0xff, 0xff, 0xff, 0xff, 0xff, 0xff, 0xff, 0xff, 0xff, 0xff, 0xff, 0xb7, 0xf5, 0x63, 0xe0, 0x43, 0xe8, 0x63, 0xe0, 0x63, 0xe0, 0x63, 0xe0, 0x63, 0xe0, 0x63, 0xe0, 0x63, 0xe0, 0x63, 0xe0, 0x63, 0xe0, 0x63, 0xe0, 0x63, 0xe0, 0x63, 0xe0, 0x63, 0xe0, 0x62, 0xe0, 0x0a, 0xe2, 0x7e, 0xff, 0xff, 0xff, 0xff, 0xff, 0xff, 0xff, 0xff, 0xff, 0xff, 0xff, 0xd8, 0xf5, 0xc5, 0xe0, 0x43, 0xe8, 0x63, 0xe0, 0x63, 0xe0, 0x63, 0xe0, 0x63, 0xe0, 0x63, 0xe0, 0x63, 0xe0, 0x63, 0xe0, 0x63, 0xe0, 0x63, 0xe0, 0x63, 0xe0, 0x63, 0xe0, 0x63, 0xe0, 0x32, 0xec, 0xff, 0xff, 0xff, 0xff, 0xff, 0xff, 0xff, 0xff, 0xff, 0xff, 0xff, 0xff, 0xff, 0xff, 0xff, 0xff, 0xff, 0xff, 0xff, 0xff, 0xbb, 0xfe, 0x63, 0xe0, 0x63, 0xe0, 0x63, 0xe0, 0x63, 0xe0, 0x63, 0xe0, 0x63, 0xe0, 0x63, 0xe0, 0x63, 0xe0, 0x43, 0xe8, 0x63, 0xe0, 0x09, 0xda, 0x9e, 0xff, 0xff, 0xff, 0xff, 0xff, 0xff, 0xff, 0xff, 0xff, 0xff, 0xff, 0xff, 0xff, 0xff, 0xff, 0xff, 0xff, 0xff, 0xff, 0xff, 0xff, 0xff, 0xff, 0xff, 0xff, 0xff, 0xff, 0xff, 0xff, 0xff, 0xff, 0xff, 0xff, 0xff, 0xff, 0xff, 0xff, 0xff, 0xff, 0xff, 0xff, 0xff, 0xff, 0xff, 0xff, 0xff, 0xff, 0xff, 0xff, 0xff, 0xff, 0xff, 0xff, 0xff, 0xff, 0xff, 0xff, 0xff, 0xff, 0xff, 0xff, 0xff, 0xff, 0xff, 0xff, 
  0xff, 0xff, 0xff, 0xff, 0xff, 0xff, 0xff, 0xff, 0xff, 0xff, 0xff, 0xff, 0xff, 0xff, 0xff, 0xff, 0xff, 0xff, 0xff, 0xff, 0xff, 0xff, 0xff, 0xff, 0xff, 0xff, 0xff, 0xff, 0xff, 0xff, 0xff, 0xff, 0xff, 0xff, 0xff, 0xff, 0xff, 0xff, 0xff, 0xff, 0xff, 0xff, 0xff, 0xff, 0xff, 0xff, 0xff, 0xff, 0xff, 0xff, 0xff, 0xff, 0xff, 0xff, 0xff, 0xff, 0xff, 0xff, 0xff, 0xff, 0xff, 0xff, 0xff, 0xff, 0x7d, 0xff, 0xc9, 0xe1, 0x62, 0xe8, 0x43, 0xe0, 0x63, 0xe0, 0x63, 0xe0, 0x63, 0xe0, 0x63, 0xe0, 0x63, 0xe0, 0x63, 0xe0, 0x63, 0xe0, 0x63, 0xe0, 0x63, 0xe0, 0xb4, 0xec, 0xff, 0xff, 0xff, 0xff, 0xff, 0xff, 0xff, 0xff, 0xff, 0xff, 0xff, 0xff, 0xff, 0xff, 0xff, 0xff, 0xff, 0xff, 0xff, 0xff, 0x5d, 0xff, 0x63, 0xd8, 0x43, 0xe0, 0x63, 0xe0, 0x63, 0xe0, 0x63, 0xe0, 0x63, 0xe0, 0x63, 0xe0, 0x63, 0xe0, 0x63, 0xe0, 0x63, 0xe0, 0x63, 0xe0, 0x63, 0xe0, 0x63, 0xe0, 0x43, 0xe0, 0x43, 0xe0, 0x63, 0xe0, 0xe5, 0xe0, 0x11, 0xec, 0x3a, 0xfe, 0x9b, 0xfe, 0x97, 0xf5, 0x0d, 0xeb, 0x84, 0xe0, 0x43, 0xe8, 0x63, 0xe0, 0x63, 0xe0, 0x63, 0xe0, 0x63, 0xe0, 0x63, 0xe0, 0x63, 0xe0, 0x63, 0xe0, 0x63, 0xe0, 0x63, 0xe0, 0x63, 0xe0, 0x63, 0xe0, 0x43, 0xe8, 0x63, 0xe0, 0x15, 0xf5, 0xff, 0xff, 0xff, 0xff, 0xff, 0xff, 0xff, 0xff, 0xff, 0xff, 0xff, 0xff, 0xff, 0xff, 0xff, 0xff, 0xff, 0xff, 0xff, 0xff, 0xbe, 0xff, 0x84, 0xe0, 0x63, 0xe0, 0x63, 0xe0, 0x63, 0xe0, 0x63, 0xe0, 0x63, 0xe0, 0x63, 0xe0, 0x63, 0xe0, 0x63, 0xe0, 0x43, 0xe8, 0x63, 0xe0, 0xe9, 0xe1, 0x7e, 0xff, 0xff, 0xff, 0xff, 0xff, 0xff, 0xff, 0xff, 0xff, 0xff, 0xff, 0xff, 0xff, 0xff, 0xff, 0xff, 0xff, 0xff, 0xff, 0xff, 0xff, 0xff, 0xff, 0xff, 0xff, 0xff, 0xff, 0xff, 0xff, 0xff, 0xff, 0xff, 0xff, 0xff, 0xff, 0xff, 0xff, 0xff, 0xff, 0xff, 0xff, 0xff, 0xff, 0xff, 0xff, 0xff, 0xff, 0xff, 0xff, 0xff, 0xff, 0xff, 0xff, 0xff, 0xff, 0xff, 0xff, 0xff, 0xff, 0xff, 0xff, 0xff, 0xff, 
  0xff, 0xff, 0xff, 0xff, 0xff, 0xff, 0xff, 0xff, 0xff, 0xff, 0xff, 0xff, 0xff, 0xff, 0xff, 0xff, 0xff, 0xff, 0xff, 0xff, 0xff, 0xff, 0xff, 0xff, 0xff, 0xff, 0xff, 0xff, 0xff, 0xff, 0xff, 0xff, 0xff, 0xff, 0xff, 0xff, 0xff, 0xff, 0xff, 0xff, 0xff, 0xff, 0xff, 0xff, 0xff, 0xff, 0xff, 0xff, 0xff, 0xff, 0xff, 0xff, 0xff, 0xff, 0xff, 0xff, 0xff, 0xff, 0xff, 0xff, 0xff, 0xff, 0x9e, 0xff, 0xc9, 0xe1, 0x43, 0xe8, 0x63, 0xe0, 0x63, 0xe0, 0x63, 0xe0, 0x63, 0xe0, 0x63, 0xe0, 0x63, 0xe0, 0x63, 0xe0, 0x63, 0xe0, 0x63, 0xe0, 0x63, 0xe0, 0x62, 0xe0, 0xd4, 0xf4, 0xff, 0xff, 0xff, 0xff, 0xff, 0xff, 0xff, 0xff, 0xff, 0xff, 0xff, 0xff, 0xff, 0xff, 0xff, 0xff, 0xff, 0xff, 0xff, 0xff, 0xdf, 0xff, 0xa4, 0xe0, 0x43, 0xe8, 0x63, 0xe0, 0x63, 0xe0, 0x63, 0xe0, 0x63, 0xe0, 0x63, 0xe0, 0x63, 0xe0, 0x63, 0xe0, 0x63, 0xe0, 0x63, 0xe0, 0x63, 0xe0, 0x63, 0xe0, 0x63, 0xe0, 0x63, 0xe0, 0x63, 0xe0, 0x63, 0xe0, 0x63, 0xe0, 0x63, 0xe0, 0x63, 0xe0, 0x43, 0xe8, 0x63, 0xe8, 0x63, 0xe0, 0x63, 0xe0, 0x63, 0xe0, 0x63, 0xe0, 0x63, 0xe0, 0x63, 0xe0, 0x63, 0xe0, 0x63, 0xe0, 0x63, 0xe0, 0x63, 0xe0, 0x63, 0xe0, 0x63, 0xe0, 0x63, 0xe0, 0x63, 0xe0, 0x63, 0xe0, 0x35, 0xf5, 0xff, 0xff, 0xff, 0xff, 0xff, 0xff, 0xff, 0xff, 0xff, 0xff, 0xff, 0xff, 0xff, 0xff, 0xff, 0xff, 0xff, 0xff, 0xff, 0xff, 0x9e, 0xff, 0x83, 0xe0, 0x63, 0xe0, 0x63, 0xe0, 0x63, 0xe0, 0x63, 0xe0, 0x63, 0xe0, 0x63, 0xe0, 0x63, 0xe0, 0x63, 0xe0, 0x63, 0xe0, 0x63, 0xe0, 0x63, 0xe0, 0xe9, 0xe1, 0x9e, 0xff, 0xff, 0xff, 0xff, 0xff, 0xff, 0xff, 0xff, 0xff, 0xff, 0xff, 0xff, 0xff, 0xff, 0xff, 0xff, 0xff, 0xff, 0xff, 0xff, 0xff, 0xff, 0xff, 0xff, 0xff, 0xff, 0xff, 0xff, 0xff, 0xff, 0xff, 0xff, 0xff, 0xff, 0xff, 0xff, 0xff, 0xff, 0xff, 0xff, 0xff, 0xff, 0xff, 0xff, 0xff, 0xff, 0xff, 0xff, 0xff, 0xff, 0xff, 0xff, 0xff, 0xff, 0xff, 0xff, 0xff, 0xff, 0xff, 0xff, 0xff, 
  0xff, 0xff, 0xff, 0xff, 0xff, 0xff, 0xff, 0xff, 0xff, 0xff, 0xff, 0xff, 0xff, 0xff, 0xff, 0xff, 0xff, 0xff, 0xff, 0xff, 0xff, 0xff, 0xff, 0xff, 0xff, 0xff, 0xff, 0xff, 0xff, 0xff, 0xff, 0xff, 0xff, 0xff, 0xff, 0xff, 0xff, 0xff, 0xff, 0xff, 0xff, 0xff, 0xff, 0xff, 0xff, 0xff, 0xff, 0xff, 0xff, 0xff, 0xff, 0xff, 0xff, 0xff, 0xff, 0xff, 0xff, 0xff, 0xff, 0xff, 0xdf, 0xff, 0x6b, 0xe2, 0x62, 0xe0, 0x63, 0xe0, 0x63, 0xe0, 0x63, 0xe0, 0x63, 0xe0, 0x63, 0xe0, 0x63, 0xe0, 0x63, 0xe0, 0x63, 0xe0, 0x63, 0xe0, 0x63, 0xe0, 0x63, 0xe0, 0x63, 0xe0, 0x73, 0xf4, 0xff, 0xff, 0xff, 0xff, 0xff, 0xff, 0xff, 0xff, 0xff, 0xff, 0xff, 0xff, 0xff, 0xff, 0xff, 0xff, 0xff, 0xff, 0xff, 0xff, 0x7d, 0xff, 0x63, 0xe0, 0x63, 0xe0, 0x63, 0xe8, 0x63, 0xe0, 0x63, 0xe0, 0x63, 0xe0, 0x63, 0xe0, 0x63, 0xe0, 0x63, 0xe0, 0x63, 0xe0, 0x63, 0xe0, 0x63, 0xe0, 0x63, 0xe0, 0x63, 0xe0, 0x63, 0xe0, 0x63, 0xe0, 0x43, 0xe8, 0x63, 0xe0, 0x43, 0xe8, 0x43, 0xe0, 0x63, 0xe0, 0x63, 0xe0, 0x63, 0xe0, 0x63, 0xe0, 0x63, 0xe0, 0x63, 0xe0, 0x63, 0xe0, 0x63, 0xe0, 0x63, 0xe0, 0x63, 0xe0, 0x63, 0xe0, 0x63, 0xe0, 0x63, 0xe0, 0x63, 0xe0, 0x63, 0xe0, 0x63, 0xe0, 0x63, 0xe0, 0x73, 0xf4, 0xff, 0xff, 0xff, 0xff, 0xff, 0xff, 0xff, 0xff, 0xff, 0xff, 0xff, 0xff, 0xff, 0xff, 0xff, 0xff, 0xff, 0xff, 0xff, 0xff, 0x5a, 0xfe, 0x63, 0xe0, 0x63, 0xe0, 0x63, 0xe0, 0x63, 0xe0, 0x63, 0xe0, 0x63, 0xe0, 0x63, 0xe0, 0x63, 0xe0, 0x63, 0xe0, 0x63, 0xe0, 0x63, 0xe0, 0x63, 0xe0, 0x63, 0xe0, 0xcc, 0xe2, 0xff, 0xff, 0xff, 0xff, 0xff, 0xff, 0xff, 0xff, 0xff, 0xff, 0xff, 0xff, 0xff, 0xff, 0xff, 0xff, 0xff, 0xff, 0xff, 0xff, 0xff, 0xff, 0xff, 0xff, 0xff, 0xff, 0xff, 0xff, 0xff, 0xff, 0xff, 0xff, 0xff, 0xff, 0xff, 0xff, 0xff, 0xff, 0xff, 0xff, 0xff, 0xff, 0xff, 0xff, 0xff, 0xff, 0xff, 0xff, 0xff, 0xff, 0xff, 0xff, 0xff, 0xff, 0xff, 0xff, 0xff, 0xff, 0xff, 0xff, 
  0xff, 0xff, 0xff, 0xff, 0xff, 0xff, 0xff, 0xff, 0xff, 0xff, 0xff, 0xff, 0xff, 0xff, 0xff, 0xff, 0xff, 0xff, 0xff, 0xff, 0xff, 0xff, 0xff, 0xff, 0xff, 0xff, 0xff, 0xff, 0xff, 0xff, 0xff, 0xff, 0xff, 0xff, 0xff, 0xff, 0xff, 0xff, 0xff, 0xff, 0xff, 0xff, 0xff, 0xff, 0xff, 0xff, 0xff, 0xff, 0xff, 0xff, 0xff, 0xff, 0xff, 0xff, 0xff, 0xff, 0xff, 0xff, 0xff, 0xff, 0xb0, 0xeb, 0x63, 0xe0, 0x63, 0xe0, 0x63, 0xe0, 0x63, 0xe0, 0x63, 0xe0, 0x63, 0xe0, 0x63, 0xe0, 0x63, 0xe0, 0x63, 0xe0, 0x63, 0xe0, 0x63, 0xe0, 0x63, 0xe0, 0x63, 0xe0, 0x43, 0xe0, 0x0d, 0xe3, 0xff, 0xff, 0xff, 0xff, 0xff, 0xff, 0xff, 0xff, 0xff, 0xff, 0xff, 0xff, 0xff, 0xff, 0xff, 0xff, 0xff, 0xff, 0xff, 0xff, 0x5a, 0xfe, 0x63, 0xe0, 0x43, 0xe8, 0x43, 0xe8, 0x63, 0xe0, 0x63, 0xe0, 0x63, 0xe0, 0x63, 0xe0, 0x63, 0xe0, 0x63, 0xe0, 0x63, 0xe0, 0x63, 0xe0, 0x63, 0xe0, 0x63, 0xe0, 0x63, 0xe0, 0x63, 0xe0, 0x63, 0xe0, 0x63, 0xe0, 0x63, 0xe8, 0x83, 0xe0, 0x05, 0xe1, 0xa4, 0xd8, 0x43, 0xe8, 0x63, 0xe0, 0x63, 0xe0, 0x63, 0xe0, 0x63, 0xe0, 0x63, 0xe0, 0x63, 0xe0, 0x63, 0xe0, 0x63, 0xe0, 0x63, 0xe0, 0x63, 0xe0, 0x63, 0xe0, 0x63, 0xe0, 0x63, 0xe0, 0x63, 0xe0, 0x63, 0xe0, 0x2a, 0xe2, 0xff, 0xff, 0xff, 0xff, 0xff, 0xff, 0xff, 0xff, 0xff, 0xff, 0xff, 0xff, 0xff, 0xff, 0xff, 0xff, 0xff, 0xff, 0xff, 0xff, 0x72, 0xec, 0x63, 0xe0, 0x63, 0xe0, 0x63, 0xe0, 0x63, 0xe0, 0x63, 0xe0, 0x63, 0xe0, 0x63, 0xe0, 0x63, 0xe0, 0x63, 0xe0, 0x63, 0xe0, 0x63, 0xe0, 0x63, 0xe0, 0x63, 0xe0, 0x63, 0xe0, 0x31, 0xec, 0xff, 0xff, 0xff, 0xff, 0xff, 0xff, 0xff, 0xff, 0xff, 0xff, 0xff, 0xff, 0xff, 0xff, 0xff, 0xff, 0xff, 0xff, 0xff, 0xff, 0xff, 0xff, 0xff, 0xff, 0xff, 0xff, 0xff, 0xff, 0xff, 0xff, 0xff, 0xff, 0xff, 0xff, 0xff, 0xff, 0xff, 0xff, 0xff, 0xff, 0xff, 0xff, 0xff, 0xff, 0xff, 0xff, 0xff, 0xff, 0xff, 0xff, 0xff, 0xff, 0xff, 0xff, 0xff, 0xff, 0xff, 0xff, 
  0xff, 0xff, 0xff, 0xff, 0xff, 0xff, 0xff, 0xff, 0xff, 0xff, 0xff, 0xff, 0xff, 0xff, 0xff, 0xff, 0xff, 0xff, 0xff, 0xff, 0xff, 0xff, 0xff, 0xff, 0xff, 0xff, 0xff, 0xff, 0xff, 0xff, 0xff, 0xff, 0xff, 0xff, 0xff, 0xff, 0xff, 0xff, 0xff, 0xff, 0xff, 0xff, 0xff, 0xff, 0xff, 0xff, 0xff, 0xff, 0xff, 0xff, 0xff, 0xff, 0xff, 0xff, 0xff, 0xff, 0xff, 0xff, 0xb7, 0xf5, 0x63, 0xe0, 0x43, 0xe8, 0x63, 0xe0, 0x63, 0xe0, 0x63, 0xe0, 0x63, 0xe0, 0x63, 0xe0, 0x63, 0xe0, 0x63, 0xe0, 0x63, 0xe0, 0x63, 0xe0, 0x63, 0xe0, 0x63, 0xe0, 0x63, 0xe0, 0x43, 0xe8, 0x26, 0xe1, 0xff, 0xff, 0xff, 0xff, 0xff, 0xff, 0xff, 0xff, 0xff, 0xff, 0xff, 0xff, 0xff, 0xff, 0xff, 0xff, 0xff, 0xff, 0xff, 0xff, 0x31, 0xec, 0x63, 0xe0, 0x63, 0xe0, 0x63, 0xe0, 0x63, 0xe0, 0x63, 0xe0, 0x63, 0xe0, 0x63, 0xe0, 0x63, 0xe0, 0x63, 0xe0, 0x63, 0xe0, 0x63, 0xe0, 0x63, 0xe0, 0x63, 0xe0, 0x63, 0xe0, 0x43, 0xe8, 0x63, 0xe0, 0x8c, 0xea, 0x97, 0xf5, 0x9e, 0xff, 0xff, 0xff, 0xff, 0xff, 0x9b, 0xfe, 0x93, 0xec, 0x47, 0xe1, 0x63, 0xe0, 0x63, 0xe8, 0x43, 0xe0, 0x43, 0xe0, 0x63, 0xe0, 0x63, 0xe0, 0x63, 0xe0, 0x63, 0xe0, 0x63, 0xe0, 0x63, 0xe0, 0x63, 0xe0, 0x43, 0xe0, 0x62, 0xe0, 0x63, 0xe8, 0x7a, 0xfe, 0xff, 0xff, 0xff, 0xff, 0xff, 0xff, 0xff, 0xff, 0xff, 0xff, 0xff, 0xff, 0xff, 0xff, 0xff, 0xff, 0xdf, 0xff, 0x46, 0xe1, 0x63, 0xe0, 0x63, 0xe0, 0x63, 0xe0, 0x63, 0xe0, 0x63, 0xe0, 0x63, 0xe0, 0x63, 0xe0, 0x63, 0xe0, 0x63, 0xe0, 0x63, 0xe0, 0x63, 0xe0, 0x63, 0xe0, 0x63, 0xe0, 0x63, 0xe0, 0x64, 0xe0, 0x39, 0xfe, 0xff, 0xff, 0xff, 0xff, 0xff, 0xff, 0xff, 0xff, 0xff, 0xff, 0xff, 0xff, 0xff, 0xff, 0xff, 0xff, 0xff, 0xff, 0xff, 0xff, 0xff, 0xff, 0xff, 0xff, 0xff, 0xff, 0xff, 0xff, 0xff, 0xff, 0xff, 0xff, 0xff, 0xff, 0xff, 0xff, 0xff, 0xff, 0xff, 0xff, 0xff, 0xff, 0xff, 0xff, 0xff, 0xff, 0xff, 0xff, 0xff, 0xff, 0xff, 0xff, 0xff, 0xff, 0xff, 0xff, 
  0xff, 0xff, 0xff, 0xff, 0xff, 0xff, 0xff, 0xff, 0xff, 0xff, 0xff, 0xff, 0xff, 0xff, 0xff, 0xff, 0xff, 0xff, 0xff, 0xff, 0xff, 0xff, 0xff, 0xff, 0xff, 0xff, 0xff, 0xff, 0xff, 0xff, 0xff, 0xff, 0xff, 0xff, 0xff, 0xff, 0xff, 0xff, 0xff, 0xff, 0xff, 0xff, 0xff, 0xff, 0xff, 0xff, 0xff, 0xff, 0xff, 0xff, 0xff, 0xff, 0xff, 0xff, 0xff, 0xff, 0x7e, 0xff, 0x46, 0xd9, 0x63, 0xe8, 0x63, 0xe0, 0x63, 0xe0, 0x63, 0xe0, 0x63, 0xe0, 0x63, 0xe0, 0x63, 0xe0, 0x63, 0xe0, 0x63, 0xe0, 0x63, 0xe0, 0x63, 0xe0, 0x63, 0xe0, 0x63, 0xe0, 0x63, 0xe0, 0x63, 0xe0, 0x63, 0xe0, 0xb3, 0xec, 0xff, 0xff, 0xff, 0xff, 0xff, 0xff, 0xff, 0xff, 0xff, 0xff, 0xff, 0xff, 0xff, 0xff, 0xff, 0xff, 0x9e, 0xff, 0xe5, 0xe0, 0x43, 0xe0, 0x63, 0xe0, 0x43, 0xe8, 0x63, 0xe0, 0x63, 0xe0, 0x63, 0xe0, 0x63, 0xe0, 0x63, 0xe0, 0x63, 0xe0, 0x63, 0xe0, 0x63, 0xe0, 0x63, 0xe0, 0x63, 0xe0, 0x63, 0xe0, 0x47, 0xe1, 0x18, 0xf6, 0xff, 0xff, 0xff, 0xff, 0xff, 0xff, 0xff, 0xff, 0xff, 0xff, 0xff, 0xff, 0xff, 0xff, 0xdf, 0xff, 0x32, 0xe4, 0x64, 0xe0, 0x63, 0xe0, 0x63, 0xe0, 0x63, 0xe0, 0x63, 0xe0, 0x63, 0xe0, 0x63, 0xe0, 0x63, 0xe0, 0x63, 0xe0, 0x63, 0xe0, 0x63, 0xe0, 0x43, 0xe8, 0x63, 0xe0, 0xc8, 0xe1, 0xbf, 0xff, 0xff, 0xff, 0xff, 0xff, 0xff, 0xff, 0xff, 0xff, 0xff, 0xff, 0xff, 0xff, 0xff, 0xff, 0xb0, 0xeb, 0x63, 0xe0, 0x63, 0xe0, 0x63, 0xe0, 0x63, 0xe0, 0x63, 0xe0, 0x63, 0xe0, 0x63, 0xe0, 0x63, 0xe0, 0x63, 0xe0, 0x63, 0xe0, 0x63, 0xe0, 0x63, 0xe0, 0x63, 0xe0, 0x63, 0xe0, 0x43, 0xe0, 0x63, 0xe0, 0x67, 0xe1, 0x9e, 0xff, 0xff, 0xff, 0xff, 0xff, 0xff, 0xff, 0xff, 0xff, 0xff, 0xff, 0xff, 0xff, 0xff, 0xff, 0xff, 0xff, 0xff, 0xff, 0xff, 0xff, 0xff, 0xff, 0xff, 0xff, 0xff, 0xff, 0xff, 0xff, 0xff, 0xff, 0xff, 0xff, 0xff, 0xff, 0xff, 0xff, 0xff, 0xff, 0xff, 0xff, 0xff, 0xff, 0xff, 0xff, 0xff, 0xff, 0xff, 0xff, 0xff, 0xff, 0xff, 0xff, 0xff, 0xff, 
  0xff, 0xff, 0xff, 0xff, 0xff, 0xff, 0xff, 0xff, 0xff, 0xff, 0xff, 0xff, 0xff, 0xff, 0xff, 0xff, 0xff, 0xff, 0xff, 0xff, 0xff, 0xff, 0xff, 0xff, 0xff, 0xff, 0xff, 0xff, 0xff, 0xff, 0xff, 0xff, 0xff, 0xff, 0xff, 0xff, 0xff, 0xff, 0xff, 0xff, 0xff, 0xff, 0xff, 0xff, 0xff, 0xff, 0xff, 0xff, 0xff, 0xff, 0xff, 0xff, 0xff, 0xff, 0xff, 0xff, 0x4f, 0xe3, 0x43, 0xe8, 0x63, 0xe0, 0x63, 0xe0, 0x63, 0xe0, 0x63, 0xe0, 0x63, 0xe0, 0x63, 0xe0, 0x63, 0xe0, 0x63, 0xe0, 0x63, 0xe0, 0x63, 0xe0, 0x63, 0xe0, 0x63, 0xe0, 0x63, 0xe0, 0x63, 0xe0, 0x63, 0xe0, 0x63, 0xe0, 0xa4, 0xe0, 0xdb, 0xf6, 0xff, 0xff, 0xff, 0xff, 0xff, 0xff, 0xff, 0xff, 0xff, 0xff, 0xff, 0xff, 0xff, 0xff, 0x0e, 0xeb, 0x63, 0xe0, 0x63, 0xe0, 0x63, 0xe0, 0x63, 0xe0, 0x63, 0xe0, 0x63, 0xe0, 0x63, 0xe0, 0x63, 0xe0, 0x63, 0xe0, 0x63, 0xe0, 0x63, 0xe0, 0x43, 0xe8, 0x63, 0xe0, 0x63, 0xe0, 0x8b, 0xe2, 0x9e, 0xff, 0xff, 0xff, 0xff, 0xff, 0xff, 0xff, 0xff, 0xff, 0xff, 0xff, 0xff, 0xff, 0xff, 0xff, 0xff, 0xff, 0xff, 0xff, 0xff, 0xff, 0xf8, 0xf5, 0xa4, 0xe0, 0x63, 0xe0, 0x63, 0xe0, 0x43, 0xe8, 0x63, 0xe0, 0x63, 0xe0, 0x63, 0xe0, 0x63, 0xe0, 0x63, 0xe0, 0x63, 0xe0, 0x63, 0xe0, 0x63, 0xe0, 0x63, 0xe0, 0x8c, 0xe2, 0x9e, 0xff, 0xff, 0xff, 0xff, 0xff, 0xff, 0xff, 0xff, 0xff, 0xff, 0xff, 0x93, 0xe4, 0x43, 0xe0, 0x63, 0xe0, 0x63, 0xe0, 0x63, 0xe0, 0x63, 0xe0, 0x63, 0xe0, 0x63, 0xe0, 0x63, 0xe0, 0x63, 0xe0, 0x63, 0xe0, 0x63, 0xe0, 0x63, 0xe0, 0x63, 0xe0, 0x63, 0xe0, 0x63, 0xe0, 0x63, 0xe0, 0x43, 0xe0, 0x63, 0xe0, 0xaf, 0xeb, 0xff, 0xff, 0xff, 0xff, 0xff, 0xff, 0xff, 0xff, 0xff, 0xff, 0xff, 0xff, 0xff, 0xff, 0xff, 0xff, 0xff, 0xff, 0xff, 0xff, 0xff, 0xff, 0xff, 0xff, 0xff, 0xff, 0xff, 0xff, 0xff, 0xff, 0xff, 0xff, 0xff, 0xff, 0xff, 0xff, 0xff, 0xff, 0xff, 0xff, 0xff, 0xff, 0xff, 0xff, 0xff, 0xff, 0xff, 0xff, 0xff, 0xff, 0xff, 0xff, 0xff, 0xff, 
  0xff, 0xff, 0xff, 0xff, 0xff, 0xff, 0xff, 0xff, 0xff, 0xff, 0xff, 0xff, 0xff, 0xff, 0xff, 0xff, 0xff, 0xff, 0xff, 0xff, 0xff, 0xff, 0xff, 0xff, 0xff, 0xff, 0xff, 0xff, 0xff, 0xff, 0xff, 0xff, 0xff, 0xff, 0xff, 0xff, 0xff, 0xff, 0xff, 0xff, 0xff, 0xff, 0xff, 0xff, 0xff, 0xff, 0xff, 0xff, 0xff, 0xff, 0xff, 0xff, 0xff, 0xff, 0x39, 0xf6, 0x83, 0xe0, 0x43, 0xe8, 0x63, 0xe0, 0x63, 0xe0, 0x63, 0xe0, 0x63, 0xe0, 0x63, 0xe0, 0x63, 0xe0, 0x63, 0xe0, 0x63, 0xe0, 0x63, 0xe0, 0x63, 0xe0, 0x63, 0xe0, 0x63, 0xe0, 0x63, 0xe0, 0x63, 0xe0, 0x63, 0xe0, 0x63, 0xe0, 0x63, 0xe8, 0x88, 0xe1, 0x59, 0xf6, 0xff, 0xff, 0xff, 0xff, 0xff, 0xff, 0xff, 0xff, 0x7e, 0xff, 0xed, 0xe2, 0x62, 0xe0, 0x43, 0xe8, 0x63, 0xe0, 0x63, 0xe0, 0x63, 0xe0, 0x63, 0xe0, 0x63, 0xe0, 0x63, 0xe0, 0x63, 0xe0, 0x63, 0xe0, 0x63, 0xe0, 0x63, 0xe0, 0x63, 0xe0, 0x43, 0xe8, 0x0a, 0xea, 0xdf, 0xff, 0xff, 0xff, 0xff, 0xff, 0xff, 0xff, 0xff, 0xff, 0xff, 0xff, 0xff, 0xff, 0xff, 0xff, 0xff, 0xff, 0xff, 0xff, 0xff, 0xff, 0xff, 0xff, 0xff, 0xff, 0xd8, 0xf5, 0x64, 0xe8, 0x43, 0xe0, 0x63, 0xe0, 0x63, 0xe0, 0x63, 0xe0, 0x63, 0xe0, 0x63, 0xe0, 0x63, 0xe0, 0x63, 0xe0, 0x63, 0xe0, 0x63, 0xe0, 0x63, 0xe0, 0x63, 0xe0, 0x47, 0xe1, 0x93, 0xec, 0x39, 0xf6, 0x9a, 0xee, 0x76, 0xf5, 0x2a, 0xea, 0x63, 0xe8, 0x62, 0xe0, 0x63, 0xe0, 0x63, 0xe0, 0x63, 0xe0, 0x63, 0xe0, 0x63, 0xe0, 0x63, 0xe0, 0x63, 0xe0, 0x63, 0xe0, 0x63, 0xe0, 0x63, 0xe0, 0x63, 0xe0, 0x63, 0xe0, 0x63, 0xe0, 0x63, 0xe0, 0x63, 0xe0, 0x63, 0xe0, 0x43, 0xe8, 0x84, 0xe0, 0x7a, 0xfe, 0xff, 0xff, 0xff, 0xff, 0xff, 0xff, 0xff, 0xff, 0xff, 0xff, 0xff, 0xff, 0xff, 0xff, 0xff, 0xff, 0xff, 0xff, 0xff, 0xff, 0xff, 0xff, 0xff, 0xff, 0xff, 0xff, 0xff, 0xff, 0xff, 0xff, 0xff, 0xff, 0xff, 0xff, 0xff, 0xff, 0xff, 0xff, 0xff, 0xff, 0xff, 0xff, 0xff, 0xff, 0xff, 0xff, 0xff, 0xff, 0xff, 0xff, 0xff, 0xff, 
  0xff, 0xff, 0xff, 0xff, 0xff, 0xff, 0xff, 0xff, 0xff, 0xff, 0xff, 0xff, 0xff, 0xff, 0xff, 0xff, 0xff, 0xff, 0xff, 0xff, 0xff, 0xff, 0xff, 0xff, 0xff, 0xff, 0xff, 0xff, 0xff, 0xff, 0xff, 0xff, 0xff, 0xff, 0xff, 0xff, 0xff, 0xff, 0xff, 0xff, 0xff, 0xff, 0xff, 0xff, 0xff, 0xff, 0xff, 0xff, 0xff, 0xff, 0xff, 0xff, 0xff, 0xff, 0x4b, 0xe2, 0x42, 0xe8, 0x63, 0xe0, 0x63, 0xe0, 0x63, 0xe0, 0x63, 0xe0, 0x63, 0xe0, 0x63, 0xe0, 0x63, 0xe0, 0x63, 0xe0, 0x63, 0xe0, 0x63, 0xe0, 0x63, 0xe0, 0x63, 0xe0, 0x63, 0xe0, 0x63, 0xe0, 0x63, 0xe0, 0x63, 0xe0, 0x63, 0xe0, 0x43, 0xe8, 0x83, 0xe0, 0x63, 0xe0, 0x0a, 0xea, 0xf0, 0xeb, 0x11, 0xec, 0xed, 0xea, 0xe6, 0xe0, 0x63, 0xe0, 0x43, 0xe8, 0x43, 0xe8, 0x63, 0xe0, 0x63, 0xe0, 0x63, 0xe0, 0x63, 0xe0, 0x63, 0xe0, 0x63, 0xe0, 0x63, 0xe0, 0x63, 0xe0, 0x63, 0xe0, 0x43, 0xe0, 0x63, 0xe0, 0x06, 0xe1, 0x5d, 0xff, 0xff, 0xff, 0xff, 0xff, 0xff, 0xff, 0xff, 0xff, 0xff, 0xff, 0xff, 0xff, 0xff, 0xff, 0xff, 0xff, 0xff, 0xff, 0xff, 0xff, 0xff, 0xff, 0xff, 0xff, 0xff, 0xff, 0xff, 0xff, 0x32, 0xe4, 0x43, 0xe8, 0x43, 0xe8, 0x63, 0xe0, 0x63, 0xe0, 0x63, 0xe0, 0x63, 0xe0, 0x63, 0xe0, 0x63, 0xe0, 0x63, 0xe0, 0x63, 0xe0, 0x63, 0xe0, 0x43, 0xe0, 0x63, 0xe0, 0x62, 0xe0, 0x43, 0xe8, 0x63, 0xe0, 0x63, 0xe8, 0x63, 0xe0, 0x63, 0xe0, 0x63, 0xe0, 0x63, 0xe0, 0x63, 0xe0, 0x63, 0xe0, 0x63, 0xe0, 0x63, 0xe0, 0x63, 0xe0, 0x63, 0xe0, 0x63, 0xe0, 0x63, 0xe0, 0x63, 0xe0, 0x63, 0xe0, 0x63, 0xe0, 0x63, 0xe0, 0x63, 0xe0, 0x63, 0xe0, 0x63, 0xe0, 0x63, 0xe0, 0x63, 0xe0, 0x8b, 0xe2, 0xff, 0xff, 0xff, 0xff, 0xff, 0xff, 0xff, 0xff, 0xff, 0xff, 0xff, 0xff, 0xff, 0xff, 0xff, 0xff, 0xff, 0xff, 0xff, 0xff, 0xff, 0xff, 0xff, 0xff, 0xff, 0xff, 0xff, 0xff, 0xff, 0xff, 0xff, 0xff, 0xff, 0xff, 0xff, 0xff, 0xff, 0xff, 0xff, 0xff, 0xff, 0xff, 0xff, 0xff, 0xff, 0xff, 0xff, 0xff, 0xff, 0xff, 0xff, 0xff, 
  0xff, 0xff, 0xff, 0xff, 0xff, 0xff, 0xff, 0xff, 0xff, 0xff, 0xff, 0xff, 0xff, 0xff, 0xff, 0xff, 0xff, 0xff, 0xff, 0xff, 0xff, 0xff, 0xff, 0xff, 0xff, 0xff, 0xff, 0xff, 0xff, 0xff, 0xff, 0xff, 0xff, 0xff, 0xff, 0xff, 0xff, 0xff, 0xff, 0xff, 0xff, 0xff, 0xff, 0xff, 0xff, 0xff, 0xff, 0xff, 0xff, 0xff, 0xff, 0xff, 0x39, 0xf6, 0x63, 0xe0, 0x42, 0xe8, 0x63, 0xe0, 0x63, 0xe0, 0x63, 0xe0, 0x63, 0xe0, 0x63, 0xe0, 0x63, 0xe0, 0x63, 0xe0, 0x63, 0xe0, 0x63, 0xe0, 0x63, 0xe0, 0x63, 0xe0, 0x63, 0xe0, 0x63, 0xe0, 0x63, 0xe0, 0x63, 0xe0, 0x63, 0xe0, 0x63, 0xe0, 0x63, 0xe0, 0x43, 0xe8, 0x42, 0xe8, 0x63, 0xe0, 0x43, 0xe8, 0x43, 0xe8, 0x63, 0xe0, 0x62, 0xe8, 0x63, 0xe0, 0x63, 0xe0, 0x63, 0xe0, 0x63, 0xe0, 0x63, 0xe0, 0x63, 0xe0, 0x63, 0xe0, 0x63, 0xe0, 0x63, 0xe0, 0x63, 0xe0, 0x63, 0xe0, 0x43, 0xe8, 0x63, 0xe0, 0x83, 0xe0, 0x5a, 0xf6, 0xff, 0xff, 0xff, 0xff, 0xff, 0xff, 0xff, 0xff, 0xff, 0xff, 0xff, 0xff, 0xff, 0xff, 0x3c, 0xf7, 0x9e, 0xff, 0xff, 0xff, 0xff, 0xff, 0xff, 0xff, 0xff, 0xff, 0xff, 0xff, 0xff, 0xff, 0xff, 0xff, 0xe9, 0xe1, 0x63, 0xe0, 0x63, 0xe0, 0x63, 0xe0, 0x63, 0xe0, 0x63, 0xe0, 0x63, 0xe0, 0x63, 0xe0, 0x63, 0xe0, 0x63, 0xe0, 0x43, 0xe8, 0x63, 0xe0, 0x63, 0xe0, 0x63, 0xe0, 0x63, 0xe0, 0x43, 0xe8, 0x43, 0xe8, 0x43, 0xe8, 0x43, 0xe8, 0x43, 0xe0, 0x44, 0xe0, 0x63, 0xe0, 0x63, 0xe0, 0x63, 0xe0, 0x63, 0xe0, 0x63, 0xe0, 0x63, 0xe0, 0x63, 0xe0, 0x63, 0xe0, 0x63, 0xe0, 0x63, 0xe0, 0x63, 0xe0, 0x63, 0xe0, 0x63, 0xe0, 0x63, 0xe0, 0x63, 0xe0, 0x63, 0xe0, 0x43, 0xe8, 0x63, 0xe0, 0xbb, 0xfe, 0xff, 0xff, 0xff, 0xff, 0xff, 0xff, 0xff, 0xff, 0xff, 0xff, 0xff, 0xff, 0xff, 0xff, 0xff, 0xff, 0xff, 0xff, 0xff, 0xff, 0xff, 0xff, 0xff, 0xff, 0xff, 0xff, 0xff, 0xff, 0xff, 0xff, 0xff, 0xff, 0xff, 0xff, 0xff, 0xff, 0xff, 0xff, 0xff, 0xff, 0xff, 0xff, 0xff, 0xff, 0xff, 0xff, 0xff, 0xff, 0xff, 0xff, 
  0xff, 0xff, 0xff, 0xff, 0xff, 0xff, 0xff, 0xff, 0xff, 0xff, 0xff, 0xff, 0xff, 0xff, 0xff, 0xff, 0xff, 0xff, 0xff, 0xff, 0xff, 0xff, 0xff, 0xff, 0xff, 0xff, 0xff, 0xff, 0xff, 0xff, 0xff, 0xff, 0xff, 0xff, 0xff, 0xff, 0xff, 0xff, 0xff, 0xff, 0xff, 0xff, 0xff, 0xff, 0xff, 0xff, 0xff, 0xff, 0xff, 0xff, 0xff, 0xff, 0x2e, 0xeb, 0x43, 0xe8, 0x63, 0xe0, 0x63, 0xe0, 0x63, 0xe0, 0x63, 0xe0, 0x63, 0xe0, 0x63, 0xe0, 0x63, 0xe0, 0x63, 0xe0, 0x63, 0xe0, 0x63, 0xe0, 0x63, 0xe0, 0x63, 0xe0, 0x63, 0xe0, 0x63, 0xe0, 0x63, 0xe0, 0x63, 0xe0, 0x63, 0xe0, 0x63, 0xe0, 0x42, 0xe0, 0xa4, 0xe0, 0xcc, 0xea, 0xd4, 0xf4, 0x9a, 0xf6, 0xbb, 0xee, 0x7a, 0xf6, 0x15, 0xf5, 0x0d, 0xeb, 0xa4, 0xe0, 0x63, 0xe0, 0x63, 0xe0, 0x63, 0xe0, 0x63, 0xe0, 0x63, 0xe0, 0x63, 0xe0, 0x63, 0xe0, 0x63, 0xe0, 0x63, 0xe0, 0x63, 0xe0, 0x43, 0xe8, 0xb0, 0xe3, 0xff, 0xff, 0xff, 0xff, 0xff, 0xff, 0xff, 0xff, 0xff, 0xff, 0xbb, 0xf6, 0xac, 0xea, 0x83, 0xe0, 0x63, 0xe0, 0x83, 0xe0, 0x8b, 0xea, 0xf8, 0xf5, 0xff, 0xff, 0xff, 0xff, 0xff, 0xff, 0xff, 0xff, 0xff, 0xff, 0x7a, 0xfe, 0x63, 0xe0, 0x63, 0xe0, 0x63, 0xe0, 0x63, 0xe0, 0x63, 0xe0, 0x63, 0xe0, 0x63, 0xe0, 0x63, 0xe0, 0x63, 0xe0, 0x63, 0xe0, 0x63, 0xe8, 0x64, 0xe0, 0xa8, 0xe1, 0x4e, 0xeb, 0x11, 0xec, 0x6f, 0xeb, 0x8b, 0xea, 0x06, 0xd9, 0x43, 0xe8, 0x43, 0xe8, 0x63, 0xe0, 0x63, 0xe0, 0x63, 0xe0, 0x63, 0xe0, 0x63, 0xe0, 0x63, 0xe0, 0x63, 0xe0, 0x63, 0xe0, 0x63, 0xe0, 0x63, 0xe0, 0x63, 0xe0, 0x63, 0xe0, 0x63, 0xe0, 0x63, 0xe0, 0x63, 0xe0, 0x63, 0xe0, 0x63, 0xe0, 0x63, 0xe0, 0xaf, 0xeb, 0xff, 0xff, 0xff, 0xff, 0xff, 0xff, 0xff, 0xff, 0xff, 0xff, 0xff, 0xff, 0xff, 0xff, 0xff, 0xff, 0xff, 0xff, 0xff, 0xff, 0xff, 0xff, 0xff, 0xff, 0xff, 0xff, 0xff, 0xff, 0xff, 0xff, 0xff, 0xff, 0xff, 0xff, 0xff, 0xff, 0xff, 0xff, 0xff, 0xff, 0xff, 0xff, 0xff, 0xff, 0xff, 0xff, 0xff, 0xff, 0xff, 0xff, 
  0xff, 0xff, 0xff, 0xff, 0xff, 0xff, 0xff, 0xff, 0xff, 0xff, 0xff, 0xff, 0xff, 0xff, 0xff, 0xff, 0xff, 0xff, 0xff, 0xff, 0xff, 0xff, 0xff, 0xff, 0xff, 0xff, 0xff, 0xff, 0xff, 0xff, 0xff, 0xff, 0xff, 0xff, 0xff, 0xff, 0xff, 0xff, 0xff, 0xff, 0xff, 0xff, 0xff, 0xff, 0xff, 0xff, 0xff, 0xff, 0xff, 0xff, 0x9e, 0xff, 0xa4, 0xe0, 0x63, 0xe0, 0x43, 0xe0, 0x63, 0xe0, 0x63, 0xe0, 0x63, 0xe0, 0x63, 0xe0, 0x63, 0xe0, 0x63, 0xe0, 0x63, 0xe0, 0x63, 0xe0, 0x63, 0xe0, 0x63, 0xe0, 0x63, 0xe0, 0x63, 0xe0, 0x63, 0xe0, 0x63, 0xe0, 0x63, 0xe0, 0x63, 0xe0, 0x63, 0xe0, 0x8f, 0xe3, 0x5d, 0xff, 0xff, 0xff, 0xff, 0xff, 0xff, 0xff, 0xff, 0xff, 0xff, 0xff, 0xff, 0xff, 0xff, 0xff, 0x7e, 0xff, 0x4e, 0xeb, 0x63, 0xe0, 0x63, 0xe0, 0x63, 0xe0, 0x63, 0xe0, 0x63, 0xe0, 0x63, 0xe0, 0x63, 0xe0, 0x63, 0xe0, 0x63, 0xe0, 0xe5, 0xd8, 0xbf, 0xff, 0xff, 0xff, 0xff, 0xff, 0xff, 0xff, 0xff, 0xff, 0x9a, 0xfe, 0xc4, 0xe0, 0x63, 0xe0, 0x43, 0xe0, 0x43, 0xe8, 0x63, 0xe0, 0x63, 0xe0, 0x63, 0xe8, 0x73, 0xec, 0xff, 0xff, 0xff, 0xff, 0xff, 0xff, 0xff, 0xff, 0xff, 0xff, 0xed, 0xea, 0x63, 0xe0, 0x43, 0xe8, 0x63, 0xe0, 0x63, 0xe0, 0x63, 0xe0, 0x63, 0xe0, 0x43, 0xe8, 0x63, 0xe0, 0x63, 0xe0, 0x4e, 0xe3, 0xfc, 0xfe, 0xff, 0xff, 0xff, 0xff, 0xff, 0xff, 0xff, 0xff, 0xff, 0xff, 0xff, 0xff, 0xf8, 0xf5, 0x09, 0xe2, 0x63, 0xe0, 0x43, 0xe8, 0x63, 0xe0, 0x63, 0xe0, 0x63, 0xe0, 0x63, 0xe0, 0x63, 0xe0, 0x63, 0xe0, 0x63, 0xe0, 0x63, 0xe0, 0x63, 0xe0, 0x63, 0xe0, 0x63, 0xe0, 0x63, 0xe0, 0x63, 0xe0, 0x63, 0xe0, 0x43, 0xe8, 0x63, 0xe0, 0xe5, 0xe0, 0xdf, 0xff, 0xff, 0xff, 0xff, 0xff, 0xff, 0xff, 0xff, 0xff, 0xff, 0xff, 0xff, 0xff, 0xff, 0xff, 0xff, 0xff, 0xff, 0xff, 0xff, 0xff, 0xff, 0xff, 0xff, 0xff, 0xff, 0xff, 0xff, 0xff, 0xff, 0xff, 0xff, 0xff, 0xff, 0xff, 0xff, 0xff, 0xff, 0xff, 0xff, 0xff, 0xff, 0xff, 0xff, 0xff, 0xff, 0xff, 0xff, 0xff, 
  0xff, 0xff, 0xff, 0xff, 0xff, 0xff, 0xff, 0xff, 0xff, 0xff, 0xff, 0xff, 0xff, 0xff, 0xff, 0xff, 0xff, 0xff, 0xff, 0xff, 0xff, 0xff, 0xff, 0xff, 0xff, 0xff, 0xff, 0xff, 0xff, 0xff, 0xff, 0xff, 0xff, 0xff, 0xff, 0xff, 0xff, 0xff, 0xff, 0xff, 0xff, 0xff, 0xff, 0xff, 0xff, 0xff, 0xff, 0xff, 0xff, 0xff, 0xf8, 0xf5, 0x63, 0xe0, 0x63, 0xe0, 0x63, 0xe0, 0x63, 0xe0, 0x63, 0xe0, 0x63, 0xe0, 0x63, 0xe0, 0x63, 0xe0, 0x63, 0xe0, 0x63, 0xe0, 0x63, 0xe0, 0x63, 0xe0, 0x63, 0xe0, 0x63, 0xe0, 0x63, 0xe0, 0x63, 0xe0, 0x63, 0xe0, 0x63, 0xe8, 0xa4, 0xe0, 0x56, 0xed, 0xff, 0xff, 0xff, 0xff, 0xff, 0xff, 0xff, 0xff, 0xff, 0xff, 0xff, 0xff, 0xff, 0xff, 0xff, 0xff, 0xff, 0xff, 0xff, 0xff, 0xff, 0xff, 0x15, 0xf5, 0xa4, 0xe0, 0x43, 0xe0, 0x63, 0xe0, 0x63, 0xe0, 0x63, 0xe0, 0x63, 0xe0, 0x63, 0xe0, 0x43, 0xe8, 0xf1, 0xeb, 0xff, 0xff, 0xff, 0xff, 0xff, 0xff, 0xff, 0xff, 0x3d, 0xff, 0x47, 0xe1, 0x63, 0xe0, 0x63, 0xe0, 0x63, 0xe0, 0x63, 0xe0, 0x63, 0xe0, 0x63, 0xe0, 0x63, 0xe0, 0x43, 0xe8, 0x93, 0xec, 0xff, 0xff, 0xff, 0xff, 0xff, 0xff, 0xff, 0xff, 0x39, 0xf6, 0x43, 0xe8, 0x63, 0xe0, 0x63, 0xe0, 0x63, 0xe0, 0x63, 0xe0, 0x63, 0xe0, 0x63, 0xe0, 0xc5, 0xe0, 0x76, 0xf5, 0xff, 0xff, 0xff, 0xff, 0xff, 0xff, 0xff, 0xff, 0xff, 0xff, 0xff, 0xff, 0xff, 0xff, 0xff, 0xff, 0xff, 0xff, 0xff, 0xff, 0x52, 0xec, 0x63, 0xe0, 0x63, 0xe0, 0x63, 0xe0, 0x63, 0xe0, 0x63, 0xe0, 0x63, 0xe0, 0x63, 0xe0, 0x63, 0xe0, 0x63, 0xe0, 0x63, 0xe0, 0x63, 0xe0, 0x63, 0xe0, 0x63, 0xe0, 0x63, 0xe0, 0x63, 0xe0, 0x43, 0xe8, 0x63, 0xe0, 0x63, 0xe0, 0x39, 0xf6, 0xff, 0xff, 0xff, 0xff, 0xff, 0xff, 0xff, 0xff, 0xff, 0xff, 0xff, 0xff, 0xff, 0xff, 0xff, 0xff, 0xff, 0xff, 0xff, 0xff, 0xff, 0xff, 0xff, 0xff, 0xff, 0xff, 0xff, 0xff, 0xff, 0xff, 0xff, 0xff, 0xff, 0xff, 0xff, 0xff, 0xff, 0xff, 0xff, 0xff, 0xff, 0xff, 0xff, 0xff, 0xff, 0xff, 0xff, 0xff, 
  0xff, 0xff, 0xff, 0xff, 0xff, 0xff, 0xff, 0xff, 0xff, 0xff, 0xff, 0xff, 0xff, 0xff, 0xff, 0xff, 0xff, 0xff, 0xff, 0xff, 0xff, 0xff, 0xff, 0xff, 0xff, 0xff, 0xff, 0xff, 0xff, 0xff, 0xff, 0xff, 0xff, 0xff, 0xff, 0xff, 0xff, 0xff, 0xff, 0xff, 0xff, 0xff, 0xff, 0xff, 0xff, 0xff, 0xff, 0xff, 0xff, 0xff, 0x4f, 0xf3, 0x63, 0xe0, 0x63, 0xe0, 0x63, 0xe0, 0x63, 0xe0, 0x63, 0xe0, 0x63, 0xe0, 0x63, 0xe0, 0x63, 0xe0, 0x63, 0xe0, 0x63, 0xe0, 0x63, 0xe0, 0x63, 0xe0, 0x63, 0xe0, 0x63, 0xe0, 0x63, 0xe0, 0x63, 0xe0, 0x63, 0xe0, 0xc4, 0xe0, 0x5a, 0xf6, 0xff, 0xff, 0xff, 0xff, 0xff, 0xff, 0xff, 0xff, 0xff, 0xff, 0xff, 0xff, 0xff, 0xff, 0xff, 0xff, 0xff, 0xff, 0xff, 0xff, 0xff, 0xff, 0xff, 0xff, 0xff, 0xff, 0xd8, 0xfd, 0x84, 0xe0, 0x63, 0xe0, 0x63, 0xe0, 0x63, 0xe0, 0x63, 0xe0, 0x63, 0xe0, 0x83, 0xe0, 0x5d, 0xff, 0xff, 0xff, 0xff, 0xff, 0xff, 0xff, 0xff, 0xff, 0xac, 0xe2, 0x63, 0xe0, 0x63, 0xe0, 0x63, 0xe0, 0x63, 0xe0, 0x63, 0xe0, 0x63, 0xe0, 0x63, 0xe0, 0x43, 0xe8, 0x63, 0xe0, 0x63, 0xe0, 0x59, 0xf6, 0xff, 0xff, 0xff, 0xff, 0xff, 0xff, 0xff, 0xff, 0x27, 0xe1, 0x62, 0xe0, 0x63, 0xe0, 0x63, 0xe0, 0x63, 0xe0, 0x63, 0xe0, 0x26, 0xe1, 0xdb, 0xfe, 0xff, 0xff, 0xff, 0xff, 0xff, 0xff, 0xff, 0xff, 0xff, 0xff, 0xff, 0xff, 0xff, 0xff, 0xff, 0xff, 0xff, 0xff, 0xff, 0xff, 0xff, 0xff, 0xff, 0xff, 0xd8, 0xf5, 0x84, 0xe0, 0x63, 0xe0, 0x63, 0xe0, 0x63, 0xe0, 0x63, 0xe0, 0x63, 0xe0, 0x63, 0xe0, 0x63, 0xe0, 0x63, 0xe0, 0x63, 0xe0, 0x63, 0xe0, 0x63, 0xe0, 0x63, 0xe0, 0x63, 0xe0, 0x63, 0xe0, 0x63, 0xe0, 0x63, 0xe0, 0xb0, 0xeb, 0xff, 0xff, 0xff, 0xff, 0xff, 0xff, 0xff, 0xff, 0xff, 0xff, 0xff, 0xff, 0xff, 0xff, 0xff, 0xff, 0xff, 0xff, 0xff, 0xff, 0xff, 0xff, 0xff, 0xff, 0xff, 0xff, 0xff, 0xff, 0xff, 0xff, 0xff, 0xff, 0xff, 0xff, 0xff, 0xff, 0xff, 0xff, 0xff, 0xff, 0xff, 0xff, 0xff, 0xff, 0xff, 0xff, 0xff, 0xff, 
  0xff, 0xff, 0xff, 0xff, 0xff, 0xff, 0xff, 0xff, 0xff, 0xff, 0xff, 0xff, 0xff, 0xff, 0xff, 0xff, 0xff, 0xff, 0xff, 0xff, 0xff, 0xff, 0xff, 0xff, 0xff, 0xff, 0xff, 0xff, 0xff, 0xff, 0xff, 0xff, 0xff, 0xff, 0xff, 0xff, 0xff, 0xff, 0xff, 0xff, 0xff, 0xff, 0xff, 0xff, 0xff, 0xff, 0xff, 0xff, 0xff, 0xff, 0x06, 0xe1, 0x63, 0xe0, 0x63, 0xe0, 0x63, 0xe0, 0x63, 0xe0, 0x63, 0xe0, 0x63, 0xe0, 0x63, 0xe0, 0x63, 0xe0, 0x63, 0xe0, 0x63, 0xe0, 0x63, 0xe0, 0x63, 0xe0, 0x63, 0xe0, 0x63, 0xe0, 0x63, 0xe0, 0x63, 0xe0, 0x63, 0xe0, 0xf8, 0xed, 0xff, 0xff, 0xff, 0xff, 0xff, 0xff, 0xff, 0xff, 0xff, 0xff, 0xff, 0xff, 0xff, 0xff, 0xff, 0xff, 0xff, 0xff, 0xff, 0xff, 0xff, 0xff, 0xff, 0xff, 0xff, 0xff, 0xff, 0xff, 0xff, 0xff, 0xf4, 0xf4, 0x63, 0xe0, 0x63, 0xe0, 0x63, 0xe0, 0x63, 0xe0, 0x63, 0xe0, 0xac, 0xea, 0xff, 0xff, 0xff, 0xff, 0xff, 0xff, 0xff, 0xff, 0xd7, 0xf5, 0x63, 0xe0, 0x63, 0xe0, 0x43, 0xe0, 0x63, 0xe0, 0x63, 0xe0, 0x63, 0xe0, 0x63, 0xe0, 0x63, 0xe0, 0x63, 0xe0, 0x63, 0xe0, 0x63, 0xe0, 0xcc, 0xea, 0xff, 0xff, 0xff, 0xff, 0xff, 0xff, 0xff, 0xff, 0x8f, 0xeb, 0x63, 0xe0, 0x63, 0xe0, 0x63, 0xe0, 0x63, 0xe0, 0xc4, 0xe0, 0xbb, 0xfe, 0xff, 0xff, 0xff, 0xff, 0xff, 0xff, 0xff, 0xff, 0xff, 0xff, 0xff, 0xff, 0xff, 0xff, 0xff, 0xff, 0xff, 0xff, 0xff, 0xff, 0xff, 0xff, 0xff, 0xff, 0xff, 0xff, 0xff, 0xff, 0xb7, 0xf5, 0x63, 0xe0, 0x63, 0xe0, 0x43, 0xe8, 0x63, 0xe0, 0x63, 0xe0, 0x63, 0xe0, 0x63, 0xe0, 0x63, 0xe0, 0x63, 0xe0, 0x63, 0xe0, 0x63, 0xe0, 0x63, 0xe0, 0x63, 0xe0, 0x63, 0xe0, 0x63, 0xe0, 0x63, 0xe0, 0xe9, 0xe1, 0xff, 0xff, 0xff, 0xff, 0xff, 0xff, 0xff, 0xff, 0xff, 0xff, 0xff, 0xff, 0xff, 0xff, 0xff, 0xff, 0xff, 0xff, 0xff, 0xff, 0xff, 0xff, 0xff, 0xff, 0xff, 0xff, 0xff, 0xff, 0xff, 0xff, 0xff, 0xff, 0xff, 0xff, 0xff, 0xff, 0xff, 0xff, 0xff, 0xff, 0xff, 0xff, 0xff, 0xff, 0xff, 0xff, 0xff, 0xff, 
  0xff, 0xff, 0xff, 0xff, 0xff, 0xff, 0xff, 0xff, 0xff, 0xff, 0xff, 0xff, 0xff, 0xff, 0xff, 0xff, 0xff, 0xff, 0xff, 0xff, 0xff, 0xff, 0xff, 0xff, 0xff, 0xff, 0xff, 0xff, 0xff, 0xff, 0xff, 0xff, 0xff, 0xff, 0xff, 0xff, 0xff, 0xff, 0xff, 0xff, 0xff, 0xff, 0xff, 0xff, 0xff, 0xff, 0xff, 0xff, 0x3d, 0xff, 0x63, 0xe0, 0x63, 0xe0, 0x63, 0xe0, 0x63, 0xe0, 0x63, 0xe0, 0x63, 0xe0, 0x63, 0xe0, 0x63, 0xe0, 0x63, 0xe0, 0x63, 0xe0, 0x63, 0xe0, 0x63, 0xe0, 0x63, 0xe0, 0x63, 0xe0, 0x63, 0xe0, 0x43, 0xe8, 0x62, 0xe0, 0x12, 0xf4, 0xff, 0xff, 0xff, 0xff, 0xff, 0xff, 0xff, 0xff, 0xff, 0xff, 0xff, 0xff, 0xbf, 0xff, 0xfc, 0xfe, 0xfc, 0xfe, 0xdf, 0xff, 0xff, 0xff, 0xff, 0xff, 0xff, 0xff, 0xff, 0xff, 0xff, 0xff, 0xff, 0xff, 0xff, 0xff, 0xed, 0xea, 0x63, 0xe0, 0x43, 0xe8, 0x63, 0xe0, 0x63, 0xe0, 0xb7, 0xf5, 0xff, 0xff, 0xff, 0xff, 0xff, 0xff, 0xff, 0xff, 0x67, 0xe1, 0x63, 0xe8, 0x63, 0xe0, 0x43, 0xe0, 0x63, 0xe0, 0x63, 0xe0, 0x63, 0xe0, 0x63, 0xe0, 0x63, 0xe0, 0x63, 0xe0, 0x63, 0xe0, 0x63, 0xe0, 0x64, 0xe0, 0x1d, 0xff, 0xff, 0xff, 0xff, 0xff, 0xff, 0xff, 0x77, 0xf5, 0x43, 0xe8, 0x63, 0xe0, 0x63, 0xe0, 0x63, 0xe0, 0x76, 0xf5, 0xff, 0xff, 0xff, 0xff, 0xff, 0xff, 0xff, 0xff, 0xff, 0xff, 0xff, 0xff, 0xff, 0xff, 0xff, 0xff, 0xff, 0xff, 0xff, 0xff, 0xff, 0xff, 0xff, 0xff, 0xff, 0xff, 0xff, 0xff, 0xff, 0xff, 0xff, 0xff, 0x52, 0xec, 0x62, 0xe0, 0x63, 0xe0, 0x63, 0xe0, 0x63, 0xe0, 0x63, 0xe0, 0x63, 0xe0, 0x63, 0xe0, 0x63, 0xe0, 0x63, 0xe0, 0x63, 0xe0, 0x63, 0xe0, 0x63, 0xe0, 0x63, 0xe0, 0x63, 0xe0, 0x63, 0xe0, 0xc5, 0xe0, 0xff, 0xff, 0xff, 0xff, 0xff, 0xff, 0xff, 0xff, 0xff, 0xff, 0xff, 0xff, 0xff, 0xff, 0xff, 0xff, 0xff, 0xff, 0xff, 0xff, 0xff, 0xff, 0xff, 0xff, 0xff, 0xff, 0xff, 0xff, 0xff, 0xff, 0xff, 0xff, 0xff, 0xff, 0xff, 0xff, 0xff, 0xff, 0xff, 0xff, 0xff, 0xff, 0xff, 0xff, 0xff, 0xff, 0xff, 0xff, 
  0xff, 0xff, 0xff, 0xff, 0xff, 0xff, 0xff, 0xff, 0xff, 0xff, 0xff, 0xff, 0xff, 0xff, 0xff, 0xff, 0xff, 0xff, 0xff, 0xff, 0xff, 0xff, 0xff, 0xff, 0xff, 0xff, 0xff, 0xff, 0xff, 0xff, 0xff, 0xff, 0xff, 0xff, 0xff, 0xff, 0xff, 0xff, 0xff, 0xff, 0xff, 0xff, 0xff, 0xff, 0xff, 0xff, 0xff, 0xff, 0x39, 0xf6, 0x43, 0xe0, 0x63, 0xe0, 0x63, 0xe0, 0x63, 0xe0, 0x63, 0xe0, 0x63, 0xe0, 0x63, 0xe0, 0x63, 0xe0, 0x63, 0xe0, 0x63, 0xe0, 0x63, 0xe0, 0x63, 0xe0, 0x63, 0xe0, 0x63, 0xe0, 0x63, 0xe0, 0x62, 0xe0, 0xc8, 0xe1, 0xdf, 0xff, 0xff, 0xff, 0xff, 0xff, 0xff, 0xff, 0xff, 0xff, 0x5d, 0xff, 0x6f, 0xeb, 0xe5, 0xd8, 0x43, 0xe8, 0x63, 0xe0, 0xa4, 0xe0, 0x6b, 0xea, 0xf5, 0xf4, 0xdf, 0xff, 0xff, 0xff, 0xff, 0xff, 0xff, 0xff, 0xff, 0xff, 0x7d, 0xff, 0xe5, 0xe0, 0x63, 0xe0, 0x63, 0xe0, 0xe5, 0xe0, 0xff, 0xff, 0xff, 0xff, 0xff, 0xff, 0xff, 0xff, 0xb7, 0xf5, 0x63, 0xe0, 0x63, 0xe0, 0x43, 0xe8, 0x63, 0xe0, 0x63, 0xe0, 0x63, 0xe0, 0x63, 0xe0, 0x63, 0xe0, 0x63, 0xe0, 0x63, 0xe0, 0x63, 0xe0, 0x63, 0xe0, 0x63, 0xe0, 0x93, 0xf4, 0xff, 0xff, 0xff, 0xff, 0xff, 0xff, 0x7e, 0xff, 0x63, 0xe0, 0x63, 0xe0, 0x63, 0xe0, 0x6f, 0xe3, 0xff, 0xff, 0xff, 0xff, 0xff, 0xff, 0xff, 0xff, 0xff, 0xff, 0xdf, 0xff, 0x59, 0xf6, 0xd0, 0xeb, 0xcc, 0xe2, 0x0d, 0xeb, 0xd0, 0xeb, 0x18, 0xf6, 0xff, 0xff, 0xff, 0xff, 0xff, 0xff, 0xff, 0xff, 0xff, 0xff, 0xff, 0xff, 0x2a, 0xe2, 0x63, 0xe0, 0x63, 0xe0, 0x63, 0xe0, 0x63, 0xe0, 0x63, 0xe0, 0x63, 0xe0, 0x63, 0xe0, 0x63, 0xe0, 0x63, 0xe0, 0x63, 0xe0, 0x63, 0xe0, 0x63, 0xe0, 0x63, 0xe0, 0x63, 0xe0, 0x63, 0xe0, 0x7d, 0xff, 0xff, 0xff, 0xff, 0xff, 0xff, 0xff, 0xff, 0xff, 0xff, 0xff, 0xff, 0xff, 0xff, 0xff, 0xff, 0xff, 0xff, 0xff, 0xff, 0xff, 0xff, 0xff, 0xff, 0xff, 0xff, 0xff, 0xff, 0xff, 0xff, 0xff, 0xff, 0xff, 0xff, 0xff, 0xff, 0xff, 0xff, 0xff, 0xff, 0xff, 0xff, 0xff, 0xff, 0xff, 0xff, 0xff, 
  0xff, 0xff, 0xff, 0xff, 0xff, 0xff, 0xff, 0xff, 0xff, 0xff, 0xff, 0xff, 0xff, 0xff, 0xff, 0xff, 0xff, 0xff, 0xff, 0xff, 0xff, 0xff, 0xff, 0xff, 0xff, 0xff, 0xff, 0xff, 0xff, 0xff, 0xff, 0xff, 0xff, 0xff, 0xff, 0xff, 0xff, 0xff, 0xff, 0xff, 0xff, 0xff, 0xff, 0xff, 0xff, 0xff, 0xff, 0xff, 0x97, 0xf5, 0x43, 0xe0, 0x63, 0xe0, 0x63, 0xe0, 0x63, 0xe0, 0x63, 0xe0, 0x63, 0xe0, 0x63, 0xe0, 0x63, 0xe0, 0x63, 0xe0, 0x63, 0xe0, 0x63, 0xe0, 0x63, 0xe0, 0x63, 0xe0, 0x63, 0xe0, 0x63, 0xe0, 0x63, 0xe0, 0xf8, 0xf5, 0xff, 0xff, 0xff, 0xff, 0xff, 0xff, 0xff, 0xff, 0x5a, 0xf6, 0x26, 0xe1, 0x63, 0xe0, 0x63, 0xe0, 0x63, 0xe0, 0x63, 0xe0, 0x63, 0xe0, 0x63, 0xe0, 0x63, 0xe0, 0xa8, 0xe1, 0xfc, 0xf6, 0xff, 0xff, 0xff, 0xff, 0xff, 0xff, 0xff, 0xff, 0x52, 0xec, 0x63, 0xe0, 0x62, 0xe0, 0xcc, 0xe2, 0xff, 0xff, 0xff, 0xff, 0xff, 0xff, 0xff, 0xff, 0xcc, 0xe2, 0x63, 0xe0, 0x63, 0xe0, 0x63, 0xe0, 0x63, 0xe0, 0x63, 0xe0, 0x63, 0xe0, 0x63, 0xe0, 0x63, 0xe0, 0x63, 0xe0, 0x63, 0xe0, 0x63, 0xe0, 0x63, 0xe0, 0x43, 0xe8, 0x8c, 0xea, 0xff, 0xff, 0xff, 0xff, 0xff, 0xff, 0xff, 0xff, 0x47, 0xe1, 0x63, 0xe0, 0xa4, 0xe0, 0x3d, 0xff, 0xff, 0xff, 0xff, 0xff, 0xff, 0xff, 0xff, 0xff, 0x97, 0xf5, 0x46, 0xe1, 0x63, 0xe0, 0x63, 0xe0, 0x63, 0xe0, 0x63, 0xe0, 0x63, 0xe0, 0x63, 0xe0, 0x2a, 0xe2, 0x1c, 0xff, 0xff, 0xff, 0xff, 0xff, 0xff, 0xff, 0xff, 0xff, 0x5a, 0xf6, 0x63, 0xe0, 0x43, 0xe0, 0x63, 0xe0, 0x63, 0xe0, 0x63, 0xe0, 0x63, 0xe0, 0x63, 0xe0, 0x63, 0xe0, 0x63, 0xe0, 0x63, 0xe0, 0x63, 0xe0, 0x63, 0xe0, 0x63, 0xe0, 0x63, 0xe0, 0x63, 0xe0, 0xdb, 0xfe, 0xff, 0xff, 0xff, 0xff, 0xff, 0xff, 0xff, 0xff, 0xff, 0xff, 0xff, 0xff, 0xff, 0xff, 0xff, 0xff, 0xff, 0xff, 0xff, 0xff, 0xff, 0xff, 0xff, 0xff, 0xff, 0xff, 0xff, 0xff, 0xff, 0xff, 0xff, 0xff, 0xff, 0xff, 0xff, 0xff, 0xff, 0xff, 0xff, 0xff, 0xff, 0xff, 0xff, 0xff, 0xff, 0xff, 
  0xff, 0xff, 0xff, 0xff, 0xff, 0xff, 0xff, 0xff, 0xff, 0xff, 0xff, 0xff, 0xff, 0xff, 0xff, 0xff, 0xff, 0xff, 0xff, 0xff, 0xff, 0xff, 0xff, 0xff, 0xff, 0xff, 0xff, 0xff, 0xff, 0xff, 0xff, 0xff, 0xff, 0xff, 0xff, 0xff, 0xff, 0xff, 0xff, 0xff, 0xff, 0xff, 0xff, 0xff, 0xff, 0xff, 0xff, 0xff, 0xf5, 0xf4, 0x63, 0xe0, 0x63, 0xe0, 0x63, 0xe0, 0x63, 0xe0, 0x63, 0xe0, 0x63, 0xe0, 0x63, 0xe0, 0x63, 0xe0, 0x63, 0xe0, 0x63, 0xe0, 0x63, 0xe0, 0x63, 0xe0, 0x63, 0xe0, 0x63, 0xe0, 0x63, 0xe0, 0x2a, 0xea, 0xff, 0xff, 0xff, 0xff, 0xff, 0xff, 0xff, 0xff, 0x1d, 0xff, 0xc5, 0xe0, 0x62, 0xe0, 0x43, 0xe0, 0x63, 0xe0, 0x63, 0xe0, 0x63, 0xe0, 0x63, 0xe0, 0x63, 0xe0, 0x43, 0xe0, 0x62, 0xe0, 0x26, 0xe9, 0xfc, 0xf6, 0xff, 0xff, 0xff, 0xff, 0xff, 0xff, 0x9e, 0xff, 0xe5, 0xe0, 0x43, 0xe8, 0xf4, 0xf4, 0xff, 0xff, 0xff, 0xff, 0xff, 0xff, 0x5d, 0xff, 0x63, 0xe0, 0x63, 0xe0, 0x63, 0xe0, 0x63, 0xe0, 0x63, 0xe0, 0x63, 0xe0, 0x63, 0xe0, 0x63, 0xe0, 0x63, 0xe0, 0x63, 0xe0, 0x63, 0xe0, 0x63, 0xe0, 0x63, 0xe0, 0x43, 0xe0, 0xc5, 0xe0, 0xbf, 0xff, 0xff, 0xff, 0xff, 0xff, 0xff, 0xff, 0xed, 0xea, 0x62, 0xe0, 0x32, 0xf4, 0xff, 0xff, 0xff, 0xff, 0xff, 0xff, 0xff, 0xff, 0x11, 0xec, 0x42, 0xe8, 0x63, 0xe0, 0x63, 0xe0, 0x63, 0xe0, 0x63, 0xe0, 0x63, 0xe0, 0x63, 0xe0, 0x63, 0xe0, 0x62, 0xe0, 0x67, 0xe1, 0x7e, 0xff, 0xff, 0xff, 0xff, 0xff, 0xff, 0xff, 0xff, 0xff, 0xec, 0xe2, 0x43, 0xe8, 0x43, 0xe8, 0x63, 0xe0, 0x63, 0xe0, 0x63, 0xe0, 0x63, 0xe0, 0x63, 0xe0, 0x63, 0xe0, 0x63, 0xe0, 0x63, 0xe0, 0x63, 0xe0, 0x63, 0xe0, 0x63, 0xe0, 0x63, 0xe0, 0xd7, 0xfd, 0xff, 0xff, 0xff, 0xff, 0xff, 0xff, 0xff, 0xff, 0xff, 0xff, 0xff, 0xff, 0xff, 0xff, 0xff, 0xff, 0xff, 0xff, 0xff, 0xff, 0xff, 0xff, 0xff, 0xff, 0xff, 0xff, 0xff, 0xff, 0xff, 0xff, 0xff, 0xff, 0xff, 0xff, 0xff, 0xff, 0xff, 0xff, 0xff, 0xff, 0xff, 0xff, 0xff, 0xff, 0xff, 0xff, 
  0xff, 0xff, 0xff, 0xff, 0xff, 0xff, 0xff, 0xff, 0xff, 0xff, 0xff, 0xff, 0xff, 0xff, 0xff, 0xff, 0xff, 0xff, 0xff, 0xff, 0xff, 0xff, 0xff, 0xff, 0xff, 0xff, 0xff, 0xff, 0xff, 0xff, 0xff, 0xff, 0xff, 0xff, 0xff, 0xff, 0xff, 0xff, 0xff, 0xff, 0xff, 0xff, 0xff, 0xff, 0xff, 0xff, 0xff, 0xff, 0x52, 0xf4, 0x63, 0xe0, 0x63, 0xe0, 0x63, 0xe0, 0x63, 0xe0, 0x63, 0xe0, 0x63, 0xe0, 0x63, 0xe0, 0x63, 0xe0, 0x63, 0xe0, 0x63, 0xe0, 0x63, 0xe0, 0x63, 0xe0, 0x43, 0xe0, 0x63, 0xe0, 0x63, 0xe0, 0x56, 0xf5, 0xff, 0xff, 0xff, 0xff, 0xff, 0xff, 0xff, 0xff, 0xac, 0xe2, 0x63, 0xe0, 0x43, 0xe0, 0x63, 0xe0, 0x63, 0xe0, 0x63, 0xe0, 0x63, 0xe0, 0x63, 0xe0, 0x63, 0xe0, 0x63, 0xe0, 0x43, 0xe8, 0x63, 0xe0, 0xc8, 0xe1, 0xdf, 0xff, 0xff, 0xff, 0xff, 0xff, 0xff, 0xff, 0x52, 0xec, 0x63, 0xe0, 0x3d, 0xff, 0xff, 0xff, 0xff, 0xff, 0xff, 0xff, 0x93, 0xf4, 0x62, 0xe0, 0x63, 0xe0, 0x63, 0xe0, 0x63, 0xe0, 0x63, 0xe0, 0x63, 0xe0, 0x63, 0xe0, 0x63, 0xe0, 0x63, 0xe0, 0x63, 0xe0, 0x63, 0xe0, 0x63, 0xe0, 0x63, 0xe0, 0x63, 0xe0, 0x62, 0xe0, 0x5a, 0xf6, 0xff, 0xff, 0xff, 0xff, 0xff, 0xff, 0x8f, 0xe3, 0x46, 0xe1, 0xbf, 0xff, 0xff, 0xff, 0xff, 0xff, 0xff, 0xff, 0x56, 0xf5, 0x63, 0xe0, 0x43, 0xe8, 0x43, 0xe8, 0x63, 0xe0, 0x63, 0xe0, 0x63, 0xe0, 0x63, 0xe0, 0x63, 0xe0, 0x63, 0xe0, 0x43, 0xe0, 0x63, 0xe0, 0x6b, 0xe2, 0xff, 0xff, 0xff, 0xff, 0xff, 0xff, 0xff, 0xff, 0xb7, 0xf5, 0x63, 0xe0, 0x63, 0xe0, 0x63, 0xe0, 0x63, 0xe0, 0x63, 0xe0, 0x63, 0xe0, 0x63, 0xe0, 0x63, 0xe0, 0x63, 0xe0, 0x63, 0xe0, 0x63, 0xe0, 0x63, 0xe0, 0x63, 0xe0, 0x63, 0xe0, 0xd7, 0xfd, 0xff, 0xff, 0xff, 0xff, 0xff, 0xff, 0xff, 0xff, 0xff, 0xff, 0xff, 0xff, 0xff, 0xff, 0xff, 0xff, 0xff, 0xff, 0xff, 0xff, 0xff, 0xff, 0xff, 0xff, 0xff, 0xff, 0xff, 0xff, 0xff, 0xff, 0xff, 0xff, 0xff, 0xff, 0xff, 0xff, 0xff, 0xff, 0xff, 0xff, 0xff, 0xff, 0xff, 0xff, 0xff, 0xff, 
  0xff, 0xff, 0xff, 0xff, 0xff, 0xff, 0xff, 0xff, 0xff, 0xff, 0xff, 0xff, 0xff, 0xff, 0xff, 0xff, 0xff, 0xff, 0xff, 0xff, 0xff, 0xff, 0xff, 0xff, 0xff, 0xff, 0xff, 0xff, 0xff, 0xff, 0xff, 0xff, 0xff, 0xff, 0xff, 0xff, 0xff, 0xff, 0xff, 0xff, 0xff, 0xff, 0xff, 0xff, 0xff, 0xff, 0xff, 0xff, 0x35, 0xf5, 0x63, 0xe0, 0x43, 0xe8, 0x63, 0xe0, 0x63, 0xe0, 0x63, 0xe0, 0x63, 0xe0, 0x63, 0xe0, 0x63, 0xe0, 0x63, 0xe0, 0x63, 0xe0, 0x63, 0xe0, 0x63, 0xe0, 0x63, 0xe0, 0x43, 0xe8, 0x84, 0xe0, 0x7e, 0xff, 0xff, 0xff, 0xff, 0xff, 0xff, 0xff, 0x77, 0xf5, 0x63, 0xe0, 0x63, 0xe0, 0x63, 0xe0, 0x63, 0xe0, 0x63, 0xe0, 0x63, 0xe0, 0x63, 0xe0, 0x63, 0xe0, 0x63, 0xe0, 0x63, 0xe0, 0x63, 0xe0, 0x43, 0xe8, 0x63, 0xe0, 0xb4, 0xec, 0xff, 0xff, 0xff, 0xff, 0xff, 0xff, 0x7e, 0xff, 0xa4, 0xd8, 0x97, 0xf5, 0xff, 0xff, 0xff, 0xff, 0xff, 0xff, 0xc9, 0xe1, 0x43, 0xe8, 0x63, 0xe0, 0x63, 0xe0, 0x63, 0xe0, 0x63, 0xe0, 0x63, 0xe0, 0x63, 0xe0, 0x63, 0xe0, 0x63, 0xe0, 0x63, 0xe0, 0x63, 0xe0, 0x63, 0xe0, 0x63, 0xe0, 0x63, 0xe0, 0x63, 0xe0, 0x73, 0xf4, 0xff, 0xff, 0xff, 0xff, 0xbf, 0xff, 0x25, 0xe1, 0x73, 0xf4, 0xff, 0xff, 0xff, 0xff, 0xff, 0xff, 0x9e, 0xff, 0xe5, 0xe0, 0x63, 0xe0, 0x63, 0xe0, 0x63, 0xe0, 0x63, 0xe0, 0x63, 0xe0, 0x63, 0xe0, 0x63, 0xe0, 0x63, 0xe0, 0x63, 0xe0, 0x63, 0xe0, 0x63, 0xe0, 0x63, 0xe0, 0x77, 0xf5, 0xff, 0xff, 0xff, 0xff, 0xff, 0xff, 0xdf, 0xff, 0x05, 0xd9, 0x63, 0xe0, 0x63, 0xe0, 0x63, 0xe0, 0x63, 0xe0, 0x63, 0xe0, 0x63, 0xe0, 0x63, 0xe0, 0x63, 0xe0, 0x63, 0xe0, 0x63, 0xe0, 0x63, 0xe0, 0x63, 0xe0, 0x63, 0xe0, 0xd7, 0xfd, 0xff, 0xff, 0xff, 0xff, 0xff, 0xff, 0xff, 0xff, 0xff, 0xff, 0xff, 0xff, 0xff, 0xff, 0xff, 0xff, 0xff, 0xff, 0xff, 0xff, 0xff, 0xff, 0xff, 0xff, 0xff, 0xff, 0xff, 0xff, 0xff, 0xff, 0xff, 0xff, 0xff, 0xff, 0xff, 0xff, 0xff, 0xff, 0xff, 0xff, 0xff, 0xff, 0xff, 0xff, 0xff, 0xff, 
  0xff, 0xff, 0xff, 0xff, 0xff, 0xff, 0xff, 0xff, 0xff, 0xff, 0xff, 0xff, 0xff, 0xff, 0xff, 0xff, 0xff, 0xff, 0xff, 0xff, 0xff, 0xff, 0xff, 0xff, 0xff, 0xff, 0xff, 0xff, 0xff, 0xff, 0xff, 0xff, 0xff, 0xff, 0xff, 0xff, 0xff, 0xff, 0xff, 0xff, 0xff, 0xff, 0xff, 0xff, 0xff, 0xff, 0xff, 0xff, 0xb7, 0xf5, 0x63, 0xe0, 0x63, 0xe0, 0x63, 0xe0, 0x63, 0xe0, 0x63, 0xe0, 0x63, 0xe0, 0x63, 0xe0, 0x63, 0xe0, 0x63, 0xe0, 0x63, 0xe0, 0x63, 0xe0, 0x63, 0xe0, 0x63, 0xe0, 0x43, 0xe8, 0x2a, 0xe2, 0xff, 0xff, 0xff, 0xff, 0xff, 0xff, 0xff, 0xff, 0xa9, 0xe9, 0x63, 0xe0, 0x63, 0xe0, 0x63, 0xe0, 0x63, 0xe0, 0x63, 0xe0, 0x63, 0xe0, 0x63, 0xe0, 0x63, 0xe0, 0x63, 0xe0, 0x63, 0xe0, 0x63, 0xe0, 0x63, 0xe0, 0x43, 0xe0, 0x26, 0xe1, 0xdf, 0xff, 0xff, 0xff, 0xff, 0xff, 0xff, 0xff, 0x8f, 0xeb, 0xc8, 0xe1, 0xff, 0xff, 0xff, 0xff, 0xfc, 0xfe, 0x63, 0xe8, 0x43, 0xe8, 0x63, 0xe0, 0x63, 0xe0, 0x63, 0xe0, 0x63, 0xe0, 0x63, 0xe0, 0x63, 0xe0, 0x63, 0xe0, 0x63, 0xe0, 0x63, 0xe0, 0x63, 0xe0, 0x63, 0xe0, 0x63, 0xe0, 0x63, 0xe0, 0x63, 0xe0, 0x2d, 0xeb, 0xff, 0xff, 0xff, 0xff, 0xb3, 0xf4, 0xa3, 0xe0, 0x3d, 0xff, 0xff, 0xff, 0xff, 0xff, 0xff, 0xff, 0x11, 0xf4, 0x63, 0xe0, 0x63, 0xe0, 0x63, 0xe0, 0x63, 0xe0, 0x63, 0xe0, 0x63, 0xe0, 0x63, 0xe0, 0x63, 0xe0, 0x63, 0xe0, 0x63, 0xe0, 0x63, 0xe0, 0x63, 0xe0, 0x63, 0xe0, 0x88, 0xe1, 0xff, 0xff, 0xff, 0xff, 0xff, 0xff, 0xff, 0xff, 0x2e, 0xe3, 0x63, 0xe0, 0x63, 0xe0, 0x63, 0xe0, 0x63, 0xe0, 0x63, 0xe0, 0x63, 0xe0, 0x63, 0xe0, 0x63, 0xe0, 0x63, 0xe0, 0x63, 0xe0, 0x63, 0xe0, 0x63, 0xe0, 0x63, 0xe0, 0x7a, 0xfe, 0xff, 0xff, 0xff, 0xff, 0xff, 0xff, 0xff, 0xff, 0xff, 0xff, 0xff, 0xff, 0xff, 0xff, 0xff, 0xff, 0xff, 0xff, 0xff, 0xff, 0xff, 0xff, 0xff, 0xff, 0xff, 0xff, 0xff, 0xff, 0xff, 0xff, 0xff, 0xff, 0xff, 0xff, 0xff, 0xff, 0xff, 0xff, 0xff, 0xff, 0xff, 0xff, 0xff, 0xff, 0xff, 0xff, 
  0xff, 0xff, 0xff, 0xff, 0xff, 0xff, 0xff, 0xff, 0xff, 0xff, 0xff, 0xff, 0xff, 0xff, 0xff, 0xff, 0xff, 0xff, 0xff, 0xff, 0xff, 0xff, 0xff, 0xff, 0xff, 0xff, 0xff, 0xff, 0xff, 0xff, 0xff, 0xff, 0xff, 0xff, 0xff, 0xff, 0xff, 0xff, 0xff, 0xff, 0xff, 0xff, 0xff, 0xff, 0xff, 0xff, 0xff, 0xff, 0x39, 0xf6, 0x63, 0xe0, 0x63, 0xe0, 0x63, 0xe0, 0x63, 0xe0, 0x63, 0xe0, 0x63, 0xe0, 0x63, 0xe0, 0x63, 0xe0, 0x63, 0xe0, 0x63, 0xe0, 0x63, 0xe0, 0x63, 0xe0, 0x43, 0xe0, 0x63, 0xe0, 0x6f, 0xf3, 0xff, 0xff, 0xff, 0xff, 0xff, 0xff, 0x7a, 0xfe, 0x63, 0xe0, 0x63, 0xe0, 0x63, 0xe0, 0x63, 0xe0, 0x63, 0xe0, 0x63, 0xe0, 0x63, 0xe0, 0x63, 0xe0, 0x63, 0xe0, 0x63, 0xe0, 0x63, 0xe0, 0x63, 0xe0, 0x63, 0xe0, 0x43, 0xe0, 0x63, 0xe0, 0xb7, 0xf5, 0xff, 0xff, 0xff, 0xff, 0xff, 0xff, 0xfb, 0xf6, 0x83, 0xe0, 0xf8, 0xf5, 0xff, 0xff, 0xd3, 0xec, 0x63, 0xe0, 0x63, 0xe0, 0x63, 0xe0, 0x63, 0xe0, 0x63, 0xe0, 0x63, 0xe0, 0x63, 0xe0, 0x63, 0xe0, 0x63, 0xe0, 0x63, 0xe0, 0x63, 0xe0, 0x63, 0xe0, 0x63, 0xe0, 0x63, 0xe0, 0x63, 0xe0, 0x63, 0xe0, 0xa8, 0xe9, 0xff, 0xff, 0xdf, 0xff, 0x26, 0xe1, 0x0d, 0xeb, 0xff, 0xff, 0xff, 0xff, 0xff, 0xff, 0xff, 0xff, 0x26, 0xe1, 0x63, 0xe0, 0x63, 0xe0, 0x63, 0xe0, 0x63, 0xe0, 0x63, 0xe0, 0x63, 0xe0, 0x63, 0xe0, 0x63, 0xe0, 0x63, 0xe0, 0x63, 0xe0, 0x63, 0xe0, 0x63, 0xe0, 0x63, 0xe0, 0x63, 0xe0, 0x5a, 0xf6, 0xff, 0xff, 0xff, 0xff, 0xff, 0xff, 0xb4, 0xfc, 0x62, 0xe0, 0x63, 0xe0, 0x63, 0xe0, 0x63, 0xe0, 0x63, 0xe0, 0x63, 0xe0, 0x63, 0xe0, 0x63, 0xe0, 0x63, 0xe0, 0x63, 0xe0, 0x63, 0xe0, 0x63, 0xe0, 0x63, 0xe0, 0x5d, 0xff, 0xff, 0xff, 0xff, 0xff, 0xff, 0xff, 0xff, 0xff, 0xff, 0xff, 0xff, 0xff, 0xff, 0xff, 0xff, 0xff, 0xff, 0xff, 0xff, 0xff, 0xff, 0xff, 0xff, 0xff, 0xff, 0xff, 0xff, 0xff, 0xff, 0xff, 0xff, 0xff, 0xff, 0xff, 0xff, 0xff, 0xff, 0xff, 0xff, 0xff, 0xff, 0xff, 0xff, 0xff, 0xff, 0xff, 
  0xff, 0xff, 0xff, 0xff, 0xff, 0xff, 0xff, 0xff, 0xff, 0xff, 0xff, 0xff, 0xff, 0xff, 0xff, 0xff, 0xff, 0xff, 0xff, 0xff, 0xff, 0xff, 0xff, 0xff, 0xff, 0xff, 0xff, 0xff, 0xff, 0xff, 0xff, 0xff, 0xff, 0xff, 0xff, 0xff, 0xff, 0xff, 0xff, 0xff, 0xff, 0xff, 0xff, 0xff, 0xff, 0xff, 0xff, 0xff, 0x5e, 0xff, 0x83, 0xe0, 0x63, 0xe0, 0x63, 0xe0, 0x63, 0xe0, 0x63, 0xe0, 0x63, 0xe0, 0x63, 0xe0, 0x63, 0xe0, 0x63, 0xe0, 0x63, 0xe0, 0x63, 0xe0, 0x63, 0xe0, 0x63, 0xe0, 0x63, 0xe0, 0x56, 0xf5, 0xff, 0xff, 0xff, 0xff, 0xff, 0xff, 0xf1, 0xf3, 0x83, 0xd8, 0x43, 0xe8, 0x63, 0xe0, 0x63, 0xe0, 0x63, 0xe0, 0x63, 0xe0, 0x63, 0xe0, 0x63, 0xe0, 0x63, 0xe0, 0x63, 0xe0, 0x63, 0xe0, 0x63, 0xe0, 0x63, 0xe0, 0x43, 0xe0, 0x43, 0xe8, 0x0d, 0xeb, 0xff, 0xff, 0xff, 0xff, 0xff, 0xff, 0xff, 0xff, 0xcc, 0xea, 0x4a, 0xea, 0xff, 0xff, 0x0e, 0xeb, 0x63, 0xe0, 0x63, 0xe0, 0x63, 0xe0, 0x63, 0xe0, 0x63, 0xe0, 0x63, 0xe0, 0x63, 0xe0, 0x63, 0xe0, 0x63, 0xe0, 0x63, 0xe0, 0x63, 0xe0, 0x63, 0xe0, 0x63, 0xe0, 0x63, 0xe0, 0x63, 0xe0, 0x63, 0xe0, 0xe5, 0xd8, 0xff, 0xff, 0x73, 0xec, 0x63, 0xe0, 0x19, 0xf6, 0xff, 0xff, 0xff, 0xff, 0xff, 0xff, 0x39, 0xfe, 0x63, 0xe0, 0x43, 0xe8, 0x63, 0xe0, 0x63, 0xe0, 0x63, 0xe0, 0x63, 0xe0, 0x63, 0xe0, 0x63, 0xe0, 0x63, 0xe0, 0x63, 0xe0, 0x63, 0xe0, 0x63, 0xe0, 0x63, 0xe0, 0x43, 0xe8, 0x63, 0xe0, 0x8f, 0xeb, 0xff, 0xff, 0xff, 0xff, 0xff, 0xff, 0xd8, 0xf5, 0x43, 0xe8, 0x63, 0xe0, 0x63, 0xe0, 0x63, 0xe0, 0x63, 0xe0, 0x63, 0xe0, 0x63, 0xe0, 0x63, 0xe0, 0x63, 0xe0, 0x63, 0xe0, 0x63, 0xe0, 0x63, 0xe0, 0x84, 0xe0, 0xbf, 0xff, 0xff, 0xff, 0xff, 0xff, 0xff, 0xff, 0xff, 0xff, 0xff, 0xff, 0xff, 0xff, 0xff, 0xff, 0xff, 0xff, 0xff, 0xff, 0xff, 0xff, 0xff, 0xff, 0xff, 0xff, 0xff, 0xff, 0xff, 0xff, 0xff, 0xff, 0xff, 0xff, 0xff, 0xff, 0xff, 0xff, 0xff, 0xff, 0xff, 0xff, 0xff, 0xff, 0xff, 0xff, 0xff, 0xff, 
  0xff, 0xff, 0xff, 0xff, 0xff, 0xff, 0xff, 0xff, 0xff, 0xff, 0xff, 0xff, 0xff, 0xff, 0xff, 0xff, 0xff, 0xff, 0xff, 0xff, 0xff, 0xff, 0xff, 0xff, 0xff, 0xff, 0xff, 0xff, 0xff, 0xff, 0xff, 0xff, 0xff, 0xff, 0xff, 0xff, 0xff, 0xff, 0xff, 0xff, 0xff, 0xff, 0xff, 0xff, 0xff, 0xff, 0xff, 0xff, 0xff, 0xff, 0x67, 0xe1, 0x43, 0xe8, 0x63, 0xe0, 0x63, 0xe0, 0x63, 0xe0, 0x63, 0xe0, 0x63, 0xe0, 0x63, 0xe0, 0x63, 0xe0, 0x63, 0xe0, 0x63, 0xe0, 0x63, 0xe0, 0x63, 0xe0, 0x43, 0xe8, 0x19, 0xfe, 0xff, 0xff, 0xff, 0xff, 0xff, 0xff, 0x0a, 0xe2, 0x43, 0xe8, 0x63, 0xe0, 0x63, 0xe0, 0x63, 0xe0, 0x63, 0xe0, 0x63, 0xe0, 0x63, 0xe0, 0x63, 0xe0, 0x63, 0xe0, 0x63, 0xe0, 0x63, 0xe0, 0x63, 0xe0, 0x63, 0xe0, 0x63, 0xe0, 0x63, 0xe0, 0x83, 0xd8, 0xdb, 0xfe, 0xff, 0xff, 0xff, 0xff, 0xff, 0xff, 0x39, 0xf6, 0x63, 0xe0, 0x19, 0xf6, 0x26, 0xe1, 0x63, 0xe0, 0x63, 0xe0, 0x63, 0xe0, 0x63, 0xe0, 0x63, 0xe0, 0x63, 0xe0, 0x63, 0xe0, 0x63, 0xe0, 0x63, 0xe0, 0x63, 0xe0, 0x63, 0xe0, 0x63, 0xe0, 0x63, 0xe0, 0x63, 0xe0, 0x63, 0xe0, 0x63, 0xe0, 0x63, 0xe0, 0xbb, 0xfe, 0xe5, 0xe0, 0x2a, 0xe2, 0xff, 0xff, 0xff, 0xff, 0xff, 0xff, 0xff, 0xff, 0x2d, 0xe3, 0x63, 0xe8, 0x43, 0xe8, 0x63, 0xe0, 0x63, 0xe0, 0x63, 0xe0, 0x63, 0xe0, 0x63, 0xe0, 0x63, 0xe0, 0x63, 0xe0, 0x63, 0xe0, 0x63, 0xe0, 0x63, 0xe0, 0x63, 0xe0, 0x43, 0xe0, 0x42, 0xe8, 0x87, 0xe1, 0xff, 0xff, 0xff, 0xff, 0xff, 0xff, 0x3d, 0xff, 0x43, 0xe8, 0x63, 0xe0, 0x63, 0xe0, 0x63, 0xe0, 0x63, 0xe0, 0x63, 0xe0, 0x63, 0xe0, 0x63, 0xe0, 0x63, 0xe0, 0x63, 0xe0, 0x63, 0xe0, 0x63, 0xe0, 0xe9, 0xe1, 0xff, 0xff, 0xff, 0xff, 0xff, 0xff, 0xff, 0xff, 0xff, 0xff, 0xff, 0xff, 0xff, 0xff, 0xff, 0xff, 0xff, 0xff, 0xff, 0xff, 0xff, 0xff, 0xff, 0xff, 0xff, 0xff, 0xff, 0xff, 0xff, 0xff, 0xff, 0xff, 0xff, 0xff, 0xff, 0xff, 0xff, 0xff, 0xff, 0xff, 0xff, 0xff, 0xff, 0xff, 0xff, 0xff, 0xff, 0xff, 
  0xff, 0xff, 0xff, 0xff, 0xff, 0xff, 0xff, 0xff, 0xff, 0xff, 0xff, 0xff, 0xff, 0xff, 0xff, 0xff, 0xff, 0xff, 0xff, 0xff, 0xff, 0xff, 0xff, 0xff, 0xff, 0xff, 0xff, 0xff, 0xff, 0xff, 0xff, 0xff, 0xff, 0xff, 0xd3, 0x9c, 0xb6, 0xb5, 0xff, 0xff, 0xff, 0xff, 0xff, 0xff, 0xff, 0xff, 0xff, 0xff, 0xff, 0xff, 0x0d, 0xf3, 0x63, 0xe0, 0x63, 0xe0, 0x63, 0xe0, 0x63, 0xe0, 0x63, 0xe0, 0x63, 0xe0, 0x63, 0xe0, 0x63, 0xe0, 0x63, 0xe0, 0x63, 0xe0, 0x63, 0xe0, 0x43, 0xe0, 0x63, 0xe0, 0x9b, 0xfe, 0xff, 0xff, 0xff, 0xff, 0xdf, 0xff, 0x84, 0xe0, 0x43, 0xe0, 0x63, 0xe0, 0x63, 0xe0, 0x63, 0xe0, 0x63, 0xe0, 0x63, 0xe0, 0x63, 0xe0, 0x63, 0xe0, 0x63, 0xe0, 0x63, 0xe0, 0x63, 0xe0, 0x63, 0xe0, 0x63, 0xe0, 0x63, 0xe0, 0x63, 0xe0, 0x43, 0xe0, 0x8f, 0xeb, 0xff, 0xff, 0xff, 0xff, 0xff, 0xff, 0xff, 0xff, 0x29, 0xe2, 0x47, 0xe1, 0x63, 0xe0, 0x63, 0xe0, 0x63, 0xe0, 0x63, 0xe0, 0x63, 0xe0, 0x63, 0xe0, 0x63, 0xe0, 0x63, 0xe0, 0x63, 0xe0, 0x63, 0xe0, 0x63, 0xe0, 0x63, 0xe0, 0x63, 0xe0, 0x63, 0xe0, 0x63, 0xe0, 0x63, 0xe0, 0x63, 0xe0, 0x63, 0xe0, 0x09, 0xe2, 0x63, 0xe0, 0x97, 0xf5, 0xff, 0xff, 0xff, 0xff, 0xff, 0xff, 0x3d, 0xff, 0x84, 0xe0, 0x63, 0xe0, 0x63, 0xe0, 0x63, 0xe0, 0x63, 0xe0, 0x63, 0xe0, 0x63, 0xe0, 0x63, 0xe0, 0x63, 0xe0, 0x63, 0xe0, 0x63, 0xe0, 0x63, 0xe0, 0x63, 0xe0, 0x63, 0xe0, 0x63, 0xe0, 0x63, 0xe0, 0x63, 0xe0, 0x3d, 0xff, 0xff, 0xff, 0xff, 0xff, 0x7e, 0xff, 0x43, 0xe0, 0x63, 0xe0, 0x63, 0xe0, 0x63, 0xe0, 0x63, 0xe0, 0x63, 0xe0, 0x63, 0xe0, 0x63, 0xe0, 0x63, 0xe0, 0x63, 0xe0, 0x63, 0xe0, 0x63, 0xe0, 0xf1, 0xf3, 0xff, 0xff, 0xff, 0xff, 0xff, 0xff, 0xff, 0xff, 0x3c, 0xe7, 0x9e, 0xf7, 0xff, 0xff, 0xff, 0xff, 0xff, 0xff, 0xff, 0xff, 0xff, 0xff, 0xff, 0xff, 0xff, 0xff, 0xff, 0xff, 0xff, 0xff, 0xff, 0xff, 0xff, 0xff, 0xff, 0xff, 0xff, 0xff, 0xff, 0xff, 0xff, 0xff, 0xff, 0xff, 0xff, 0xff, 0xff, 0xff, 
  0xff, 0xff, 0xff, 0xff, 0xff, 0xff, 0xff, 0xff, 0xff, 0xff, 0xff, 0xff, 0xff, 0xff, 0xff, 0xff, 0xff, 0xff, 0xff, 0xff, 0xff, 0xff, 0xff, 0xff, 0xff, 0xff, 0xdf, 0xff, 0xff, 0xff, 0xb3, 0x9c, 0x8a, 0x52, 0x6e, 0x73, 0xe4, 0x20, 0x10, 0x84, 0xbf, 0xff, 0xff, 0xff, 0xff, 0xff, 0xff, 0xff, 0xff, 0xff, 0xd8, 0xfd, 0x63, 0xe0, 0x63, 0xe0, 0x63, 0xe0, 0x63, 0xe0, 0x63, 0xe0, 0x63, 0xe0, 0x63, 0xe0, 0x63, 0xe0, 0x63, 0xe0, 0x63, 0xe0, 0x63, 0xe0, 0x43, 0xe0, 0x63, 0xe0, 0xbb, 0xfe, 0xff, 0xff, 0xff, 0xff, 0x1c, 0xf7, 0x63, 0xe0, 0x63, 0xe0, 0x63, 0xe0, 0x63, 0xe0, 0x63, 0xe0, 0x63, 0xe0, 0x63, 0xe0, 0x63, 0xe0, 0x63, 0xe0, 0x63, 0xe0, 0x63, 0xe0, 0x63, 0xe0, 0x63, 0xe0, 0x63, 0xe0, 0x63, 0xe0, 0x63, 0xe0, 0x63, 0xe0, 0x84, 0xe0, 0x1d, 0xff, 0xff, 0xff, 0xff, 0xff, 0xff, 0xff, 0x76, 0xf5, 0x42, 0xe8, 0x63, 0xe0, 0x63, 0xe0, 0x63, 0xe0, 0x63, 0xe0, 0x63, 0xe0, 0x63, 0xe0, 0x63, 0xe0, 0x63, 0xe0, 0x63, 0xe0, 0x63, 0xe0, 0x63, 0xe0, 0x63, 0xe0, 0x63, 0xe0, 0x63, 0xe0, 0x63, 0xe0, 0x63, 0xe0, 0x63, 0xe0, 0x63, 0xe0, 0x43, 0xe8, 0x67, 0xe1, 0xff, 0xff, 0xff, 0xff, 0xff, 0xff, 0xff, 0xff, 0x32, 0xf4, 0x63, 0xe0, 0x63, 0xe0, 0x63, 0xe0, 0x63, 0xe0, 0x63, 0xe0, 0x63, 0xe0, 0x63, 0xe0, 0x63, 0xe0, 0x63, 0xe0, 0x63, 0xe0, 0x63, 0xe0, 0x63, 0xe0, 0x63, 0xe0, 0x63, 0xe0, 0x63, 0xe0, 0x63, 0xe0, 0x43, 0xe0, 0xfc, 0xfe, 0xff, 0xff, 0xff, 0xff, 0x7e, 0xff, 0x43, 0xe0, 0x63, 0xe0, 0x63, 0xe0, 0x63, 0xe0, 0x63, 0xe0, 0x63, 0xe0, 0x63, 0xe0, 0x63, 0xe0, 0x63, 0xe0, 0x43, 0xe0, 0x63, 0xe0, 0x62, 0xe8, 0x39, 0xfe, 0xff, 0xff, 0xff, 0xff, 0xff, 0xff, 0xff, 0xff, 0x8a, 0x52, 0xa7, 0x39, 0x51, 0x8c, 0xba, 0xd6, 0x9e, 0xf7, 0xff, 0xff, 0xff, 0xff, 0xff, 0xff, 0xff, 0xff, 0xff, 0xff, 0xff, 0xff, 0xff, 0xff, 0xff, 0xff, 0xff, 0xff, 0xff, 0xff, 0xff, 0xff, 0xff, 0xff, 0xff, 0xff, 0xff, 0xff, 0xff, 0xff, 
  0xff, 0xff, 0xff, 0xff, 0xff, 0xff, 0xff, 0xff, 0xff, 0xff, 0xff, 0xff, 0xff, 0xff, 0xff, 0xff, 0xff, 0xff, 0x7a, 0xd6, 0x59, 0xce, 0xff, 0xff, 0xaf, 0x7b, 0x0c, 0x63, 0xff, 0xff, 0xb6, 0xb5, 0x82, 0x10, 0xdb, 0xde, 0xeb, 0x5a, 0x61, 0x08, 0x96, 0xb5, 0xff, 0xff, 0xff, 0xff, 0xff, 0xff, 0xff, 0xff, 0xbf, 0xff, 0xa4, 0xd8, 0x63, 0xe0, 0x63, 0xe0, 0x63, 0xe0, 0x63, 0xe0, 0x63, 0xe0, 0x63, 0xe0, 0x63, 0xe0, 0x63, 0xe0, 0x63, 0xe0, 0x63, 0xe0, 0x43, 0xe0, 0x63, 0xe0, 0xbb, 0xfe, 0xff, 0xff, 0xff, 0xff, 0x1c, 0xf7, 0x63, 0xe0, 0x63, 0xe0, 0x63, 0xe0, 0x63, 0xe0, 0x63, 0xe0, 0x63, 0xe0, 0x63, 0xe0, 0x63, 0xe0, 0x63, 0xe0, 0x63, 0xe0, 0x63, 0xe0, 0x63, 0xe0, 0x63, 0xe0, 0x63, 0xe0, 0x63, 0xe0, 0x63, 0xe0, 0x63, 0xe0, 0x63, 0xe0, 0xaf, 0xeb, 0xff, 0xff, 0xff, 0xff, 0xff, 0xff, 0xff, 0xff, 0x47, 0xe1, 0x63, 0xe0, 0x63, 0xe0, 0x63, 0xe0, 0x63, 0xe0, 0x63, 0xe0, 0x63, 0xe0, 0x63, 0xe0, 0x63, 0xe0, 0x63, 0xe0, 0x63, 0xe0, 0x63, 0xe0, 0x63, 0xe0, 0x63, 0xe0, 0x63, 0xe0, 0x63, 0xe0, 0x63, 0xe0, 0x63, 0xe0, 0x63, 0xe0, 0x63, 0xe0, 0xf4, 0xec, 0xff, 0xff, 0xff, 0xff, 0xff, 0xff, 0xff, 0xff, 0x26, 0xe1, 0x63, 0xe0, 0x63, 0xe0, 0x63, 0xe0, 0x63, 0xe0, 0x63, 0xe0, 0x63, 0xe0, 0x63, 0xe0, 0x63, 0xe0, 0x63, 0xe0, 0x63, 0xe0, 0x63, 0xe0, 0x63, 0xe0, 0x63, 0xe0, 0x63, 0xe0, 0x63, 0xe0, 0x63, 0xe0, 0x43, 0xe0, 0xfc, 0xfe, 0xff, 0xff, 0xff, 0xff, 0x7e, 0xff, 0x63, 0xe0, 0x63, 0xe0, 0x63, 0xe0, 0x63, 0xe0, 0x63, 0xe0, 0x63, 0xe0, 0x63, 0xe0, 0x63, 0xe0, 0x63, 0xe0, 0x63, 0xe0, 0x43, 0xe8, 0x27, 0xe1, 0xff, 0xff, 0xff, 0xff, 0xff, 0xff, 0xff, 0xff, 0x9e, 0xf7, 0xc3, 0x18, 0x51, 0x8c, 0x45, 0x29, 0xcb, 0x5a, 0x14, 0xa5, 0xf4, 0xa4, 0xd7, 0xbd, 0xff, 0xff, 0xff, 0xff, 0xff, 0xff, 0xff, 0xff, 0xff, 0xff, 0xff, 0xff, 0xff, 0xff, 0xff, 0xff, 0xff, 0xff, 0xff, 0xff, 0xff, 0xff, 0xff, 0xff, 0xff, 0xff, 
  0xff, 0xff, 0xff, 0xff, 0xff, 0xff, 0xff, 0xff, 0xff, 0xff, 0xff, 0xff, 0xff, 0xff, 0xff, 0xff, 0xff, 0xff, 0xeb, 0x5a, 0xab, 0x5a, 0xff, 0xff, 0x55, 0xad, 0x04, 0x21, 0xff, 0xff, 0x9e, 0xf7, 0x61, 0x08, 0xd7, 0xbd, 0xff, 0xff, 0xcb, 0x5a, 0x2d, 0x6b, 0xff, 0xff, 0xff, 0xff, 0xff, 0xff, 0xff, 0xff, 0xff, 0xff, 0xac, 0xe2, 0x42, 0xe8, 0x63, 0xe0, 0x63, 0xe8, 0x63, 0xe0, 0x63, 0xe0, 0x63, 0xe0, 0x63, 0xe0, 0x63, 0xe0, 0x63, 0xe0, 0x63, 0xe0, 0x63, 0xe0, 0x43, 0xe0, 0x19, 0xfe, 0xff, 0xff, 0xff, 0xff, 0x3d, 0xf7, 0x63, 0xe0, 0x63, 0xe0, 0x63, 0xe0, 0x63, 0xe0, 0x63, 0xe0, 0x63, 0xe0, 0x63, 0xe0, 0x63, 0xe0, 0x63, 0xe0, 0x63, 0xe0, 0x63, 0xe0, 0x63, 0xe0, 0x63, 0xe0, 0x63, 0xe0, 0x63, 0xe0, 0x63, 0xe0, 0x43, 0xe8, 0x63, 0xe0, 0xe5, 0xe0, 0x9e, 0xff, 0xff, 0xff, 0xff, 0xff, 0xff, 0xff, 0x31, 0xec, 0x63, 0xe0, 0x63, 0xe0, 0x63, 0xe0, 0x63, 0xe0, 0x63, 0xe0, 0x63, 0xe0, 0x63, 0xe0, 0x63, 0xe0, 0x63, 0xe0, 0x63, 0xe0, 0x63, 0xe0, 0x63, 0xe0, 0x63, 0xe0, 0x63, 0xe0, 0x63, 0xe0, 0x63, 0xe0, 0x63, 0xe0, 0x63, 0xe0, 0xc4, 0xe0, 0x7e, 0xff, 0xff, 0xff, 0xff, 0xff, 0xff, 0xff, 0xb8, 0xf5, 0x62, 0xe0, 0x43, 0xe0, 0x63, 0xe0, 0x63, 0xe0, 0x63, 0xe0, 0x63, 0xe0, 0x63, 0xe0, 0x63, 0xe0, 0x63, 0xe0, 0x63, 0xe0, 0x63, 0xe0, 0x63, 0xe0, 0x63, 0xe0, 0x63, 0xe0, 0x63, 0xe0, 0x63, 0xe0, 0x63, 0xe0, 0x43, 0xe8, 0xfc, 0xfe, 0xff, 0xff, 0xff, 0xff, 0xbf, 0xff, 0x84, 0xe0, 0x63, 0xe0, 0x63, 0xe0, 0x63, 0xe0, 0x63, 0xe0, 0x63, 0xe0, 0x63, 0xe0, 0x63, 0xe0, 0x63, 0xe0, 0x63, 0xe0, 0x43, 0xe8, 0x6f, 0xeb, 0xff, 0xff, 0xff, 0xff, 0xff, 0xff, 0xff, 0xff, 0x55, 0xad, 0xcb, 0x5a, 0x29, 0x4a, 0x21, 0x08, 0x41, 0x08, 0x08, 0x42, 0x4d, 0x6b, 0x41, 0x08, 0xf0, 0x83, 0xdb, 0xde, 0xfc, 0xe6, 0x5d, 0xef, 0xff, 0xff, 0xff, 0xff, 0xff, 0xff, 0xff, 0xff, 0xff, 0xff, 0xff, 0xff, 0xff, 0xff, 0xff, 0xff, 0xff, 0xff, 
  0xff, 0xff, 0xff, 0xff, 0xff, 0xff, 0xff, 0xff, 0xbb, 0xde, 0x14, 0xa5, 0xff, 0xff, 0xff, 0xff, 0xff, 0xff, 0x14, 0xa5, 0xc3, 0x18, 0xff, 0xff, 0x7e, 0xf7, 0x41, 0x08, 0xba, 0xd6, 0xff, 0xff, 0x08, 0x42, 0x8e, 0x73, 0xff, 0xff, 0x14, 0xa5, 0x04, 0x21, 0xff, 0xff, 0xff, 0xff, 0xff, 0xff, 0xff, 0xff, 0xff, 0xff, 0x18, 0xf6, 0x63, 0xe0, 0x63, 0xe0, 0x63, 0xe0, 0x63, 0xe0, 0x63, 0xe0, 0x63, 0xe0, 0x63, 0xe0, 0x63, 0xe0, 0x63, 0xe0, 0x63, 0xe0, 0x63, 0xe8, 0x63, 0xe0, 0xf8, 0xfd, 0xff, 0xff, 0xff, 0xff, 0xff, 0xff, 0x84, 0xe0, 0x63, 0xe0, 0x63, 0xe0, 0x63, 0xe0, 0x63, 0xe0, 0x63, 0xe0, 0x63, 0xe0, 0x63, 0xe0, 0x63, 0xe0, 0x63, 0xe0, 0x63, 0xe0, 0x63, 0xe0, 0x63, 0xe0, 0x63, 0xe0, 0x63, 0xe0, 0x63, 0xe0, 0x63, 0xe0, 0xe5, 0xe0, 0x63, 0xe0, 0xf4, 0xec, 0xff, 0xff, 0xff, 0xff, 0xff, 0xff, 0x3d, 0xff, 0x84, 0xe0, 0x63, 0xe0, 0x63, 0xe0, 0x63, 0xe0, 0x63, 0xe0, 0x63, 0xe0, 0x63, 0xe0, 0x63, 0xe0, 0x63, 0xe0, 0x63, 0xe0, 0x63, 0xe0, 0x63, 0xe0, 0x63, 0xe0, 0x63, 0xe0, 0x63, 0xe0, 0x63, 0xe0, 0x63, 0xe0, 0x62, 0xe0, 0xd1, 0xeb, 0xff, 0xff, 0xff, 0xff, 0xff, 0xff, 0xff, 0xff, 0xe9, 0xe9, 0x62, 0xe0, 0x63, 0xe0, 0x63, 0xe0, 0x63, 0xe0, 0x63, 0xe0, 0x63, 0xe0, 0x63, 0xe0, 0x63, 0xe0, 0x63, 0xe0, 0x63, 0xe0, 0x63, 0xe0, 0x63, 0xe0, 0x63, 0xe0, 0x63, 0xe0, 0x63, 0xe0, 0x63, 0xe0, 0x63, 0xe0, 0x63, 0xe0, 0xfc, 0xfe, 0xff, 0xff, 0xff, 0xff, 0x7e, 0xff, 0x43, 0xe0, 0x63, 0xe0, 0x63, 0xe0, 0x63, 0xe0, 0x63, 0xe0, 0x63, 0xe0, 0x63, 0xe0, 0x63, 0xe0, 0x63, 0xe0, 0x63, 0xe0, 0x84, 0xd8, 0xdb, 0xfe, 0xff, 0xff, 0xff, 0xff, 0xff, 0xff, 0xdf, 0xff, 0x49, 0x4a, 0x76, 0xb5, 0x8a, 0x52, 0x08, 0x42, 0x04, 0x21, 0x21, 0x08, 0x21, 0x08, 0x04, 0x21, 0x82, 0x10, 0x6a, 0x52, 0xaa, 0x52, 0x31, 0x8c, 0xff, 0xff, 0xff, 0xff, 0xff, 0xff, 0xff, 0xff, 0xff, 0xff, 0xff, 0xff, 0xff, 0xff, 0xff, 0xff, 0xff, 0xff, 
  0x1c, 0xe7, 0x34, 0xa5, 0xec, 0x62, 0x49, 0x4a, 0x86, 0x31, 0x08, 0x42, 0xff, 0xff, 0xff, 0xff, 0xff, 0xff, 0x3c, 0xe7, 0x41, 0x08, 0x38, 0xc6, 0xff, 0xff, 0xe8, 0x41, 0x30, 0x84, 0x79, 0xce, 0x69, 0x4a, 0x65, 0x29, 0xff, 0xff, 0x5d, 0xef, 0x41, 0x08, 0xdb, 0xde, 0xff, 0xff, 0xff, 0xff, 0xff, 0xff, 0xff, 0xff, 0xff, 0xff, 0x4a, 0xe2, 0x43, 0xe8, 0x63, 0xe0, 0x63, 0xe0, 0x63, 0xe0, 0x63, 0xe0, 0x63, 0xe0, 0x63, 0xe0, 0x63, 0xe0, 0x63, 0xe0, 0x43, 0xe0, 0x63, 0xe0, 0xd4, 0xec, 0xff, 0xff, 0xff, 0xff, 0xff, 0xff, 0x05, 0xe1, 0x43, 0xe8, 0x63, 0xe0, 0x63, 0xe0, 0x63, 0xe0, 0x63, 0xe0, 0x63, 0xe0, 0x63, 0xe0, 0x63, 0xe0, 0x63, 0xe0, 0x63, 0xe0, 0x63, 0xe0, 0x63, 0xe0, 0x63, 0xe0, 0x63, 0xe0, 0x63, 0xe0, 0x63, 0xe0, 0x32, 0xf4, 0x0e, 0xeb, 0x46, 0xe1, 0xdf, 0xff, 0xff, 0xff, 0xff, 0xff, 0xff, 0xff, 0x4e, 0xeb, 0x63, 0xe0, 0x43, 0xe0, 0x63, 0xe0, 0x63, 0xe0, 0x63, 0xe0, 0x63, 0xe0, 0x63, 0xe0, 0x63, 0xe0, 0x63, 0xe0, 0x63, 0xe0, 0x63, 0xe0, 0x63, 0xe0, 0x63, 0xe0, 0x63, 0xe0, 0x43, 0xe8, 0x63, 0xe0, 0xa4, 0xe0, 0x5d, 0xff, 0xff, 0xff, 0xff, 0xff, 0xff, 0xff, 0xd8, 0xf5, 0x63, 0xe0, 0x6b, 0xe2, 0x63, 0xe0, 0x43, 0xe0, 0x63, 0xe0, 0x63, 0xe0, 0x63, 0xe0, 0x63, 0xe0, 0x63, 0xe0, 0x63, 0xe0, 0x63, 0xe0, 0x63, 0xe0, 0x63, 0xe0, 0x63, 0xe0, 0x63, 0xe0, 0x63, 0xe0, 0x43, 0xe8, 0x43, 0xe8, 0x83, 0xd8, 0x5d, 0xff, 0xff, 0xff, 0xff, 0xff, 0xdb, 0xf6, 0x43, 0xe8, 0x63, 0xe0, 0x63, 0xe0, 0x63, 0xe0, 0x63, 0xe0, 0x63, 0xe0, 0x63, 0xe0, 0x43, 0xe8, 0x43, 0xe0, 0x63, 0xe0, 0xed, 0xea, 0xff, 0xff, 0xff, 0xff, 0xff, 0xff, 0xff, 0xff, 0x14, 0xa5, 0x82, 0x10, 0x7d, 0xef, 0x25, 0x29, 0x8a, 0x52, 0xd3, 0x9c, 0xcb, 0x5a, 0xe8, 0x41, 0xf4, 0xa4, 0xdf, 0xff, 0x9a, 0xd6, 0x82, 0x10, 0xdb, 0xde, 0xff, 0xff, 0xff, 0xff, 0xff, 0xff, 0x1c, 0xe7, 0x96, 0xb5, 0xff, 0xff, 0xff, 0xff, 0xff, 0xff, 0xff, 0xff, 
  0x31, 0x8c, 0x35, 0xad, 0x5d, 0xef, 0x79, 0xce, 0x08, 0x42, 0x9e, 0xf7, 0xff, 0xff, 0xff, 0xff, 0xff, 0xff, 0xff, 0xff, 0xa7, 0x39, 0x6d, 0x6b, 0x96, 0xb5, 0xa6, 0x31, 0x21, 0x08, 0x20, 0x00, 0x20, 0x00, 0x21, 0x08, 0x1c, 0xe7, 0xff, 0xff, 0xa7, 0x39, 0x71, 0x8c, 0xff, 0xff, 0xff, 0xff, 0xff, 0xff, 0xff, 0xff, 0xff, 0xff, 0xdb, 0xfe, 0xa4, 0xd8, 0x43, 0xe8, 0x63, 0xe0, 0x63, 0xe0, 0x63, 0xe0, 0x63, 0xe0, 0x63, 0xe0, 0x63, 0xe0, 0x63, 0xe0, 0x63, 0xe0, 0x43, 0xe8, 0x8f, 0xeb, 0xff, 0xff, 0xff, 0xff, 0xff, 0xff, 0xac, 0xea, 0x63, 0xe0, 0x63, 0xe0, 0x63, 0xe0, 0x63, 0xe0, 0x63, 0xe0, 0x63, 0xe0, 0x63, 0xe0, 0x63, 0xe0, 0x63, 0xe0, 0x63, 0xe0, 0x63, 0xe0, 0x63, 0xe0, 0x63, 0xe0, 0x63, 0xe0, 0x63, 0xe0, 0x64, 0xe0, 0xdb, 0xfe, 0x1c, 0xff, 0x84, 0xd8, 0x15, 0xf5, 0xff, 0xff, 0xff, 0xff, 0xff, 0xff, 0x9a, 0xf6, 0x63, 0xe8, 0x64, 0xe0, 0x63, 0xe8, 0x63, 0xe0, 0x63, 0xe0, 0x63, 0xe0, 0x63, 0xe0, 0x63, 0xe0, 0x63, 0xe0, 0x63, 0xe0, 0x63, 0xe0, 0x63, 0xe0, 0x63, 0xe0, 0x63, 0xe0, 0x63, 0xe0, 0x83, 0xe0, 0xf0, 0xeb, 0xff, 0xff, 0xff, 0xff, 0xff, 0xff, 0xff, 0xff, 0x09, 0xe2, 0xac, 0xea, 0xfc, 0xfe, 0x63, 0xe0, 0x63, 0xe0, 0x63, 0xe0, 0x63, 0xe0, 0x63, 0xe0, 0x63, 0xe0, 0x63, 0xe0, 0x63, 0xe0, 0x63, 0xe0, 0x63, 0xe0, 0x63, 0xe0, 0x63, 0xe0, 0x63, 0xe0, 0x63, 0xe0, 0x43, 0xe8, 0x63, 0xe0, 0x26, 0xe1, 0xff, 0xff, 0xff, 0xff, 0xff, 0xff, 0x76, 0xed, 0x63, 0xe0, 0x63, 0xe0, 0x63, 0xe0, 0x63, 0xe0, 0x63, 0xe0, 0x63, 0xe0, 0x43, 0xe0, 0x63, 0xe0, 0x63, 0xe0, 0x84, 0xe0, 0xdb, 0xfe, 0xff, 0xff, 0xff, 0xff, 0xff, 0xff, 0xff, 0xff, 0x72, 0x94, 0x69, 0x4a, 0xb6, 0xb5, 0x0c, 0x63, 0x45, 0x29, 0x10, 0x84, 0x35, 0xad, 0x82, 0x10, 0x7e, 0xf7, 0x9e, 0xf7, 0x08, 0x42, 0xe7, 0x39, 0xff, 0xff, 0xff, 0xff, 0xff, 0xff, 0xdf, 0xff, 0x0c, 0x63, 0xa2, 0x10, 0x0c, 0x63, 0xb3, 0x9c, 0x7a, 0xd6, 0x51, 0x8c, 
  0xff, 0xff, 0xff, 0xff, 0xfb, 0xde, 0xe8, 0x41, 0x1c, 0xe7, 0xff, 0xff, 0xff, 0xff, 0xff, 0xff, 0xff, 0xff, 0xff, 0xff, 0xf0, 0x83, 0x00, 0x00, 0x00, 0x00, 0x21, 0x08, 0x21, 0x08, 0x6e, 0x73, 0xf7, 0xbd, 0x04, 0x21, 0x92, 0x94, 0xff, 0xff, 0x10, 0x84, 0x69, 0x4a, 0xff, 0xff, 0xff, 0xff, 0xff, 0xff, 0xff, 0xff, 0xff, 0xff, 0xff, 0xff, 0xf1, 0xf3, 0x63, 0xe0, 0x63, 0xe0, 0x63, 0xe0, 0x63, 0xe0, 0x63, 0xe0, 0x63, 0xe0, 0x63, 0xe0, 0x63, 0xe0, 0x63, 0xe0, 0x63, 0xe0, 0x2a, 0xe2, 0xff, 0xff, 0xff, 0xff, 0xff, 0xff, 0xd4, 0xf4, 0x63, 0xe0, 0x63, 0xe0, 0x63, 0xe0, 0x63, 0xe0, 0x63, 0xe0, 0x63, 0xe0, 0x63, 0xe0, 0x63, 0xe0, 0x63, 0xe0, 0x63, 0xe0, 0x63, 0xe0, 0x63, 0xe0, 0x63, 0xe0, 0x63, 0xe0, 0x63, 0xe0, 0x4b, 0xea, 0xff, 0xff, 0xff, 0xff, 0x2d, 0xe3, 0xa8, 0xe9, 0xff, 0xff, 0xff, 0xff, 0xff, 0xff, 0xff, 0xff, 0x2a, 0xe2, 0x63, 0xe0, 0x63, 0xe0, 0x63, 0xe0, 0x63, 0xe0, 0x63, 0xe0, 0x63, 0xe0, 0x63, 0xe0, 0x63, 0xe0, 0x63, 0xe0, 0x63, 0xe0, 0x63, 0xe0, 0x63, 0xe0, 0x63, 0xe0, 0x62, 0xe0, 0xc5, 0xe0, 0x7e, 0xff, 0xff, 0xff, 0xff, 0xff, 0xff, 0xff, 0xd7, 0xf5, 0x63, 0xe8, 0x9a, 0xfe, 0xff, 0xff, 0x6a, 0xe2, 0x63, 0xe0, 0x43, 0xe8, 0x63, 0xe0, 0x63, 0xe0, 0x63, 0xe0, 0x63, 0xe0, 0x63, 0xe0, 0x63, 0xe0, 0x63, 0xe0, 0x63, 0xe0, 0x63, 0xe0, 0x63, 0xe0, 0x63, 0xe0, 0x43, 0xe8, 0x63, 0xe0, 0x4f, 0xeb, 0xff, 0xff, 0xff, 0xff, 0xff, 0xff, 0x32, 0xec, 0x63, 0xe0, 0x63, 0xe0, 0x63, 0xe0, 0x63, 0xe0, 0x63, 0xe0, 0x63, 0xe0, 0x43, 0xe0, 0x63, 0xe0, 0x43, 0xe8, 0x11, 0xec, 0xff, 0xff, 0xff, 0xff, 0xff, 0xff, 0xff, 0xff, 0xff, 0xff, 0x0c, 0x63, 0x14, 0xa5, 0x0c, 0x63, 0x8e, 0x73, 0x8e, 0x73, 0x49, 0x4a, 0xb3, 0x9c, 0xa7, 0x39, 0x6e, 0x73, 0xe7, 0x39, 0x45, 0x29, 0xfb, 0xde, 0xff, 0xff, 0xff, 0xff, 0xff, 0xff, 0xff, 0xff, 0xff, 0xff, 0x79, 0xce, 0x3d, 0xef, 0x55, 0xad, 0x8e, 0x73, 0xd7, 0xbd, 
  0xff, 0xff, 0x3d, 0xef, 0x28, 0x42, 0xfb, 0xde, 0x79, 0xce, 0x71, 0x8c, 0x6d, 0x6b, 0xff, 0xff, 0xff, 0xff, 0xff, 0xff, 0x18, 0xc6, 0x20, 0x00, 0x10, 0x84, 0x1c, 0xe7, 0xe4, 0x20, 0x75, 0xad, 0xff, 0xff, 0x4d, 0x6b, 0x6a, 0x52, 0xff, 0xff, 0x69, 0x4a, 0x45, 0x29, 0xff, 0xff, 0xff, 0xff, 0xff, 0xff, 0xff, 0xff, 0xff, 0xff, 0xff, 0xff, 0x9e, 0xff, 0x67, 0xe1, 0x63, 0xe0, 0x43, 0xe0, 0x63, 0xe0, 0x63, 0xe0, 0x63, 0xe0, 0x63, 0xe0, 0x63, 0xe0, 0x63, 0xe0, 0x43, 0xe8, 0xe5, 0xe0, 0xff, 0xff, 0xff, 0xff, 0xff, 0xff, 0xbb, 0xfe, 0x63, 0xe0, 0x63, 0xe0, 0x63, 0xe0, 0x63, 0xe0, 0x63, 0xe0, 0x63, 0xe0, 0x63, 0xe0, 0x63, 0xe0, 0x63, 0xe0, 0x63, 0xe0, 0x63, 0xe0, 0x63, 0xe0, 0x63, 0xe0, 0x43, 0xe8, 0x63, 0xe0, 0xb7, 0xf5, 0xff, 0xff, 0xff, 0xff, 0x76, 0xed, 0x63, 0xe0, 0x39, 0xfe, 0xff, 0xff, 0xff, 0xff, 0xff, 0xff, 0x56, 0xf5, 0x62, 0xe0, 0x63, 0xe0, 0x63, 0xe0, 0x63, 0xe0, 0x63, 0xe0, 0x63, 0xe0, 0x63, 0xe0, 0x63, 0xe0, 0x63, 0xe0, 0x63, 0xe0, 0x63, 0xe0, 0x63, 0xe0, 0x43, 0xe8, 0x63, 0xe0, 0x93, 0xec, 0xff, 0xff, 0xff, 0xff, 0xff, 0xff, 0xff, 0xff, 0x2a, 0xe2, 0x2e, 0xeb, 0xff, 0xff, 0xff, 0xff, 0x35, 0xf5, 0x63, 0xe0, 0x63, 0xe0, 0x63, 0xe0, 0x63, 0xe0, 0x63, 0xe0, 0x63, 0xe0, 0x63, 0xe0, 0x63, 0xe0, 0x63, 0xe0, 0x63, 0xe0, 0x63, 0xe0, 0x63, 0xe0, 0x63, 0xe0, 0x63, 0xe0, 0x62, 0xe0, 0x56, 0xf5, 0xff, 0xff, 0xff, 0xff, 0xff, 0xff, 0xac, 0xea, 0x63, 0xe0, 0x63, 0xe0, 0x63, 0xe0, 0x63, 0xe0, 0x63, 0xe0, 0x63, 0xe0, 0x63, 0xe0, 0x43, 0xe8, 0x09, 0xe2, 0xdf, 0xff, 0xff, 0xff, 0xff, 0xff, 0xff, 0xff, 0xff, 0xff, 0xdf, 0xff, 0xe4, 0x20, 0x71, 0x8c, 0x61, 0x08, 0xa6, 0x31, 0xb3, 0x9c, 0x2d, 0x6b, 0xaa, 0x52, 0x2c, 0x6b, 0xc3, 0x18, 0x62, 0x10, 0x5d, 0xef, 0xff, 0xff, 0xff, 0xff, 0xff, 0xff, 0xff, 0xff, 0xff, 0xff, 0xdb, 0xde, 0x8a, 0x52, 0x3d, 0xef, 0x71, 0x8c, 0x3d, 0xef, 0xff, 0xff, 
  0xff, 0xff, 0xe7, 0x39, 0x86, 0x31, 0x69, 0x4a, 0xcf, 0x7b, 0xf8, 0xc5, 0xdf, 0xff, 0xff, 0xff, 0xff, 0xff, 0xff, 0xff, 0xff, 0xff, 0xc3, 0x18, 0xf4, 0xa4, 0xff, 0xff, 0xeb, 0x5a, 0x2d, 0x6b, 0xff, 0xff, 0x96, 0xb5, 0x62, 0x10, 0x79, 0xce, 0x21, 0x08, 0x96, 0xb5, 0xff, 0xff, 0xff, 0xff, 0xff, 0xff, 0xff, 0xff, 0xff, 0xff, 0xff, 0xff, 0xff, 0xff, 0x39, 0xf6, 0x63, 0xe8, 0x63, 0xe0, 0x63, 0xe0, 0x63, 0xe0, 0x63, 0xe0, 0x63, 0xe0, 0x63, 0xe0, 0x63, 0xe0, 0x63, 0xe0, 0x43, 0xe0, 0x9b, 0xfe, 0xff, 0xff, 0xff, 0xff, 0xff, 0xff, 0x6b, 0xe2, 0x63, 0xe0, 0x63, 0xe0, 0x63, 0xe0, 0x63, 0xe0, 0x63, 0xe0, 0x63, 0xe0, 0x63, 0xe0, 0x63, 0xe0, 0x63, 0xe0, 0x63, 0xe0, 0x63, 0xe0, 0x63, 0xe0, 0x63, 0xe0, 0x2a, 0xea, 0xff, 0xff, 0xff, 0xff, 0xff, 0xff, 0xff, 0xff, 0x88, 0xe1, 0x4f, 0xeb, 0xff, 0xff, 0xff, 0xff, 0xff, 0xff, 0xff, 0xff, 0x2a, 0xe2, 0x63, 0xe0, 0x63, 0xe0, 0x63, 0xe0, 0x63, 0xe0, 0x63, 0xe0, 0x63, 0xe0, 0x63, 0xe0, 0x63, 0xe0, 0x63, 0xe0, 0x63, 0xe0, 0x63, 0xe0, 0x63, 0xe0, 0x0a, 0xe2, 0xff, 0xff, 0xff, 0xff, 0xff, 0xff, 0xff, 0xff, 0x56, 0xf5, 0xa4, 0xd8, 0x1c, 0xff, 0xff, 0xff, 0xff, 0xff, 0xff, 0xff, 0x67, 0xe1, 0x63, 0xe0, 0x63, 0xe0, 0x63, 0xe0, 0x63, 0xe0, 0x63, 0xe0, 0x63, 0xe0, 0x63, 0xe0, 0x63, 0xe0, 0x63, 0xe0, 0x63, 0xe0, 0x63, 0xe0, 0x63, 0xe0, 0x63, 0xe0, 0x47, 0xe1, 0xdf, 0xff, 0xff, 0xff, 0xff, 0xff, 0xdf, 0xff, 0xc5, 0xe8, 0x63, 0xe0, 0x63, 0xe0, 0x63, 0xe0, 0x63, 0xe0, 0x63, 0xe0, 0x63, 0xe0, 0x43, 0xe8, 0xc5, 0xe8, 0x9b, 0xf6, 0xff, 0xff, 0xff, 0xff, 0xff, 0xff, 0xff, 0xff, 0xff, 0xff, 0xb7, 0xbd, 0xe4, 0x20, 0x2d, 0x6b, 0x62, 0x10, 0x21, 0x08, 0x41, 0x08, 0x2c, 0x63, 0x82, 0x10, 0x7d, 0xef, 0xdb, 0xde, 0x20, 0x00, 0x3d, 0xef, 0xff, 0xff, 0xff, 0xff, 0xff, 0xff, 0xff, 0xff, 0xff, 0xff, 0x0c, 0x63, 0x3d, 0xef, 0x49, 0x4a, 0xf3, 0x9c, 0x0c, 0x63, 0xff, 0xff, 
  0xff, 0xff, 0x18, 0xc6, 0x9e, 0xf7, 0xff, 0xff, 0xba, 0xd6, 0x18, 0xc6, 0xff, 0xff, 0xff, 0xff, 0xff, 0xff, 0xff, 0xff, 0xff, 0xff, 0xcb, 0x5a, 0xcb, 0x5a, 0xff, 0xff, 0x35, 0xad, 0x04, 0x21, 0xff, 0xff, 0x7e, 0xf7, 0x82, 0x10, 0xf7, 0xbd, 0xaa, 0x52, 0x7d, 0xef, 0xff, 0xff, 0xff, 0xff, 0xff, 0xff, 0xff, 0xff, 0xff, 0xff, 0xff, 0xff, 0xff, 0xff, 0xff, 0xff, 0x52, 0xec, 0x43, 0xe8, 0x63, 0xe0, 0x63, 0xe0, 0x63, 0xe0, 0x63, 0xe0, 0x63, 0xe0, 0x63, 0xe0, 0x43, 0xe8, 0x63, 0xe0, 0xd4, 0xf4, 0xff, 0xff, 0xff, 0xff, 0xff, 0xff, 0xbb, 0xfe, 0x83, 0xe0, 0x63, 0xe0, 0x63, 0xe0, 0x63, 0xe0, 0x63, 0xe0, 0x63, 0xe0, 0x63, 0xe0, 0x63, 0xe0, 0x63, 0xe0, 0x63, 0xe0, 0x63, 0xe0, 0x43, 0xe0, 0xa3, 0xe0, 0xbb, 0xfe, 0xff, 0xff, 0xff, 0xff, 0xff, 0xff, 0xff, 0xff, 0x09, 0xe2, 0xa4, 0xe0, 0x5d, 0xff, 0xff, 0xff, 0xff, 0xff, 0xff, 0xff, 0xdb, 0xfe, 0xa4, 0xe0, 0x63, 0xe0, 0x63, 0xe0, 0x63, 0xe0, 0x63, 0xe0, 0x63, 0xe0, 0x63, 0xe0, 0x63, 0xe0, 0x63, 0xe0, 0x63, 0xe0, 0x63, 0xe0, 0x84, 0xe0, 0x7a, 0xfe, 0xff, 0xff, 0xff, 0xff, 0xff, 0xff, 0x9e, 0xff, 0x47, 0xe9, 0x66, 0xe1, 0xff, 0xff, 0xff, 0xff, 0xff, 0xff, 0xff, 0xff, 0x19, 0xf6, 0x63, 0xe0, 0x63, 0xe0, 0x63, 0xe0, 0x63, 0xe0, 0x63, 0xe0, 0x63, 0xe0, 0x63, 0xe0, 0x63, 0xe0, 0x63, 0xe0, 0x63, 0xe0, 0x63, 0xe0, 0x63, 0xe0, 0x63, 0xe0, 0x35, 0xed, 0xff, 0xff, 0xff, 0xff, 0xff, 0xff, 0x39, 0xf6, 0x63, 0xe0, 0x43, 0xe8, 0x63, 0xe0, 0x63, 0xe0, 0x63, 0xe0, 0x63, 0xe0, 0x63, 0xe0, 0x63, 0xe0, 0x35, 0xf5, 0xff, 0xff, 0xff, 0xff, 0xff, 0xff, 0xff, 0xff, 0xff, 0xff, 0xff, 0xff, 0xb7, 0xbd, 0x08, 0x42, 0x0c, 0x63, 0xcf, 0x7b, 0xcb, 0x5a, 0x04, 0x21, 0x21, 0x08, 0x49, 0x4a, 0xff, 0xff, 0xdf, 0xff, 0x62, 0x10, 0xf7, 0xbd, 0xff, 0xff, 0xff, 0xff, 0xff, 0xff, 0xff, 0xff, 0xff, 0xff, 0x2c, 0x63, 0xec, 0x62, 0x31, 0x8c, 0x5d, 0xef, 0x2d, 0x6b, 0xff, 0xff, 
  0xff, 0xff, 0xff, 0xff, 0xcf, 0x7b, 0x6a, 0x52, 0x9a, 0xd6, 0x6d, 0x6b, 0xf8, 0xc5, 0xff, 0xff, 0xff, 0xff, 0xff, 0xff, 0xff, 0xff, 0xf3, 0x9c, 0xa2, 0x10, 0xff, 0xff, 0x5d, 0xef, 0x61, 0x08, 0xbb, 0xde, 0xff, 0xff, 0xbe, 0xf7, 0xff, 0xff, 0xff, 0xff, 0xff, 0xff, 0x3c, 0xe7, 0x76, 0xb5, 0xff, 0xff, 0xff, 0xff, 0xff, 0xff, 0xff, 0xff, 0xff, 0xff, 0xff, 0xff, 0xff, 0xff, 0x8b, 0xe2, 0x63, 0xe8, 0x63, 0xe0, 0x62, 0xe8, 0x63, 0xe0, 0x63, 0xe0, 0x63, 0xe0, 0x63, 0xe0, 0x63, 0xe0, 0x4b, 0xea, 0xff, 0xff, 0xff, 0xff, 0xff, 0xff, 0xff, 0xff, 0x52, 0xe4, 0x63, 0xe0, 0x43, 0xe8, 0x63, 0xe0, 0x63, 0xe0, 0x63, 0xe0, 0x63, 0xe0, 0x63, 0xe0, 0x63, 0xe0, 0x43, 0xe8, 0x63, 0xe0, 0x43, 0xe8, 0x72, 0xe4, 0xff, 0xff, 0xff, 0xff, 0xff, 0xff, 0xff, 0xff, 0xfc, 0xfe, 0x63, 0xe0, 0x63, 0xe0, 0xb0, 0xeb, 0xff, 0xff, 0xff, 0xff, 0xff, 0xff, 0xff, 0xff, 0x56, 0xf5, 0x83, 0xe0, 0x63, 0xe0, 0x43, 0xe8, 0x43, 0xe0, 0x63, 0xe0, 0x63, 0xe0, 0x63, 0xe0, 0x63, 0xe0, 0x63, 0xe0, 0x63, 0xe0, 0x31, 0xec, 0xff, 0xff, 0xff, 0xff, 0xff, 0xff, 0xff, 0xff, 0xaf, 0xe3, 0x43, 0xe8, 0x63, 0xe0, 0x39, 0xf6, 0xff, 0xff, 0xff, 0xff, 0xff, 0xff, 0xff, 0xff, 0x8f, 0xe3, 0x63, 0xe0, 0x43, 0xe8, 0x63, 0xe0, 0x63, 0xe0, 0x63, 0xe0, 0x63, 0xe0, 0x63, 0xe0, 0x63, 0xe0, 0x63, 0xe0, 0x43, 0xe8, 0x43, 0xe0, 0x6b, 0xe2, 0xff, 0xff, 0xff, 0xff, 0xff, 0xff, 0xff, 0xff, 0x8f, 0xeb, 0x63, 0xe0, 0x63, 0xe0, 0x63, 0xe0, 0x63, 0xe0, 0x63, 0xe0, 0x63, 0xe0, 0x63, 0xe8, 0xd0, 0xeb, 0xff, 0xff, 0xff, 0xff, 0xff, 0xff, 0xff, 0xff, 0xff, 0xff, 0xff, 0xff, 0xff, 0xff, 0xff, 0xff, 0xff, 0xff, 0xdb, 0xde, 0x96, 0xb5, 0x55, 0xad, 0x2d, 0x6b, 0xc7, 0x39, 0xa3, 0x18, 0x4d, 0x6b, 0xba, 0xd6, 0x82, 0x10, 0x7a, 0xd6, 0xff, 0xff, 0xff, 0xff, 0xff, 0xff, 0xff, 0xff, 0xff, 0xff, 0x7e, 0xf7, 0x38, 0xc6, 0xfc, 0xe6, 0x49, 0x4a, 0xdb, 0xde, 0xff, 0xff, 
  0xff, 0xff, 0x7e, 0xf7, 0xaa, 0x52, 0xba, 0xd6, 0x0c, 0x63, 0xba, 0xd6, 0x0c, 0x63, 0xff, 0xff, 0xff, 0xff, 0xff, 0xff, 0xff, 0xff, 0x5d, 0xef, 0x41, 0x08, 0xba, 0xd6, 0xff, 0xff, 0x5d, 0xef, 0xff, 0xff, 0xff, 0xff, 0xff, 0xff, 0xff, 0xff, 0xff, 0xff, 0x79, 0xce, 0x04, 0x21, 0x61, 0x08, 0x18, 0xc6, 0xff, 0xff, 0xff, 0xff, 0xff, 0xff, 0xff, 0xff, 0xff, 0xff, 0xff, 0xff, 0x5d, 0xff, 0xc8, 0xe1, 0x63, 0xe8, 0x63, 0xe0, 0x63, 0xe0, 0x63, 0xe0, 0x63, 0xe0, 0x63, 0xe0, 0x63, 0xe0, 0x63, 0xe0, 0x59, 0xf6, 0xff, 0xff, 0xff, 0xff, 0xff, 0xff, 0xff, 0xff, 0x6f, 0xeb, 0x62, 0xe0, 0x63, 0xe0, 0x63, 0xe0, 0x63, 0xe0, 0x63, 0xe0, 0x63, 0xe0, 0x63, 0xe0, 0x63, 0xe0, 0x63, 0xe0, 0xf1, 0xeb, 0xff, 0xff, 0xff, 0xff, 0xff, 0xff, 0xff, 0xff, 0xff, 0xff, 0x0d, 0xeb, 0x62, 0xe0, 0x43, 0xe0, 0x64, 0xe0, 0x9b, 0xf6, 0xff, 0xff, 0xff, 0xff, 0xff, 0xff, 0xff, 0xff, 0x15, 0xf5, 0xa4, 0xe0, 0x63, 0xe0, 0x63, 0xe0, 0x43, 0xe0, 0x63, 0xe0, 0x63, 0xe0, 0x43, 0xe8, 0x62, 0xe0, 0x6c, 0xea, 0xdf, 0xff, 0xff, 0xff, 0xff, 0xff, 0xff, 0xff, 0x7a, 0xf6, 0x63, 0xe0, 0x63, 0xe0, 0x62, 0xe0, 0x2d, 0xeb, 0xff, 0xff, 0xff, 0xff, 0xff, 0xff, 0xff, 0xff, 0xdf, 0xff, 0x8c, 0xe2, 0x43, 0xe8, 0x63, 0xe0, 0x63, 0xe0, 0x63, 0xe0, 0x63, 0xe0, 0x63, 0xe0, 0x63, 0xe0, 0x43, 0xe8, 0x63, 0xe0, 0x88, 0xe1, 0x5d, 0xff, 0xff, 0xff, 0xff, 0xff, 0xff, 0xff, 0x5d, 0xff, 0xc5, 0xe0, 0x63, 0xe0, 0x63, 0xe0, 0x63, 0xe0, 0x63, 0xe0, 0x63, 0xe0, 0x63, 0xe0, 0x4e, 0xeb, 0xff, 0xff, 0xff, 0xff, 0xff, 0xff, 0xff, 0xff, 0xff, 0xff, 0xff, 0xff, 0xff, 0xff, 0x6d, 0x6b, 0x35, 0xad, 0xff, 0xff, 0xff, 0xff, 0xff, 0xff, 0xff, 0xff, 0xdf, 0xff, 0xf0, 0x83, 0xcf, 0x7b, 0x86, 0x31, 0xd3, 0x9c, 0x25, 0x29, 0xff, 0xff, 0xff, 0xff, 0xff, 0xff, 0xff, 0xff, 0xff, 0xff, 0x6e, 0x73, 0xcb, 0x5a, 0xec, 0x62, 0x5d, 0xef, 0xff, 0xff, 0xff, 0xff, 0xff, 0xff, 
  0xff, 0xff, 0xff, 0xff, 0xaf, 0x7b, 0xd3, 0x9c, 0x08, 0x42, 0x86, 0x31, 0x75, 0xad, 0xff, 0xff, 0xff, 0xff, 0xff, 0xff, 0xff, 0xff, 0xff, 0xff, 0x7d, 0xef, 0xff, 0xff, 0xff, 0xff, 0xff, 0xff, 0xff, 0xff, 0xff, 0xff, 0xff, 0xff, 0xff, 0xff, 0x96, 0xb5, 0xa2, 0x10, 0xe3, 0x18, 0x4d, 0x6b, 0xc3, 0x18, 0xdb, 0xde, 0xff, 0xff, 0xff, 0xff, 0xff, 0xff, 0xff, 0xff, 0xff, 0xff, 0xff, 0xff, 0x3d, 0xff, 0x88, 0xe1, 0x63, 0xe0, 0x63, 0xe0, 0x63, 0xe0, 0x63, 0xe0, 0x63, 0xe0, 0x63, 0xe0, 0x63, 0xe0, 0x8b, 0xea, 0xff, 0xff, 0xff, 0xff, 0xff, 0xff, 0xff, 0xff, 0xff, 0xff, 0x73, 0xec, 0xc4, 0xe0, 0x63, 0xe0, 0x63, 0xe0, 0x63, 0xe0, 0x63, 0xe0, 0x63, 0xe0, 0x46, 0xd9, 0x56, 0xf5, 0xff, 0xff, 0xff, 0xff, 0xff, 0xff, 0xff, 0xff, 0xff, 0xff, 0x5d, 0xff, 0xa4, 0xd8, 0x63, 0xe0, 0x43, 0xe8, 0x63, 0xe0, 0x8c, 0xea, 0xff, 0xff, 0xff, 0xff, 0xff, 0xff, 0xff, 0xff, 0xff, 0xff, 0x39, 0xf6, 0xc8, 0xe1, 0x63, 0xe0, 0x63, 0xe0, 0x63, 0xe0, 0x63, 0xe0, 0x63, 0xe0, 0xac, 0xe2, 0xdf, 0xff, 0xff, 0xff, 0xff, 0xff, 0xff, 0xff, 0xdf, 0xff, 0xc8, 0xe1, 0x62, 0xe0, 0x43, 0xe0, 0x63, 0xe0, 0xc5, 0xe0, 0xdf, 0xff, 0xff, 0xff, 0xff, 0xff, 0xff, 0xff, 0xff, 0xff, 0xbe, 0xff, 0xed, 0xea, 0x63, 0xe0, 0x63, 0xe0, 0x63, 0xe0, 0x63, 0xe0, 0x43, 0xe0, 0x63, 0xe0, 0x63, 0xe0, 0xc9, 0xe1, 0xdc, 0xfe, 0xff, 0xff, 0xff, 0xff, 0xff, 0xff, 0xff, 0xff, 0x32, 0xec, 0x63, 0xe0, 0x63, 0xe0, 0x63, 0xe0, 0x63, 0xe0, 0x63, 0xe0, 0x63, 0xe0, 0xcc, 0xe2, 0xff, 0xff, 0xff, 0xff, 0xff, 0xff, 0xff, 0xff, 0xff, 0xff, 0xff, 0xff, 0xff, 0xff, 0x10, 0x84, 0xa2, 0x10, 0xf7, 0xbd, 0xdb, 0xde, 0xff, 0xff, 0xff, 0xff, 0xff, 0xff, 0xff, 0xff, 0xff, 0xff, 0xff, 0xff, 0xff, 0xff, 0x55, 0xad, 0x92, 0x94, 0xff, 0xff, 0xff, 0xff, 0xff, 0xff, 0xff, 0xff, 0x38, 0xc6, 0x51, 0x8c, 0x14, 0xa5, 0x34, 0xa5, 0x0c, 0x63, 0x1c, 0xe7, 0xff, 0xff, 0xff, 0xff, 
  0xff, 0xff, 0xff, 0xff, 0xbe, 0xf7, 0x86, 0x31, 0x14, 0xa5, 0xdf, 0xff, 0x18, 0xc6, 0xe7, 0x39, 0x4d, 0x6b, 0xff, 0xff, 0xff, 0xff, 0xff, 0xff, 0xff, 0xff, 0xff, 0xff, 0xff, 0xff, 0xff, 0xff, 0xff, 0xff, 0xff, 0xff, 0xff, 0xff, 0x71, 0x8c, 0x41, 0x08, 0x65, 0x29, 0x14, 0xa5, 0x38, 0xc6, 0x4d, 0x6b, 0x66, 0x31, 0x9e, 0xf7, 0xff, 0xff, 0xff, 0xff, 0xff, 0xff, 0xff, 0xff, 0xff, 0xff, 0xff, 0xff, 0x7e, 0xff, 0x2a, 0xea, 0x63, 0xe0, 0x43, 0xe8, 0x63, 0xe0, 0x63, 0xe0, 0x63, 0xe0, 0x43, 0xe8, 0x62, 0xe0, 0x36, 0xf5, 0xff, 0xff, 0xff, 0xff, 0xff, 0xff, 0xff, 0xff, 0xff, 0xff, 0xdc, 0xfe, 0xd0, 0xeb, 0x2a, 0xea, 0x2a, 0xea, 0xed, 0xe2, 0xf5, 0xf4, 0xdf, 0xff, 0xff, 0xff, 0xff, 0xff, 0xff, 0xff, 0xff, 0xff, 0xff, 0xff, 0xff, 0xff, 0x0e, 0xeb, 0x63, 0xe0, 0x63, 0xe0, 0x63, 0xe0, 0x63, 0xe0, 0x43, 0xe0, 0x35, 0xed, 0xff, 0xff, 0xff, 0xff, 0xff, 0xff, 0xff, 0xff, 0xff, 0xff, 0xff, 0xff, 0x77, 0xf5, 0xed, 0xea, 0x09, 0xea, 0xed, 0xe2, 0x15, 0xed, 0xff, 0xff, 0xff, 0xff, 0xff, 0xff, 0xff, 0xff, 0xff, 0xff, 0x0d, 0xdb, 0x63, 0xe8, 0x63, 0xe0, 0x63, 0xe0, 0x63, 0xe0, 0x43, 0xe8, 0x52, 0xec, 0xff, 0xff, 0xff, 0xff, 0xff, 0xff, 0xff, 0xff, 0xff, 0xff, 0xff, 0xff, 0x18, 0xf6, 0x4a, 0xe2, 0x63, 0xe0, 0x43, 0xe0, 0x63, 0xe0, 0xe5, 0xe0, 0x32, 0xec, 0xdf, 0xff, 0xff, 0xff, 0xff, 0xff, 0xff, 0xff, 0xff, 0xff, 0x1c, 0xff, 0xc5, 0xe0, 0x63, 0xe8, 0x63, 0xe0, 0x63, 0xe0, 0x63, 0xe0, 0x63, 0xe0, 0xcc, 0xe2, 0xff, 0xff, 0xff, 0xff, 0xff, 0xff, 0xff, 0xff, 0xff, 0xff, 0xff, 0xff, 0xff, 0xff, 0x71, 0x8c, 0x82, 0x10, 0x31, 0x8c, 0x82, 0x10, 0x62, 0x10, 0x9a, 0xd6, 0xff, 0xff, 0xff, 0xff, 0xff, 0xff, 0xff, 0xff, 0xff, 0xff, 0xff, 0xff, 0xff, 0xff, 0xff, 0xff, 0xff, 0xff, 0xff, 0xff, 0xff, 0xff, 0xff, 0xff, 0x59, 0xce, 0x8e, 0x73, 0x8a, 0x52, 0xbf, 0xff, 0x6e, 0x73, 0x3d, 0xef, 0xff, 0xff, 0xff, 0xff, 
  0xff, 0xff, 0xff, 0xff, 0xff, 0xff, 0xbf, 0xff, 0x1c, 0xe7, 0x6e, 0x73, 0x6a, 0x52, 0xab, 0x5a, 0xdf, 0xff, 0xba, 0xd6, 0xdf, 0xff, 0xff, 0xff, 0xff, 0xff, 0xff, 0xff, 0xff, 0xff, 0xff, 0xff, 0xff, 0xff, 0xff, 0xff, 0x0c, 0x63, 0x20, 0x00, 0x49, 0x4a, 0x5d, 0xef, 0x72, 0x94, 0xc3, 0x18, 0xdb, 0xde, 0x29, 0x4a, 0x49, 0x4a, 0xff, 0xff, 0xff, 0xff, 0xff, 0xff, 0xff, 0xff, 0xff, 0xff, 0xff, 0xff, 0xff, 0xff, 0xbf, 0xff, 0x0d, 0xe3, 0x63, 0xe0, 0x43, 0xe8, 0x63, 0xe0, 0x63, 0xe0, 0x63, 0xe0, 0x42, 0xe8, 0xe5, 0xe0, 0xdb, 0xf6, 0xff, 0xff, 0xff, 0xff, 0xff, 0xff, 0xff, 0xff, 0xff, 0xff, 0xff, 0xff, 0xff, 0xff, 0xff, 0xff, 0xff, 0xff, 0xff, 0xff, 0xff, 0xff, 0xff, 0xff, 0xff, 0xff, 0xff, 0xff, 0xff, 0xff, 0xff, 0xff, 0x19, 0xf6, 0x63, 0xe0, 0x63, 0xe0, 0x63, 0xe0, 0x63, 0xe0, 0x63, 0xe0, 0x63, 0xe0, 0xa4, 0xe0, 0x39, 0xf6, 0xff, 0xff, 0xff, 0xff, 0xff, 0xff, 0xff, 0xff, 0xff, 0xff, 0xff, 0xff, 0xff, 0xff, 0xff, 0xff, 0xff, 0xff, 0xff, 0xff, 0xff, 0xff, 0xff, 0xff, 0xff, 0xff, 0xff, 0xff, 0xb0, 0xeb, 0x63, 0xe0, 0x63, 0xe0, 0x43, 0xe8, 0x63, 0xe0, 0x63, 0xe0, 0x63, 0xe0, 0x84, 0xe0, 0xdb, 0xfe, 0xff, 0xff, 0xff, 0xff, 0xff, 0xff, 0xff, 0xff, 0xff, 0xff, 0xff, 0xff, 0xff, 0xff, 0x7e, 0xff, 0x5a, 0xfe, 0xbb, 0xfe, 0xff, 0xff, 0xff, 0xff, 0xff, 0xff, 0xff, 0xff, 0xff, 0xff, 0xff, 0xff, 0xff, 0xff, 0x2a, 0xe2, 0x62, 0xe8, 0x63, 0xe0, 0x63, 0xe0, 0x63, 0xe0, 0x63, 0xe0, 0x8f, 0xeb, 0xff, 0xff, 0xff, 0xff, 0xff, 0xff, 0xff, 0xff, 0xff, 0xff, 0xff, 0xff, 0x3c, 0xe7, 0x65, 0x29, 0x82, 0x10, 0xf7, 0xbd, 0x71, 0x8c, 0x41, 0x08, 0xb3, 0x9c, 0xeb, 0x5a, 0xd3, 0x9c, 0xff, 0xff, 0xff, 0xff, 0xff, 0xff, 0xff, 0xff, 0xff, 0xff, 0xff, 0xff, 0xff, 0xff, 0xff, 0xff, 0xff, 0xff, 0xd3, 0x9c, 0x96, 0xb5, 0xf8, 0xc5, 0x71, 0x8c, 0x86, 0x31, 0x0c, 0x63, 0x8e, 0x73, 0xff, 0xff, 0xff, 0xff, 0xff, 0xff, 
  0xff, 0xff, 0xff, 0xff, 0xff, 0xff, 0xfc, 0xe6, 0x08, 0x42, 0x39, 0xce, 0xff, 0xff, 0x5d, 0xef, 0x35, 0xad, 0xb6, 0xb5, 0x3c, 0xe7, 0xff, 0xff, 0xff, 0xff, 0xff, 0xff, 0xff, 0xff, 0xff, 0xff, 0x9e, 0xf7, 0x08, 0x42, 0x20, 0x00, 0x6d, 0x6b, 0x72, 0x94, 0xcb, 0x5a, 0xff, 0xff, 0xaa, 0x52, 0x86, 0x31, 0xfb, 0xde, 0x65, 0x29, 0x8e, 0x73, 0xff, 0xff, 0xff, 0xff, 0xff, 0xff, 0xff, 0xff, 0xff, 0xff, 0xff, 0xff, 0xff, 0xff, 0xff, 0xff, 0x11, 0xec, 0x84, 0xd8, 0x43, 0xe8, 0x43, 0xe8, 0x63, 0xe0, 0x63, 0xe0, 0x43, 0xe0, 0x87, 0xe1, 0xdf, 0xff, 0xff, 0xff, 0xff, 0xff, 0xff, 0xff, 0xff, 0xff, 0xff, 0xff, 0xff, 0xff, 0xff, 0xff, 0xff, 0xff, 0xff, 0xff, 0xff, 0xff, 0xff, 0xff, 0xff, 0xff, 0xff, 0xff, 0xff, 0xff, 0xfc, 0xfe, 0xe5, 0xe0, 0x63, 0xe0, 0x63, 0xe0, 0x63, 0xe0, 0x63, 0xe0, 0x43, 0xe0, 0x63, 0xe0, 0x63, 0xe0, 0xc5, 0xe0, 0x9a, 0xfe, 0xff, 0xff, 0xff, 0xff, 0xff, 0xff, 0xff, 0xff, 0xff, 0xff, 0xff, 0xff, 0xff, 0xff, 0xff, 0xff, 0xff, 0xff, 0xff, 0xff, 0xff, 0xff, 0xff, 0xff, 0xd0, 0xe3, 0x63, 0xe0, 0x43, 0xe0, 0x63, 0xe0, 0x63, 0xe0, 0x63, 0xe0, 0x63, 0xe0, 0x43, 0xe0, 0x63, 0xe0, 0xe9, 0xe1, 0xbf, 0xff, 0xff, 0xff, 0xff, 0xff, 0xff, 0xff, 0xff, 0xff, 0xff, 0xff, 0xff, 0xff, 0xff, 0xff, 0xff, 0xff, 0xff, 0xff, 0xff, 0xff, 0xff, 0xff, 0xff, 0xff, 0xff, 0xff, 0xff, 0xff, 0xff, 0xff, 0xf0, 0xeb, 0x63, 0xe8, 0x63, 0xe0, 0x63, 0xe0, 0x63, 0xe0, 0xc4, 0xe0, 0x14, 0xed, 0xff, 0xff, 0xff, 0xff, 0xff, 0xff, 0xff, 0xff, 0xff, 0xff, 0xff, 0xff, 0xff, 0xff, 0x2d, 0x6b, 0x41, 0x08, 0x55, 0xad, 0x18, 0xc6, 0x62, 0x10, 0x51, 0x8c, 0x0c, 0x63, 0x41, 0x08, 0x41, 0x08, 0x71, 0x8c, 0xff, 0xff, 0xff, 0xff, 0xff, 0xff, 0xff, 0xff, 0xff, 0xff, 0xff, 0xff, 0xff, 0xff, 0xff, 0xff, 0xdb, 0xde, 0xe3, 0x18, 0xeb, 0x5a, 0x3c, 0xe7, 0xdf, 0xff, 0x9e, 0xf7, 0xff, 0xff, 0xff, 0xff, 0xff, 0xff, 0xff, 0xff, 
  0xff, 0xff, 0xff, 0xff, 0xff, 0xff, 0xbf, 0xff, 0x55, 0xad, 0xbe, 0xf7, 0x10, 0x84, 0x86, 0x31, 0xb6, 0xb5, 0xff, 0xff, 0xff, 0xff, 0xff, 0xff, 0xff, 0xff, 0xff, 0xff, 0xff, 0xff, 0xdb, 0xde, 0x25, 0x29, 0x41, 0x08, 0x71, 0x8c, 0xff, 0xff, 0xfc, 0xe6, 0xc3, 0x18, 0x8a, 0x52, 0x82, 0x10, 0x41, 0x08, 0x8a, 0x52, 0xba, 0xd6, 0xc3, 0x18, 0xb3, 0x9c, 0xff, 0xff, 0xff, 0xff, 0xff, 0xff, 0xff, 0xff, 0xff, 0xff, 0xff, 0xff, 0xff, 0xff, 0xff, 0xff, 0x97, 0xf5, 0xe5, 0xe0, 0x63, 0xd8, 0x43, 0xe8, 0x63, 0xe0, 0x63, 0xe0, 0x63, 0xe0, 0x0a, 0xea, 0xbe, 0xff, 0xff, 0xff, 0xff, 0xff, 0xff, 0xff, 0xff, 0xff, 0xff, 0xff, 0xff, 0xff, 0xff, 0xff, 0xff, 0xff, 0xff, 0xff, 0xff, 0xff, 0xff, 0xff, 0xff, 0xff, 0xfc, 0xfe, 0x47, 0xe1, 0x63, 0xe0, 0x63, 0xe0, 0x63, 0xe0, 0x63, 0xe0, 0x63, 0xe0, 0x63, 0xe0, 0x63, 0xe0, 0x63, 0xe0, 0x62, 0xe0, 0xc5, 0xd8, 0x56, 0xed, 0xff, 0xff, 0xff, 0xff, 0xff, 0xff, 0xff, 0xff, 0xff, 0xff, 0xff, 0xff, 0xff, 0xff, 0xff, 0xff, 0xff, 0xff, 0xdf, 0xff, 0x90, 0xe3, 0x43, 0xe8, 0x63, 0xe0, 0x63, 0xe0, 0x63, 0xe0, 0x63, 0xe0, 0x63, 0xe0, 0x63, 0xe0, 0x43, 0xe8, 0x63, 0xe0, 0x43, 0xe8, 0x0d, 0xe3, 0xff, 0xff, 0xff, 0xff, 0xff, 0xff, 0xff, 0xff, 0xff, 0xff, 0xff, 0xff, 0xff, 0xff, 0xff, 0xff, 0xff, 0xff, 0xff, 0xff, 0xff, 0xff, 0xff, 0xff, 0xff, 0xff, 0xff, 0xff, 0xb4, 0xec, 0x63, 0xe0, 0x63, 0xe0, 0x63, 0xe0, 0x43, 0xe8, 0x88, 0xe9, 0x9b, 0xfe, 0xff, 0xff, 0xff, 0xff, 0xff, 0xff, 0xff, 0xff, 0xff, 0xff, 0xff, 0xff, 0xff, 0xff, 0xb7, 0xbd, 0x62, 0x10, 0xf4, 0xa4, 0x59, 0xce, 0x82, 0x10, 0x30, 0x84, 0x6d, 0x6b, 0xa3, 0x18, 0xbb, 0xde, 0xa6, 0x31, 0x04, 0x21, 0xff, 0xff, 0xff, 0xff, 0xff, 0xff, 0xff, 0xff, 0xff, 0xff, 0xff, 0xff, 0xff, 0xff, 0xff, 0xff, 0xff, 0xff, 0xfb, 0xde, 0x18, 0xc6, 0x69, 0x4a, 0xef, 0x7b, 0x10, 0x84, 0xff, 0xff, 0xff, 0xff, 0xff, 0xff, 0xff, 0xff, 
  0xff, 0xff, 0xff, 0xff, 0xff, 0xff, 0xff, 0xff, 0x5d, 0xef, 0x86, 0x31, 0xb3, 0x9c, 0x75, 0xad, 0xcb, 0x5a, 0x31, 0x8c, 0xdf, 0xff, 0xff, 0xff, 0xff, 0xff, 0xff, 0xff, 0xff, 0xff, 0xcf, 0x7b, 0x21, 0x08, 0x92, 0x94, 0x8a, 0x52, 0xcf, 0x7b, 0xff, 0xff, 0x4d, 0x6b, 0x21, 0x08, 0x66, 0x31, 0xfb, 0xde, 0x25, 0x29, 0xcf, 0x7b, 0xd7, 0xbd, 0x62, 0x10, 0xf7, 0xbd, 0xff, 0xff, 0xff, 0xff, 0xff, 0xff, 0xff, 0xff, 0xff, 0xff, 0xff, 0xff, 0xff, 0xff, 0xff, 0xff, 0x7e, 0xff, 0xcc, 0xea, 0x63, 0xe0, 0x63, 0xe0, 0x63, 0xe0, 0x63, 0xe0, 0x62, 0xe0, 0x4a, 0xe2, 0x5d, 0xff, 0xff, 0xff, 0xff, 0xff, 0xff, 0xff, 0xff, 0xff, 0xff, 0xff, 0xff, 0xff, 0xff, 0xff, 0xff, 0xff, 0xff, 0xff, 0xff, 0xff, 0xf5, 0xf4, 0xc5, 0xe0, 0x63, 0xe0, 0x63, 0xe0, 0x63, 0xe0, 0x63, 0xe0, 0x63, 0xe0, 0x63, 0xe0, 0x63, 0xe0, 0x63, 0xe0, 0x43, 0xe8, 0x63, 0xe0, 0x42, 0xe8, 0x63, 0xe0, 0xcc, 0xea, 0x1c, 0xff, 0xff, 0xff, 0xff, 0xff, 0xff, 0xff, 0xff, 0xff, 0xff, 0xff, 0xff, 0xff, 0xd8, 0xf5, 0xa8, 0xe1, 0x62, 0xe0, 0x63, 0xe0, 0x43, 0xe0, 0x63, 0xe0, 0x63, 0xe0, 0x63, 0xe0, 0x63, 0xe0, 0x63, 0xe0, 0x43, 0xe8, 0x63, 0xe0, 0x63, 0xe0, 0x63, 0xe0, 0xcc, 0xe2, 0xbe, 0xff, 0xff, 0xff, 0xff, 0xff, 0xff, 0xff, 0xff, 0xff, 0xff, 0xff, 0xff, 0xff, 0xff, 0xff, 0xff, 0xff, 0xff, 0xff, 0xff, 0xff, 0xff, 0xff, 0x52, 0xec, 0x63, 0xe0, 0x43, 0xe0, 0x63, 0xe0, 0x63, 0xe0, 0xb0, 0xe3, 0xdf, 0xff, 0xff, 0xff, 0xff, 0xff, 0xff, 0xff, 0xff, 0xff, 0xff, 0xff, 0xff, 0xff, 0xff, 0xff, 0x79, 0xce, 0x62, 0x10, 0xb2, 0x94, 0xdb, 0xde, 0xe4, 0x20, 0x2d, 0x6b, 0x30, 0x84, 0x82, 0x10, 0xf7, 0xbd, 0xf3, 0x9c, 0x61, 0x08, 0x96, 0xb5, 0xff, 0xff, 0x34, 0xa5, 0xdf, 0xff, 0xff, 0xff, 0xff, 0xff, 0xff, 0xff, 0xff, 0xff, 0x9e, 0xf7, 0x08, 0x42, 0x08, 0x42, 0x96, 0xb5, 0xff, 0xff, 0x96, 0xb5, 0x3c, 0xe7, 0xff, 0xff, 0xff, 0xff, 0xff, 0xff, 0xff, 0xff, 
  0xff, 0xff, 0xff, 0xff, 0xff, 0xff, 0xff, 0xff, 0xff, 0xff, 0x9e, 0xf7, 0xf4, 0xa4, 0xeb, 0x5a, 0x7d, 0xef, 0x55, 0xad, 0xf0, 0x83, 0xff, 0xff, 0xff, 0xff, 0xff, 0xff, 0xff, 0xff, 0xff, 0xff, 0x49, 0x4a, 0x65, 0x29, 0xb6, 0xb5, 0x62, 0x10, 0xc7, 0x39, 0x21, 0x08, 0xe8, 0x41, 0x62, 0x10, 0x79, 0xce, 0xdb, 0xde, 0xcf, 0x7b, 0x10, 0x84, 0x41, 0x08, 0x6a, 0x52, 0xff, 0xff, 0xff, 0xff, 0xff, 0xff, 0xff, 0xff, 0xff, 0xff, 0xff, 0xff, 0xff, 0xff, 0xff, 0xff, 0xff, 0xff, 0xff, 0xff, 0xf4, 0xec, 0xc5, 0xe0, 0x63, 0xe0, 0x43, 0xe0, 0x63, 0xe8, 0x63, 0xe0, 0xc5, 0xe0, 0xd4, 0xec, 0x7e, 0xff, 0xff, 0xff, 0xff, 0xff, 0xff, 0xff, 0xff, 0xff, 0xff, 0xff, 0xff, 0xff, 0xd8, 0xf5, 0x2a, 0xea, 0x63, 0xe0, 0x63, 0xe0, 0x63, 0xe0, 0x63, 0xe0, 0x63, 0xe0, 0x63, 0xe0, 0x63, 0xe0, 0x63, 0xe0, 0x63, 0xe0, 0x63, 0xe0, 0x63, 0xe0, 0x63, 0xe0, 0x43, 0xe8, 0x63, 0xe0, 0x63, 0xe0, 0x63, 0xe0, 0x09, 0xe2, 0xed, 0xf2, 0xed, 0xf2, 0xed, 0xf2, 0x4a, 0xe2, 0x26, 0xe1, 0x63, 0xe0, 0x63, 0xe0, 0x43, 0xe0, 0x63, 0xe0, 0x63, 0xe0, 0x63, 0xe0, 0x63, 0xe0, 0x63, 0xe0, 0x63, 0xe0, 0x63, 0xe0, 0x63, 0xe0, 0x43, 0xe8, 0x43, 0xe8, 0x43, 0xe8, 0x63, 0xe0, 0x47, 0xe1, 0x97, 0xf5, 0xff, 0xff, 0xff, 0xff, 0xff, 0xff, 0xff, 0xff, 0xff, 0xff, 0xff, 0xff, 0xff, 0xff, 0xff, 0xff, 0x3d, 0xff, 0xac, 0xe2, 0x63, 0xe0, 0x43, 0xe0, 0x43, 0xe0, 0x67, 0xe1, 0x19, 0xf6, 0xff, 0xff, 0xff, 0xff, 0xff, 0xff, 0xff, 0xff, 0xff, 0xff, 0xff, 0xff, 0xff, 0xff, 0xff, 0xff, 0xfc, 0xe6, 0xa3, 0x18, 0x8e, 0x73, 0x49, 0x4a, 0xa3, 0x18, 0xec, 0x62, 0x71, 0x8c, 0x62, 0x10, 0xf7, 0xbd, 0xf8, 0xc5, 0x62, 0x10, 0x4d, 0x6b, 0xff, 0xff, 0x2d, 0x6b, 0x86, 0x31, 0x7e, 0xf7, 0xff, 0xff, 0xff, 0xff, 0xff, 0xff, 0xff, 0xff, 0x14, 0xa5, 0xf7, 0xbd, 0x5d, 0xef, 0x0c, 0x63, 0x0c, 0x63, 0x9e, 0xf7, 0xff, 0xff, 0xff, 0xff, 0xff, 0xff, 0xff, 0xff, 0xff, 0xff, 
  0xff, 0xff, 0xff, 0xff, 0xff, 0xff, 0xff, 0xff, 0xff, 0xff, 0xff, 0xff, 0x8a, 0x52, 0xdf, 0xff, 0xff, 0xff, 0xfc, 0xe6, 0x2c, 0x63, 0xff, 0xff, 0xff, 0xff, 0xff, 0xff, 0xff, 0xff, 0xff, 0xff, 0xbe, 0xf7, 0x65, 0x29, 0x08, 0x42, 0x14, 0xa5, 0x21, 0x08, 0x0c, 0x63, 0xff, 0xff, 0xae, 0x73, 0x25, 0x29, 0x9e, 0xf7, 0xeb, 0x5a, 0x21, 0x08, 0x0c, 0x63, 0xdf, 0xff, 0xff, 0xff, 0xff, 0xff, 0xff, 0xff, 0xff, 0xff, 0xff, 0xff, 0xff, 0xff, 0xff, 0xff, 0xff, 0xff, 0xff, 0xff, 0xff, 0xff, 0xff, 0xff, 0x5d, 0xff, 0x6e, 0xeb, 0x84, 0xe0, 0x63, 0xe0, 0x63, 0xe0, 0x43, 0xe8, 0x63, 0xe0, 0x84, 0xe0, 0xac, 0xe2, 0xb0, 0xeb, 0x11, 0xf4, 0x6f, 0xeb, 0xcd, 0xea, 0xe5, 0xe0, 0x43, 0xe8, 0x63, 0xe0, 0x63, 0xe0, 0x63, 0xe0, 0x63, 0xe0, 0x63, 0xe0, 0x63, 0xe0, 0x63, 0xe0, 0x63, 0xe0, 0x63, 0xe0, 0x63, 0xe0, 0x63, 0xe0, 0x63, 0xe0, 0x63, 0xe0, 0x63, 0xe0, 0x63, 0xe0, 0x63, 0xe0, 0x63, 0xe0, 0x63, 0xe0, 0x63, 0xe0, 0x63, 0xe0, 0x63, 0xe0, 0x63, 0xe0, 0x63, 0xe0, 0x63, 0xe0, 0x63, 0xe0, 0x63, 0xe0, 0x63, 0xe0, 0x63, 0xe0, 0x63, 0xe0, 0x63, 0xe0, 0x63, 0xe0, 0x63, 0xe0, 0x63, 0xe0, 0x63, 0xe0, 0x63, 0xe0, 0x63, 0xe0, 0x63, 0xe0, 0x63, 0xe0, 0x63, 0xe0, 0x62, 0xe8, 0x67, 0xe1, 0xd0, 0xeb, 0x39, 0xfe, 0x1c, 0xff, 0x5d, 0xff, 0xbb, 0xfe, 0x97, 0xfd, 0x8f, 0xeb, 0xc5, 0xe0, 0x63, 0xe0, 0x63, 0xe0, 0xc4, 0xe0, 0x72, 0xec, 0xdf, 0xff, 0xff, 0xff, 0xff, 0xff, 0xff, 0xff, 0xff, 0xff, 0xff, 0xff, 0xff, 0xff, 0xff, 0xff, 0xff, 0xff, 0xff, 0xff, 0xff, 0xff, 0x55, 0xad, 0xb7, 0xbd, 0x21, 0x08, 0xaa, 0x52, 0x14, 0xa5, 0x41, 0x08, 0x55, 0xad, 0xf8, 0xc5, 0x82, 0x10, 0xe4, 0x20, 0x41, 0x08, 0xe7, 0x39, 0x04, 0x21, 0xdb, 0xde, 0xff, 0xff, 0xff, 0xff, 0xff, 0xff, 0xff, 0xff, 0xff, 0xff, 0xc7, 0x39, 0x4d, 0x6b, 0xdf, 0xff, 0xff, 0xff, 0xd7, 0xbd, 0x9e, 0xf7, 0xff, 0xff, 0xff, 0xff, 0xff, 0xff, 0xff, 0xff, 0xff, 0xff, 
  0xff, 0xff, 0xff, 0xff, 0xff, 0xff, 0xff, 0xff, 0xff, 0xff, 0xff, 0xff, 0x92, 0x94, 0x71, 0x8c, 0x35, 0xad, 0xc7, 0x39, 0xba, 0xd6, 0x7a, 0xd6, 0xff, 0xff, 0xff, 0xff, 0xff, 0xff, 0xff, 0xff, 0xff, 0xff, 0xfc, 0xe6, 0xa3, 0x18, 0x4d, 0x6b, 0xf0, 0x83, 0xa3, 0x18, 0x08, 0x42, 0x9e, 0xf7, 0x18, 0xc6, 0x08, 0x42, 0x21, 0x08, 0x51, 0x8c, 0xff, 0xff, 0xff, 0xff, 0xff, 0xff, 0xff, 0xff, 0xff, 0xff, 0xff, 0xff, 0xff, 0xff, 0xff, 0xff, 0xff, 0xff, 0xff, 0xff, 0xff, 0xff, 0xff, 0xff, 0xff, 0xff, 0xff, 0xff, 0xff, 0xff, 0xbb, 0xf6, 0xed, 0xea, 0x63, 0xe0, 0x63, 0xe0, 0x43, 0xe8, 0x43, 0xe8, 0x43, 0xe8, 0x63, 0xe0, 0x63, 0xe0, 0x62, 0xe0, 0x62, 0xe0, 0x43, 0xe8, 0x63, 0xe0, 0x63, 0xe0, 0x63, 0xe0, 0x63, 0xe0, 0x63, 0xe0, 0x63, 0xe0, 0x63, 0xe0, 0x63, 0xe0, 0x63, 0xe0, 0x63, 0xe0, 0x63, 0xe0, 0x63, 0xe0, 0x63, 0xe0, 0x63, 0xe0, 0x63, 0xe0, 0x63, 0xe0, 0x63, 0xe0, 0x63, 0xe0, 0x63, 0xe0, 0x63, 0xe0, 0x63, 0xe0, 0x63, 0xe0, 0x63, 0xe0, 0x63, 0xe0, 0x63, 0xe0, 0x63, 0xe0, 0x63, 0xe0, 0x63, 0xe0, 0x63, 0xe0, 0x63, 0xe0, 0x63, 0xe0, 0x63, 0xe0, 0x63, 0xe0, 0x63, 0xe0, 0x63, 0xe0, 0x63, 0xe0, 0x63, 0xe0, 0x63, 0xe0, 0x63, 0xe0, 0x63, 0xe0, 0x63, 0xe0, 0x63, 0xe0, 0x63, 0xe0, 0x63, 0xe0, 0x63, 0xe0, 0x43, 0xe0, 0x63, 0xe0, 0x63, 0xe0, 0x63, 0xe0, 0x43, 0xe8, 0x84, 0xe0, 0x6f, 0xeb, 0x3d, 0xff, 0xff, 0xff, 0xff, 0xff, 0xff, 0xff, 0xff, 0xff, 0xff, 0xff, 0xff, 0xff, 0xff, 0xff, 0xff, 0xff, 0xff, 0xff, 0xff, 0xff, 0xff, 0xff, 0xff, 0xff, 0xff, 0xff, 0xd3, 0x9c, 0x28, 0x42, 0x34, 0xa5, 0x61, 0x08, 0xd3, 0x9c, 0x59, 0xce, 0x82, 0x10, 0xd3, 0x9c, 0x7d, 0xef, 0x49, 0x4a, 0xe4, 0x20, 0xbb, 0xde, 0xff, 0xff, 0xff, 0xff, 0xff, 0xff, 0xff, 0xff, 0xff, 0xff, 0x7a, 0xd6, 0x1c, 0xe7, 0x72, 0x94, 0xe8, 0x41, 0x9a, 0xd6, 0xff, 0xff, 0xff, 0xff, 0xff, 0xff, 0xff, 0xff, 0xff, 0xff, 0xff, 0xff, 0xff, 0xff, 
  0xff, 0xff, 0xff, 0xff, 0xff, 0xff, 0xff, 0xff, 0xff, 0xff, 0xff, 0xff, 0xff, 0xff, 0x96, 0xb5, 0xd3, 0x9c, 0x5d, 0xef, 0xd3, 0x9c, 0xa3, 0x18, 0xf3, 0x9c, 0xff, 0xff, 0xff, 0xff, 0xff, 0xff, 0xff, 0xff, 0xff, 0xff, 0x18, 0xc6, 0x41, 0x08, 0x72, 0x94, 0xaa, 0x52, 0x45, 0x29, 0x9a, 0xd6, 0x45, 0x29, 0x82, 0x10, 0x75, 0xad, 0xff, 0xff, 0xff, 0xff, 0xff, 0xff, 0x55, 0xad, 0xb2, 0x94, 0xff, 0xff, 0xff, 0xff, 0xff, 0xff, 0xff, 0xff, 0xff, 0xff, 0xff, 0xff, 0xff, 0xff, 0xff, 0xff, 0xff, 0xff, 0xff, 0xff, 0xff, 0xff, 0xff, 0xff, 0xff, 0xff, 0xbb, 0xfe, 0xcc, 0xe2, 0x63, 0xe0, 0x63, 0xe0, 0x63, 0xe0, 0x63, 0xe0, 0x63, 0xe0, 0x63, 0xe0, 0x63, 0xe0, 0x63, 0xe0, 0x63, 0xe0, 0x63, 0xe0, 0x63, 0xe0, 0x63, 0xe0, 0x63, 0xe0, 0x63, 0xe0, 0x63, 0xe0, 0x63, 0xe0, 0x63, 0xe0, 0x63, 0xe0, 0x63, 0xe0, 0x63, 0xe0, 0x63, 0xe0, 0x63, 0xe0, 0x63, 0xe0, 0x63, 0xe0, 0x63, 0xe0, 0x63, 0xe0, 0x63, 0xe0, 0x63, 0xe0, 0x63, 0xe0, 0x63, 0xe0, 0x63, 0xe0, 0x63, 0xe0, 0x63, 0xe0, 0x63, 0xe0, 0x63, 0xe0, 0x63, 0xe0, 0x63, 0xe0, 0x63, 0xe0, 0x63, 0xe0, 0x63, 0xe0, 0x63, 0xe0, 0x63, 0xe0, 0x63, 0xe0, 0x63, 0xe0, 0x63, 0xe0, 0x63, 0xe0, 0x63, 0xe0, 0x63, 0xe0, 0x63, 0xe0, 0x63, 0xe0, 0x63, 0xe0, 0x43, 0xe0, 0x43, 0xe8, 0x43, 0xe8, 0x63, 0xe0, 0x63, 0xe0, 0xa4, 0xe0, 0x8f, 0xeb, 0x1c, 0xff, 0xff, 0xff, 0xff, 0xff, 0xff, 0xff, 0xff, 0xff, 0xff, 0xff, 0xff, 0xff, 0xff, 0xff, 0xff, 0xff, 0xb7, 0xbd, 0x14, 0xa5, 0xff, 0xff, 0xff, 0xff, 0xff, 0xff, 0xff, 0xff, 0xff, 0xff, 0xff, 0xff, 0xba, 0xd6, 0x62, 0x10, 0x66, 0x31, 0x9a, 0xd6, 0x04, 0x21, 0x28, 0x42, 0x08, 0x42, 0xff, 0xff, 0xff, 0xff, 0xbf, 0xff, 0xff, 0xff, 0xff, 0xff, 0xff, 0xff, 0xff, 0xff, 0xff, 0xff, 0x0c, 0x63, 0xae, 0x73, 0x08, 0x42, 0xf3, 0x9c, 0xdb, 0xde, 0x31, 0x8c, 0xff, 0xff, 0xff, 0xff, 0xff, 0xff, 0xff, 0xff, 0xff, 0xff, 0xff, 0xff, 0xff, 0xff, 
  0xff, 0xff, 0xff, 0xff, 0xff, 0xff, 0xff, 0xff, 0xff, 0xff, 0xff, 0xff, 0xff, 0xff, 0xff, 0xff, 0xdf, 0xff, 0x4d, 0x6b, 0xef, 0x7b, 0xdf, 0xff, 0x10, 0x84, 0x55, 0xad, 0xff, 0xff, 0xff, 0xff, 0xff, 0xff, 0xff, 0xff, 0xff, 0xff, 0xf3, 0x9c, 0x41, 0x08, 0x76, 0xb5, 0x31, 0x8c, 0xa2, 0x10, 0xe4, 0x20, 0x79, 0xce, 0xff, 0xff, 0xff, 0xff, 0xff, 0xff, 0xff, 0xff, 0xcf, 0x7b, 0x41, 0x08, 0xa6, 0x31, 0x79, 0xce, 0xff, 0xff, 0x0c, 0x63, 0xaf, 0x7b, 0xff, 0xff, 0xff, 0xff, 0xff, 0xff, 0xff, 0xff, 0xff, 0xff, 0xff, 0xff, 0xff, 0xff, 0xff, 0xff, 0xff, 0xff, 0xff, 0xff, 0xfc, 0xfe, 0xd0, 0xeb, 0xe5, 0xd8, 0x43, 0xe8, 0x63, 0xe0, 0x63, 0xe0, 0x63, 0xe0, 0x63, 0xe0, 0x63, 0xe0, 0x63, 0xe0, 0x63, 0xe0, 0x63, 0xe0, 0x63, 0xe0, 0x63, 0xe0, 0x63, 0xe0, 0x63, 0xe0, 0x63, 0xe0, 0x63, 0xe0, 0x63, 0xe0, 0x63, 0xe0, 0x63, 0xe0, 0x63, 0xe0, 0x63, 0xe0, 0x63, 0xe0, 0x63, 0xe0, 0x63, 0xe0, 0x63, 0xe0, 0x63, 0xe0, 0x63, 0xe0, 0x63, 0xe0, 0x63, 0xe0, 0x63, 0xe0, 0x63, 0xe0, 0x63, 0xe0, 0x63, 0xe0, 0x63, 0xe0, 0x63, 0xe0, 0x63, 0xe0, 0x63, 0xe0, 0x63, 0xe0, 0x63, 0xe0, 0x63, 0xe0, 0x63, 0xe0, 0x63, 0xe0, 0x63, 0xe0, 0x63, 0xe0, 0x63, 0xe0, 0x63, 0xe0, 0x63, 0xe0, 0x63, 0xe0, 0x63, 0xe0, 0x43, 0xe0, 0x63, 0xe0, 0x63, 0xe0, 0x67, 0xe1, 0x73, 0xec, 0x5d, 0xff, 0xff, 0xff, 0xff, 0xff, 0xff, 0xff, 0xff, 0xff, 0xff, 0xff, 0xff, 0xff, 0xff, 0xff, 0xff, 0xff, 0xff, 0xff, 0xbe, 0xf7, 0x04, 0x21, 0xa2, 0x10, 0x3c, 0xe7, 0xff, 0xff, 0xff, 0xff, 0xff, 0xff, 0xff, 0xff, 0xff, 0xff, 0xff, 0xff, 0x51, 0x8c, 0x21, 0x08, 0x21, 0x08, 0x30, 0x84, 0x4d, 0x6b, 0x41, 0x08, 0x3d, 0xef, 0xff, 0xff, 0xff, 0xff, 0xff, 0xff, 0xff, 0xff, 0xff, 0xff, 0xff, 0xff, 0x1c, 0xe7, 0x4d, 0x6b, 0xff, 0xff, 0xff, 0xff, 0x69, 0x4a, 0x3d, 0xef, 0xff, 0xff, 0xff, 0xff, 0xff, 0xff, 0xff, 0xff, 0xff, 0xff, 0xff, 0xff, 0xff, 0xff, 0xff, 0xff, 
  0xff, 0xff, 0xff, 0xff, 0xff, 0xff, 0xff, 0xff, 0xff, 0xff, 0xff, 0xff, 0xff, 0xff, 0xff, 0xff, 0x55, 0xad, 0x76, 0xb5, 0xff, 0xff, 0xdf, 0xff, 0x8a, 0x52, 0x39, 0xce, 0xff, 0xff, 0xff, 0xff, 0xff, 0xff, 0xff, 0xff, 0xff, 0xff, 0xff, 0xff, 0xae, 0x73, 0x61, 0x08, 0x41, 0x08, 0xa6, 0x31, 0x3d, 0xef, 0xff, 0xff, 0xff, 0xff, 0xff, 0xff, 0xff, 0xff, 0xff, 0xff, 0xff, 0xff, 0x39, 0xce, 0x65, 0x29, 0x41, 0x08, 0x8a, 0x52, 0x21, 0x08, 0x4d, 0x6b, 0xff, 0xff, 0xff, 0xff, 0xff, 0xff, 0xff, 0xff, 0xff, 0xff, 0xff, 0xff, 0xff, 0xff, 0xff, 0xff, 0xff, 0xff, 0xff, 0xff, 0xff, 0xff, 0xff, 0xff, 0x9e, 0xff, 0x35, 0xf5, 0x2a, 0xea, 0x63, 0xe0, 0x63, 0xe0, 0x63, 0xe0, 0x63, 0xe0, 0x63, 0xe0, 0x63, 0xe0, 0x63, 0xe0, 0x63, 0xe0, 0x63, 0xe0, 0x63, 0xe0, 0x63, 0xe0, 0x63, 0xe0, 0x63, 0xe0, 0x63, 0xe0, 0x63, 0xe0, 0x63, 0xe0, 0x63, 0xe0, 0x63, 0xe0, 0x63, 0xe0, 0x63, 0xe0, 0x63, 0xe0, 0x63, 0xe0, 0x63, 0xe0, 0x63, 0xe0, 0x63, 0xe0, 0x63, 0xe0, 0x63, 0xe0, 0x63, 0xe0, 0x63, 0xe0, 0x63, 0xe0, 0x63, 0xe0, 0x63, 0xe0, 0x63, 0xe0, 0x63, 0xe0, 0x63, 0xe0, 0x63, 0xe0, 0x63, 0xe0, 0x63, 0xe0, 0x63, 0xe0, 0x63, 0xe0, 0x63, 0xe0, 0x63, 0xe0, 0x43, 0xe0, 0x43, 0xe0, 0x63, 0xe0, 0x63, 0xe0, 0xa4, 0xe0, 0xcc, 0xe2, 0xd8, 0xf5, 0xdf, 0xff, 0xff, 0xff, 0xff, 0xff, 0xff, 0xff, 0xff, 0xff, 0xff, 0xff, 0xff, 0xff, 0xff, 0xff, 0xff, 0xff, 0xff, 0xff, 0xbb, 0xde, 0xff, 0xff, 0xff, 0xff, 0x34, 0xa5, 0x20, 0x00, 0xeb, 0x5a, 0x5d, 0xef, 0xec, 0x62, 0x6a, 0x52, 0xff, 0xff, 0xff, 0xff, 0xff, 0xff, 0xff, 0xff, 0xd3, 0x9c, 0x8e, 0x73, 0xff, 0xff, 0x51, 0x8c, 0x21, 0x08, 0xdb, 0xde, 0xff, 0xff, 0xff, 0xff, 0xff, 0xff, 0x55, 0xad, 0x31, 0x8c, 0x9a, 0xd6, 0xbf, 0xff, 0xc7, 0x39, 0x1c, 0xe7, 0xff, 0xff, 0xaf, 0x7b, 0xdb, 0xde, 0xff, 0xff, 0xff, 0xff, 0xff, 0xff, 0xff, 0xff, 0xff, 0xff, 0xff, 0xff, 0xff, 0xff, 0xff, 0xff, 
  0xff, 0xff, 0xff, 0xff, 0xff, 0xff, 0xff, 0xff, 0xff, 0xff, 0xff, 0xff, 0xff, 0xff, 0xff, 0xff, 0xff, 0xff, 0xff, 0xff, 0x1c, 0xe7, 0x49, 0x4a, 0xb7, 0xbd, 0x7a, 0xd6, 0x4d, 0x6b, 0xfc, 0xe6, 0xff, 0xff, 0xff, 0xff, 0xff, 0xff, 0xff, 0xff, 0xff, 0xff, 0x6e, 0x73, 0x4d, 0x6b, 0xbe, 0xf7, 0xff, 0xff, 0xff, 0xff, 0xff, 0xff, 0xff, 0xff, 0xff, 0xff, 0xff, 0xff, 0xff, 0xff, 0xff, 0xff, 0xdf, 0xff, 0x69, 0x4a, 0x20, 0x00, 0x20, 0x00, 0x14, 0xa5, 0xff, 0xff, 0xff, 0xff, 0xff, 0xff, 0xff, 0xff, 0xff, 0xff, 0xff, 0xff, 0xff, 0xff, 0xff, 0xff, 0xff, 0xff, 0xff, 0xff, 0xff, 0xff, 0xff, 0xff, 0xff, 0xff, 0xff, 0xff, 0xff, 0xff, 0x5d, 0xff, 0xd4, 0xec, 0x6b, 0xea, 0xa4, 0xe0, 0x43, 0xe0, 0x63, 0xe0, 0x63, 0xe0, 0x63, 0xe0, 0x43, 0xe0, 0x63, 0xe0, 0x63, 0xe0, 0x63, 0xe0, 0x63, 0xe0, 0x63, 0xe0, 0x63, 0xe0, 0x63, 0xe0, 0x63, 0xe0, 0x63, 0xe0, 0x63, 0xe0, 0x63, 0xe0, 0x63, 0xe0, 0x63, 0xe0, 0x63, 0xe0, 0x63, 0xe0, 0x63, 0xe0, 0x63, 0xe0, 0x63, 0xe0, 0x63, 0xe0, 0x63, 0xe0, 0x63, 0xe0, 0x63, 0xe0, 0x63, 0xe0, 0x63, 0xe0, 0x63, 0xe0, 0x63, 0xe0, 0x63, 0xe0, 0x43, 0xe0, 0x43, 0xe8, 0x43, 0xe0, 0x63, 0xe0, 0x63, 0xe0, 0x63, 0xe0, 0x62, 0xe0, 0xe5, 0xe0, 0xac, 0xea, 0x35, 0xed, 0x9e, 0xff, 0xff, 0xff, 0xff, 0xff, 0xff, 0xff, 0xff, 0xff, 0xff, 0xff, 0xff, 0xff, 0xff, 0xff, 0xff, 0xff, 0xff, 0xff, 0xff, 0xff, 0x79, 0xce, 0xe7, 0x39, 0xe3, 0x18, 0xbe, 0xf7, 0xff, 0xff, 0xff, 0xff, 0x08, 0x42, 0x21, 0x08, 0xa3, 0x18, 0xc3, 0x18, 0xd3, 0x9c, 0xff, 0xff, 0xff, 0xff, 0xff, 0xff, 0xff, 0xff, 0xff, 0xff, 0xff, 0xff, 0x9a, 0xd6, 0xa2, 0x10, 0xaf, 0x7b, 0xff, 0xff, 0xff, 0xff, 0xff, 0xff, 0x31, 0x8c, 0x30, 0x84, 0x59, 0xce, 0x1c, 0xe7, 0xff, 0xff, 0x79, 0xce, 0x49, 0x4a, 0x29, 0x4a, 0xcf, 0x7b, 0xff, 0xff, 0xff, 0xff, 0xff, 0xff, 0xff, 0xff, 0xff, 0xff, 0xff, 0xff, 0xff, 0xff, 0xff, 0xff, 0xff, 0xff, 
  0xff, 0xff, 0xff, 0xff, 0xff, 0xff, 0xff, 0xff, 0xff, 0xff, 0xff, 0xff, 0xff, 0xff, 0xff, 0xff, 0xff, 0xff, 0xff, 0xff, 0xcf, 0x7b, 0xbb, 0xde, 0x75, 0xad, 0xd7, 0xbd, 0xba, 0xd6, 0x6a, 0x52, 0x5d, 0xef, 0xff, 0xff, 0xff, 0xff, 0xff, 0xff, 0xff, 0xff, 0xff, 0xff, 0xff, 0xff, 0xff, 0xff, 0xff, 0xff, 0xff, 0xff, 0xff, 0xff, 0xff, 0xff, 0xff, 0xff, 0xff, 0xff, 0xff, 0xff, 0x1c, 0xe7, 0xaa, 0x52, 0x21, 0x08, 0x20, 0x00, 0x41, 0x08, 0x21, 0x08, 0x8a, 0x52, 0x1c, 0xe7, 0xff, 0xff, 0xff, 0xff, 0xff, 0xff, 0xff, 0xff, 0xff, 0xff, 0xff, 0xff, 0xff, 0xff, 0xff, 0xff, 0xff, 0xff, 0xff, 0xff, 0xff, 0xff, 0xff, 0xff, 0xff, 0xff, 0xff, 0xff, 0xff, 0xff, 0xff, 0xff, 0x9e, 0xff, 0xd8, 0xf5, 0xd0, 0xeb, 0xe9, 0xe1, 0xc4, 0xe0, 0x63, 0xe0, 0x63, 0xe0, 0x63, 0xe0, 0x63, 0xe0, 0x63, 0xe0, 0x63, 0xe0, 0x63, 0xe0, 0x63, 0xe0, 0x63, 0xe0, 0x63, 0xe0, 0x63, 0xe0, 0x63, 0xe0, 0x63, 0xe0, 0x63, 0xe0, 0x63, 0xe0, 0x63, 0xe0, 0x63, 0xe0, 0x63, 0xe0, 0x63, 0xe0, 0x63, 0xe0, 0x63, 0xe0, 0x63, 0xe0, 0x63, 0xe0, 0x63, 0xe0, 0x63, 0xe0, 0x63, 0xe0, 0x63, 0xe0, 0x43, 0xe0, 0x43, 0xe8, 0x63, 0xe0, 0x63, 0xe0, 0xe5, 0xe0, 0x6b, 0xe2, 0xf1, 0xf3, 0x18, 0xf6, 0xdf, 0xff, 0xff, 0xff, 0xff, 0xff, 0xff, 0xff, 0xff, 0xff, 0xff, 0xff, 0xff, 0xff, 0xff, 0xff, 0xff, 0xff, 0xff, 0xff, 0xff, 0xff, 0xff, 0xff, 0xff, 0xff, 0xd3, 0x9c, 0x21, 0x08, 0xe8, 0x41, 0x9a, 0xd6, 0xff, 0xff, 0xff, 0xff, 0x59, 0xce, 0x86, 0x31, 0x21, 0x08, 0x82, 0x10, 0x3c, 0xe7, 0xff, 0xff, 0xff, 0xff, 0xff, 0xff, 0xff, 0xff, 0xff, 0xff, 0xff, 0xff, 0xff, 0xff, 0x96, 0xb5, 0x0c, 0x63, 0xff, 0xff, 0xff, 0xff, 0xff, 0xff, 0xff, 0xff, 0xcb, 0x5a, 0xff, 0xff, 0xff, 0xff, 0xff, 0xff, 0xbf, 0xff, 0x55, 0xad, 0xff, 0xff, 0xdf, 0xff, 0xff, 0xff, 0xff, 0xff, 0xff, 0xff, 0xff, 0xff, 0xff, 0xff, 0xff, 0xff, 0xff, 0xff, 0xff, 0xff, 0xff, 0xff, 0xff, 0xff, 
  0xff, 0xff, 0xff, 0xff, 0xff, 0xff, 0xff, 0xff, 0xff, 0xff, 0xff, 0xff, 0xff, 0xff, 0xff, 0xff, 0xff, 0xff, 0xff, 0xff, 0xff, 0xff, 0xd7, 0xbd, 0x0c, 0x63, 0xeb, 0x5a, 0x51, 0x8c, 0x29, 0x4a, 0x18, 0xc6, 0xff, 0xff, 0x4d, 0x6b, 0xba, 0xd6, 0xff, 0xff, 0xff, 0xff, 0xff, 0xff, 0xff, 0xff, 0xff, 0xff, 0xff, 0xff, 0xff, 0xff, 0xff, 0xff, 0xff, 0xff, 0xff, 0xff, 0x92, 0x94, 0xa2, 0x10, 0x62, 0x10, 0x8e, 0x73, 0x21, 0x08, 0x30, 0x84, 0x35, 0xad, 0xe3, 0x18, 0x82, 0x10, 0x35, 0xad, 0xff, 0xff, 0xff, 0xff, 0xff, 0xff, 0x5d, 0xef, 0x7d, 0xef, 0xff, 0xff, 0xff, 0xff, 0xff, 0xff, 0xff, 0xff, 0xff, 0xff, 0xff, 0xff, 0xff, 0xff, 0xff, 0xff, 0xff, 0xff, 0xff, 0xff, 0xff, 0xff, 0xff, 0xff, 0xff, 0xff, 0xff, 0xff, 0xdf, 0xff, 0x9a, 0xfe, 0xf4, 0xec, 0x6f, 0xeb, 0xe9, 0xe1, 0xe5, 0xe0, 0x63, 0xd8, 0x63, 0xe0, 0x63, 0xe0, 0x63, 0xe8, 0x63, 0xe0, 0x63, 0xe0, 0x63, 0xe0, 0x63, 0xe0, 0x63, 0xe0, 0x63, 0xe0, 0x63, 0xe0, 0x63, 0xe0, 0x63, 0xe0, 0x63, 0xe0, 0x63, 0xe0, 0x63, 0xe0, 0x43, 0xe8, 0x63, 0xe8, 0x63, 0xe0, 0x63, 0xe0, 0x63, 0xe0, 0xc5, 0xe8, 0xe9, 0xe1, 0x8f, 0xf3, 0x35, 0xf5, 0x9b, 0xfe, 0xff, 0xff, 0xff, 0xff, 0xff, 0xff, 0xff, 0xff, 0xff, 0xff, 0xff, 0xff, 0xff, 0xff, 0xff, 0xff, 0xff, 0xff, 0xff, 0xff, 0xff, 0xff, 0xff, 0xff, 0xff, 0xff, 0xdf, 0xff, 0x1c, 0xe7, 0xff, 0xff, 0xff, 0xff, 0xdb, 0xde, 0x34, 0xa5, 0xff, 0xff, 0xff, 0xff, 0xff, 0xff, 0x92, 0x94, 0x41, 0x08, 0x86, 0x31, 0x8a, 0x52, 0x20, 0x00, 0x71, 0x8c, 0xff, 0xff, 0xff, 0xff, 0xff, 0xff, 0xff, 0xff, 0xff, 0xff, 0xff, 0xff, 0xff, 0xff, 0xff, 0xff, 0xff, 0xff, 0xff, 0xff, 0xff, 0xff, 0xff, 0xff, 0xff, 0xff, 0x69, 0x4a, 0xdf, 0xff, 0xff, 0xff, 0xff, 0xff, 0xff, 0xff, 0x69, 0x4a, 0xff, 0xff, 0xff, 0xff, 0xff, 0xff, 0xff, 0xff, 0xff, 0xff, 0xff, 0xff, 0xff, 0xff, 0xff, 0xff, 0xff, 0xff, 0xff, 0xff, 0xff, 0xff, 0xff, 0xff, 
  0xff, 0xff, 0xff, 0xff, 0xff, 0xff, 0xff, 0xff, 0xff, 0xff, 0xff, 0xff, 0xff, 0xff, 0xff, 0xff, 0xff, 0xff, 0xff, 0xff, 0xff, 0xff, 0xbb, 0xde, 0xcb, 0x5a, 0xbb, 0xde, 0x86, 0x31, 0x4d, 0x6b, 0xff, 0xff, 0x30, 0x84, 0xf0, 0x83, 0xff, 0xff, 0xff, 0xff, 0xff, 0xff, 0xff, 0xff, 0xff, 0xff, 0xff, 0xff, 0xff, 0xff, 0xdb, 0xde, 0x7e, 0xf7, 0x79, 0xce, 0xa7, 0x39, 0x21, 0x08, 0x08, 0x42, 0xfb, 0xde, 0xbb, 0xde, 0x21, 0x08, 0x92, 0x94, 0xff, 0xff, 0x9e, 0xf7, 0x4d, 0x6b, 0x18, 0xc6, 0xff, 0xff, 0xff, 0xff, 0xfb, 0xde, 0x45, 0x29, 0x25, 0x29, 0xff, 0xff, 0xff, 0xff, 0xdf, 0xff, 0xff, 0xff, 0xff, 0xff, 0xff, 0xff, 0xff, 0xff, 0xff, 0xff, 0xff, 0xff, 0xff, 0xff, 0xff, 0xff, 0xff, 0xff, 0xff, 0xff, 0xff, 0xff, 0xff, 0xff, 0xff, 0xff, 0xff, 0xff, 0xff, 0xff, 0xff, 0xff, 0xff, 0xff, 0x7e, 0xff, 0x7a, 0xfe, 0xd8, 0xfd, 0xd4, 0xec, 0xb4, 0xec, 0xf0, 0xf3, 0x6e, 0xf3, 0x6e, 0xf3, 0xcc, 0xea, 0x2a, 0xda, 0x2a, 0xda, 0x2a, 0xda, 0x0d, 0xeb, 0x4e, 0xf3, 0x4e, 0xf3, 0xd0, 0xeb, 0xd3, 0xec, 0xd4, 0xec, 0xd8, 0xfd, 0x5a, 0xfe, 0x7e, 0xff, 0xff, 0xff, 0xff, 0xff, 0xff, 0xff, 0xff, 0xff, 0xff, 0xff, 0xff, 0xff, 0xff, 0xff, 0xff, 0xff, 0xff, 0xff, 0xff, 0xff, 0xff, 0xff, 0xff, 0xff, 0xff, 0xff, 0xff, 0xff, 0xff, 0xff, 0xff, 0xff, 0xf8, 0xc5, 0x4d, 0x6b, 0xa2, 0x10, 0xe8, 0x41, 0xff, 0xff, 0xff, 0xff, 0xff, 0xff, 0xff, 0xff, 0x7d, 0xef, 0x4d, 0x6b, 0x51, 0x8c, 0x9a, 0xd6, 0x72, 0x94, 0xdf, 0xff, 0x9e, 0xf7, 0xe4, 0x20, 0xa2, 0x10, 0x3c, 0xe7, 0xff, 0xff, 0xff, 0xff, 0xff, 0xff, 0xff, 0xff, 0xff, 0xff, 0xff, 0xff, 0xff, 0xff, 0xff, 0xff, 0xff, 0xff, 0xff, 0xff, 0xff, 0xff, 0xff, 0xff, 0xd3, 0x9c, 0xcf, 0x7b, 0xff, 0xff, 0xff, 0xff, 0x7e, 0xf7, 0x49, 0x4a, 0xff, 0xff, 0xff, 0xff, 0xff, 0xff, 0xff, 0xff, 0xff, 0xff, 0xff, 0xff, 0xff, 0xff, 0xff, 0xff, 0xff, 0xff, 0xff, 0xff, 0xff, 0xff, 0xff, 0xff, 
  0xff, 0xff, 0xff, 0xff, 0xff, 0xff, 0xff, 0xff, 0xff, 0xff, 0xff, 0xff, 0xff, 0xff, 0xff, 0xff, 0xff, 0xff, 0xff, 0xff, 0xff, 0xff, 0xff, 0xff, 0xbb, 0xde, 0x86, 0x31, 0x8e, 0x73, 0xff, 0xff, 0x31, 0x8c, 0xcf, 0x7b, 0xff, 0xff, 0xff, 0xff, 0xff, 0xff, 0xfc, 0xe6, 0xff, 0xff, 0xff, 0xff, 0xff, 0xff, 0xff, 0xff, 0x86, 0x31, 0xa2, 0x10, 0x41, 0x08, 0xa2, 0x10, 0xb3, 0x9c, 0xff, 0xff, 0xff, 0xff, 0x39, 0xce, 0x20, 0x00, 0xb6, 0xb5, 0xff, 0xff, 0xff, 0xff, 0xff, 0xff, 0xff, 0xff, 0xff, 0xff, 0xff, 0xff, 0x51, 0x8c, 0x62, 0x10, 0xa3, 0x18, 0x04, 0x21, 0x2d, 0x6b, 0xa2, 0x10, 0x18, 0xc6, 0xff, 0xff, 0xff, 0xff, 0xff, 0xff, 0xff, 0xff, 0xff, 0xff, 0xff, 0xff, 0xff, 0xff, 0xff, 0xff, 0xff, 0xff, 0xff, 0xff, 0xff, 0xff, 0xff, 0xff, 0xff, 0xff, 0xff, 0xff, 0xff, 0xff, 0xff, 0xff, 0xff, 0xff, 0xff, 0xff, 0xff, 0xff, 0xff, 0xff, 0xff, 0xff, 0xff, 0xff, 0xff, 0xff, 0xff, 0xff, 0xff, 0xff, 0xff, 0xff, 0xff, 0xff, 0xff, 0xff, 0xff, 0xff, 0xff, 0xff, 0xff, 0xff, 0xff, 0xff, 0xff, 0xff, 0xff, 0xff, 0xff, 0xff, 0xff, 0xff, 0xff, 0xff, 0xff, 0xff, 0xff, 0xff, 0xff, 0xff, 0xff, 0xff, 0xff, 0xff, 0xff, 0xff, 0xff, 0xff, 0xff, 0xff, 0xff, 0xff, 0xff, 0xff, 0xff, 0xff, 0xff, 0xff, 0xff, 0xff, 0xff, 0xff, 0x8e, 0x73, 0xe3, 0x18, 0x21, 0x08, 0x66, 0x31, 0x8a, 0x52, 0x41, 0x08, 0x3c, 0xe7, 0xff, 0xff, 0xff, 0xff, 0xff, 0xff, 0x86, 0x31, 0x41, 0x08, 0x82, 0x10, 0x1c, 0xe7, 0xff, 0xff, 0xff, 0xff, 0xff, 0xff, 0x34, 0xa5, 0x20, 0x00, 0xeb, 0x5a, 0xff, 0xff, 0xff, 0xff, 0xff, 0xff, 0xff, 0xff, 0xff, 0xff, 0xff, 0xff, 0xff, 0xff, 0xff, 0xff, 0xff, 0xff, 0xff, 0xff, 0xff, 0xff, 0xff, 0xff, 0xff, 0xff, 0x51, 0x8c, 0x69, 0x4a, 0xef, 0x7b, 0x49, 0x4a, 0x9a, 0xd6, 0xff, 0xff, 0xff, 0xff, 0xff, 0xff, 0xff, 0xff, 0xff, 0xff, 0xff, 0xff, 0xff, 0xff, 0xff, 0xff, 0xff, 0xff, 0xff, 0xff, 0xff, 0xff, 0xff, 0xff, 
  0xff, 0xff, 0xff, 0xff, 0xff, 0xff, 0xff, 0xff, 0xff, 0xff, 0xff, 0xff, 0xff, 0xff, 0xff, 0xff, 0xff, 0xff, 0xff, 0xff, 0xff, 0xff, 0xff, 0xff, 0xff, 0xff, 0x59, 0xce, 0xff, 0xff, 0x51, 0x8c, 0xcf, 0x7b, 0xff, 0xff, 0xff, 0xff, 0xff, 0xff, 0x3c, 0xe7, 0x29, 0x4a, 0xbf, 0xff, 0xff, 0xff, 0xff, 0xff, 0xff, 0xff, 0xbb, 0xde, 0xeb, 0x5a, 0x6d, 0x6b, 0x3c, 0xe7, 0xff, 0xff, 0xff, 0xff, 0xff, 0xff, 0xd3, 0x9c, 0x20, 0x00, 0xbb, 0xde, 0xff, 0xff, 0xff, 0xff, 0xff, 0xff, 0xff, 0xff, 0xff, 0xff, 0xff, 0xff, 0xab, 0x5a, 0xcf, 0x7b, 0x3c, 0xe7, 0x96, 0xb5, 0xab, 0x5a, 0x62, 0x10, 0x25, 0x29, 0x10, 0x84, 0xf7, 0xbd, 0x4d, 0x6b, 0x3d, 0xef, 0xff, 0xff, 0xff, 0xff, 0xff, 0xff, 0xff, 0xff, 0xff, 0xff, 0xff, 0xff, 0xff, 0xff, 0xff, 0xff, 0xff, 0xff, 0xff, 0xff, 0xff, 0xff, 0xff, 0xff, 0xff, 0xff, 0xff, 0xff, 0xff, 0xff, 0xff, 0xff, 0xff, 0xff, 0xff, 0xff, 0xff, 0xff, 0xff, 0xff, 0xff, 0xff, 0xff, 0xff, 0xff, 0xff, 0xff, 0xff, 0xff, 0xff, 0xff, 0xff, 0xff, 0xff, 0xff, 0xff, 0xff, 0xff, 0xff, 0xff, 0xff, 0xff, 0xff, 0xff, 0xff, 0xff, 0xff, 0xff, 0xff, 0xff, 0xff, 0xff, 0xff, 0xff, 0xff, 0xff, 0xff, 0xff, 0xff, 0xff, 0xff, 0xff, 0xff, 0xff, 0xff, 0xff, 0x9a, 0xd6, 0xcf, 0x7b, 0x10, 0x84, 0xff, 0xff, 0xe7, 0x39, 0xa3, 0x18, 0x7a, 0xd6, 0xff, 0xff, 0x9e, 0xf7, 0x41, 0x08, 0x10, 0x84, 0xff, 0xff, 0xff, 0xff, 0xff, 0xff, 0x59, 0xce, 0x1c, 0xe7, 0xa3, 0x18, 0xab, 0x5a, 0xff, 0xff, 0xff, 0xff, 0xff, 0xff, 0xff, 0xff, 0x08, 0x42, 0x41, 0x08, 0x18, 0xc6, 0xff, 0xff, 0xff, 0xff, 0xff, 0xff, 0xff, 0xff, 0xff, 0xff, 0xff, 0xff, 0xff, 0xff, 0xff, 0xff, 0x3d, 0xef, 0xff, 0xff, 0xff, 0xff, 0xff, 0xff, 0xff, 0xff, 0x7e, 0xf7, 0x7a, 0xd6, 0xdf, 0xff, 0xff, 0xff, 0xff, 0xff, 0xff, 0xff, 0xff, 0xff, 0xff, 0xff, 0xff, 0xff, 0xff, 0xff, 0xff, 0xff, 0xff, 0xff, 0xff, 0xff, 0xff, 0xff, 0xff, 0xff, 0xff, 0xff, 
  0xff, 0xff, 0xff, 0xff, 0xff, 0xff, 0xff, 0xff, 0xff, 0xff, 0xff, 0xff, 0xff, 0xff, 0xff, 0xff, 0xff, 0xff, 0xff, 0xff, 0xff, 0xff, 0xff, 0xff, 0xff, 0xff, 0xff, 0xff, 0x5d, 0xef, 0x4d, 0x6b, 0xff, 0xff, 0xff, 0xff, 0xff, 0xff, 0xdf, 0xff, 0x6a, 0x52, 0xdb, 0xde, 0xff, 0xff, 0xff, 0xff, 0xff, 0xff, 0xff, 0xff, 0xff, 0xff, 0xff, 0xff, 0xff, 0xff, 0xff, 0xff, 0xff, 0xff, 0xff, 0xff, 0xff, 0xff, 0xae, 0x73, 0x21, 0x08, 0x5d, 0xef, 0xff, 0xff, 0xff, 0xff, 0xff, 0xff, 0xff, 0xff, 0xff, 0xff, 0xdf, 0xff, 0xaf, 0x7b, 0x24, 0x21, 0x61, 0x08, 0x8a, 0x52, 0x35, 0xad, 0x3c, 0xe7, 0x14, 0xa5, 0x69, 0x4a, 0x41, 0x08, 0x20, 0x00, 0xf4, 0xa4, 0xff, 0xff, 0xff, 0xff, 0xff, 0xff, 0xff, 0xff, 0x9e, 0xf7, 0xff, 0xff, 0xff, 0xff, 0xff, 0xff, 0xff, 0xff, 0xff, 0xff, 0xff, 0xff, 0xff, 0xff, 0xff, 0xff, 0xff, 0xff, 0xff, 0xff, 0xff, 0xff, 0xff, 0xff, 0xff, 0xff, 0xff, 0xff, 0xff, 0xff, 0xff, 0xff, 0xff, 0xff, 0xff, 0xff, 0xff, 0xff, 0xff, 0xff, 0xff, 0xff, 0xff, 0xff, 0xff, 0xff, 0xff, 0xff, 0xff, 0xff, 0xff, 0xff, 0xff, 0xff, 0xff, 0xff, 0xff, 0xff, 0xff, 0xff, 0xff, 0xff, 0xff, 0xff, 0xff, 0xff, 0xff, 0xff, 0xff, 0xff, 0xff, 0xff, 0xff, 0xff, 0xff, 0xff, 0xe8, 0x41, 0xc3, 0x18, 0xf0, 0x83, 0xff, 0xff, 0xf3, 0x9c, 0x21, 0x08, 0x9a, 0xd6, 0xff, 0xff, 0xff, 0xff, 0x8a, 0x52, 0x41, 0x08, 0x59, 0xce, 0xff, 0xff, 0xff, 0xff, 0xff, 0xff, 0xff, 0xff, 0xd3, 0x9c, 0x21, 0x08, 0xd7, 0xbd, 0xff, 0xff, 0xff, 0xff, 0xff, 0xff, 0x9a, 0xd6, 0x41, 0x08, 0x4d, 0x6b, 0xff, 0xff, 0xff, 0xff, 0xff, 0xff, 0xff, 0xff, 0xff, 0xff, 0xff, 0xff, 0xff, 0xff, 0x92, 0x94, 0x49, 0x4a, 0x8a, 0x52, 0xff, 0xff, 0xff, 0xff, 0xff, 0xff, 0xff, 0xff, 0xff, 0xff, 0xff, 0xff, 0xff, 0xff, 0xff, 0xff, 0xff, 0xff, 0xff, 0xff, 0xff, 0xff, 0xff, 0xff, 0xff, 0xff, 0xff, 0xff, 0xff, 0xff, 0xff, 0xff, 0xff, 0xff, 0xff, 0xff, 0xff, 0xff, 
  0xff, 0xff, 0xff, 0xff, 0xff, 0xff, 0xff, 0xff, 0xff, 0xff, 0xff, 0xff, 0xff, 0xff, 0xff, 0xff, 0xff, 0xff, 0xff, 0xff, 0xff, 0xff, 0xff, 0xff, 0xff, 0xff, 0xff, 0xff, 0xff, 0xff, 0xff, 0xff, 0xff, 0xff, 0xff, 0xff, 0xff, 0xff, 0x6d, 0x6b, 0x75, 0xad, 0xff, 0xff, 0xff, 0xff, 0xff, 0xff, 0xeb, 0x5a, 0xbf, 0xff, 0xff, 0xff, 0xff, 0xff, 0xff, 0xff, 0xff, 0xff, 0xff, 0xff, 0xff, 0xff, 0xff, 0xff, 0xcb, 0x5a, 0x82, 0x10, 0xff, 0xff, 0xff, 0xff, 0xff, 0xff, 0xff, 0xff, 0xff, 0xff, 0xff, 0xff, 0xff, 0xff, 0xff, 0xff, 0xff, 0xff, 0xb7, 0xbd, 0x4d, 0x6b, 0xc3, 0x18, 0x82, 0x10, 0xec, 0x62, 0xb6, 0xb5, 0x18, 0xc6, 0x41, 0x08, 0xb2, 0x94, 0xff, 0xff, 0xff, 0xff, 0xff, 0xff, 0xdf, 0xff, 0xe4, 0x20, 0x45, 0x29, 0xff, 0xff, 0x72, 0x94, 0xf4, 0xa4, 0xff, 0xff, 0xff, 0xff, 0xff, 0xff, 0xff, 0xff, 0xff, 0xff, 0xff, 0xff, 0xff, 0xff, 0xff, 0xff, 0xff, 0xff, 0xff, 0xff, 0xff, 0xff, 0xff, 0xff, 0xff, 0xff, 0xff, 0xff, 0xff, 0xff, 0xff, 0xff, 0xff, 0xff, 0xff, 0xff, 0xff, 0xff, 0xff, 0xff, 0xff, 0xff, 0xff, 0xff, 0xff, 0xff, 0xff, 0xff, 0x9e, 0xf7, 0xbb, 0xde, 0x96, 0xb5, 0x92, 0x94, 0x6d, 0x6b, 0x49, 0x4a, 0x25, 0x29, 0x51, 0x8c, 0xff, 0xff, 0xff, 0xff, 0x3d, 0xef, 0xff, 0xff, 0xff, 0xff, 0xff, 0xff, 0x5d, 0xef, 0x21, 0x08, 0xcf, 0x7b, 0xff, 0xff, 0xff, 0xff, 0x59, 0xce, 0xaf, 0x7b, 0xb7, 0xbd, 0xff, 0xff, 0xff, 0xff, 0xff, 0xff, 0xff, 0xff, 0xff, 0xff, 0xc7, 0x39, 0x65, 0x29, 0x9e, 0xf7, 0xba, 0xd6, 0xff, 0xff, 0xff, 0xff, 0x7a, 0xd6, 0xff, 0xff, 0xff, 0xff, 0xff, 0xff, 0xff, 0xff, 0xff, 0xff, 0xff, 0xff, 0xff, 0xff, 0xd3, 0x9c, 0x2d, 0x6b, 0xff, 0xff, 0x35, 0xad, 0xae, 0x73, 0xff, 0xff, 0xff, 0xff, 0xff, 0xff, 0xff, 0xff, 0xff, 0xff, 0xff, 0xff, 0xff, 0xff, 0xff, 0xff, 0xff, 0xff, 0xff, 0xff, 0xff, 0xff, 0xff, 0xff, 0xff, 0xff, 0xff, 0xff, 0xff, 0xff, 0xff, 0xff, 0xff, 0xff, 0xff, 0xff, 
  0xff, 0xff, 0xff, 0xff, 0xff, 0xff, 0xff, 0xff, 0xff, 0xff, 0xff, 0xff, 0xff, 0xff, 0xff, 0xff, 0xff, 0xff, 0xff, 0xff, 0xff, 0xff, 0xff, 0xff, 0xff, 0xff, 0xff, 0xff, 0xff, 0xff, 0xff, 0xff, 0xff, 0xff, 0xff, 0xff, 0xbb, 0xde, 0xcb, 0x5a, 0xff, 0xff, 0xff, 0xff, 0xff, 0xff, 0x8e, 0x73, 0x35, 0xad, 0xff, 0xff, 0xff, 0xff, 0xff, 0xff, 0xff, 0xff, 0xff, 0xff, 0xff, 0xff, 0xff, 0xff, 0xff, 0xff, 0x28, 0x42, 0xc3, 0x18, 0x7d, 0xef, 0xff, 0xff, 0xff, 0xff, 0xff, 0xff, 0xff, 0xff, 0xff, 0xff, 0xff, 0xff, 0xff, 0xff, 0x7d, 0xef, 0xc3, 0x18, 0x0c, 0x63, 0xf7, 0xbd, 0xb6, 0xb5, 0x29, 0x4a, 0x20, 0x00, 0xe3, 0x18, 0x8a, 0x52, 0x7e, 0xf7, 0xff, 0xff, 0xff, 0xff, 0xba, 0xd6, 0x4d, 0x6b, 0x21, 0x08, 0x20, 0x00, 0x82, 0x10, 0x20, 0x00, 0xe4, 0x20, 0x92, 0x94, 0xd7, 0xbd, 0xfb, 0xde, 0xdf, 0xff, 0xff, 0xff, 0xff, 0xff, 0xff, 0xff, 0xff, 0xff, 0xff, 0xff, 0xff, 0xff, 0xff, 0xff, 0x9a, 0xd6, 0x6d, 0x6b, 0xfc, 0xe6, 0xff, 0xff, 0xff, 0xff, 0xff, 0xff, 0xff, 0xff, 0xff, 0xff, 0xff, 0xff, 0xff, 0xff, 0x55, 0xad, 0x08, 0x42, 0xe3, 0x18, 0x41, 0x08, 0x20, 0x00, 0x21, 0x08, 0xc3, 0x18, 0xa7, 0x39, 0xc3, 0x18, 0x21, 0x08, 0x92, 0x94, 0xff, 0xff, 0xff, 0xff, 0xff, 0xff, 0x18, 0xc6, 0x6d, 0x6b, 0x5d, 0xef, 0x39, 0xce, 0x21, 0x08, 0xcf, 0x7b, 0xbf, 0xff, 0x96, 0xb5, 0xcb, 0x5a, 0x61, 0x08, 0x45, 0x29, 0xff, 0xff, 0xff, 0xff, 0xff, 0xff, 0xff, 0xff, 0xff, 0xff, 0x59, 0xce, 0x21, 0x08, 0x61, 0x08, 0xc3, 0x18, 0xdf, 0xff, 0xff, 0xff, 0xff, 0xff, 0xff, 0xff, 0xff, 0xff, 0xff, 0xff, 0xff, 0xff, 0xff, 0xff, 0x9e, 0xf7, 0x10, 0x84, 0x7d, 0xef, 0xc7, 0x39, 0x3c, 0xe7, 0xff, 0xff, 0xaf, 0x7b, 0x35, 0xad, 0xff, 0xff, 0xff, 0xff, 0xff, 0xff, 0xff, 0xff, 0xff, 0xff, 0xff, 0xff, 0xff, 0xff, 0xff, 0xff, 0xff, 0xff, 0xff, 0xff, 0xff, 0xff, 0xff, 0xff, 0xff, 0xff, 0xff, 0xff, 0xff, 0xff, 0xff, 0xff, 0xff, 0xff, 
  0xff, 0xff, 0xff, 0xff, 0xff, 0xff, 0xff, 0xff, 0xff, 0xff, 0xff, 0xff, 0xff, 0xff, 0xff, 0xff, 0xff, 0xff, 0xff, 0xff, 0xff, 0xff, 0xff, 0xff, 0xff, 0xff, 0xff, 0xff, 0xff, 0xff, 0xff, 0xff, 0xff, 0xff, 0xff, 0xff, 0xf8, 0xc5, 0x4d, 0x6b, 0xff, 0xff, 0xff, 0xff, 0x35, 0xad, 0x8e, 0x73, 0x9e, 0xf7, 0x76, 0xb5, 0xff, 0xff, 0xff, 0xff, 0xff, 0xff, 0xff, 0xff, 0xff, 0xff, 0xff, 0xff, 0xff, 0xff, 0x35, 0xad, 0x61, 0x08, 0x4d, 0x6b, 0xff, 0xff, 0xff, 0xff, 0xff, 0xff, 0xff, 0xff, 0x38, 0xc6, 0x08, 0x42, 0xd3, 0x9c, 0x1c, 0xe7, 0x76, 0xb5, 0xcb, 0x5a, 0x82, 0x10, 0xe3, 0x18, 0x62, 0x10, 0x41, 0x08, 0xc7, 0x39, 0xd3, 0x9c, 0xff, 0xff, 0xff, 0xff, 0xff, 0xff, 0xcf, 0x7b, 0x21, 0x08, 0x28, 0x42, 0x76, 0xb5, 0xf0, 0x83, 0x20, 0x00, 0xa2, 0x10, 0x82, 0x10, 0x20, 0x00, 0x20, 0x00, 0xc3, 0x18, 0xdf, 0xff, 0xff, 0xff, 0xff, 0xff, 0xcf, 0x7b, 0xc3, 0x18, 0xc3, 0x18, 0xc3, 0x18, 0xa2, 0x10, 0x21, 0x08, 0xa3, 0x18, 0xc3, 0x18, 0xc3, 0x18, 0xc3, 0x18, 0x0c, 0x63, 0xff, 0xff, 0xff, 0xff, 0xff, 0xff, 0x34, 0xa5, 0x2d, 0x6b, 0x51, 0x8c, 0x35, 0xad, 0x59, 0xce, 0x7d, 0xef, 0xff, 0xff, 0x3c, 0xe7, 0x82, 0x10, 0x65, 0x29, 0xdf, 0xff, 0xff, 0xff, 0xff, 0xff, 0xdf, 0xff, 0xc3, 0x18, 0x21, 0x08, 0xb2, 0x94, 0xdf, 0xff, 0xb2, 0x94, 0xeb, 0x5a, 0x82, 0x10, 0x41, 0x08, 0xa7, 0x39, 0x20, 0x00, 0xec, 0x62, 0xff, 0xff, 0xff, 0xff, 0xff, 0xff, 0xff, 0xff, 0xff, 0xff, 0xff, 0xff, 0x10, 0x84, 0x69, 0x4a, 0x9a, 0xd6, 0xff, 0xff, 0xff, 0xff, 0xff, 0xff, 0xff, 0xff, 0x96, 0xb5, 0x1c, 0xe7, 0xff, 0xff, 0xf4, 0xa4, 0x0c, 0x63, 0xa7, 0x39, 0x55, 0xad, 0x9a, 0xd6, 0x49, 0x4a, 0xdf, 0xff, 0xff, 0xff, 0xbe, 0xf7, 0xff, 0xff, 0xff, 0xff, 0xff, 0xff, 0xff, 0xff, 0xff, 0xff, 0xff, 0xff, 0xff, 0xff, 0xff, 0xff, 0xff, 0xff, 0xff, 0xff, 0xff, 0xff, 0xff, 0xff, 0xff, 0xff, 0xff, 0xff, 0xff, 0xff, 0xff, 0xff, 0xff, 0xff, 
  0xff, 0xff, 0xff, 0xff, 0xff, 0xff, 0xff, 0xff, 0xff, 0xff, 0xff, 0xff, 0xff, 0xff, 0xff, 0xff, 0xff, 0xff, 0xff, 0xff, 0xff, 0xff, 0xff, 0xff, 0xff, 0xff, 0xff, 0xff, 0xff, 0xff, 0xff, 0xff, 0xff, 0xff, 0xff, 0xff, 0xff, 0xff, 0x0c, 0x63, 0x6e, 0x73, 0x30, 0x84, 0xaa, 0x52, 0xff, 0xff, 0x6e, 0x73, 0x8a, 0x52, 0xab, 0x5a, 0xfc, 0xe6, 0xff, 0xff, 0xff, 0xff, 0xff, 0xff, 0xff, 0xff, 0xff, 0xff, 0xff, 0xff, 0xdb, 0xde, 0x5d, 0xef, 0xff, 0xff, 0xff, 0xff, 0xff, 0xff, 0xff, 0xff, 0x7d, 0xef, 0x92, 0x94, 0xe7, 0x39, 0x61, 0x08, 0x8a, 0x52, 0x55, 0xad, 0xcf, 0x7b, 0x21, 0x08, 0x71, 0x8c, 0xfb, 0xde, 0xff, 0xff, 0xff, 0xff, 0xff, 0xff, 0xff, 0xff, 0xff, 0xff, 0xff, 0xff, 0x1c, 0xe7, 0xff, 0xff, 0xff, 0xff, 0x9a, 0xd6, 0x20, 0x00, 0xd3, 0x9c, 0xff, 0xff, 0xfc, 0xe6, 0x96, 0xb5, 0xb2, 0x94, 0xff, 0xff, 0xff, 0xff, 0xff, 0xff, 0x4d, 0x6b, 0xa6, 0x31, 0x1c, 0xe7, 0x1c, 0xe7, 0xf3, 0x9c, 0x20, 0x00, 0x76, 0xb5, 0x1c, 0xe7, 0x1c, 0xe7, 0x49, 0x4a, 0x8a, 0x52, 0xff, 0xff, 0xff, 0xff, 0xff, 0xff, 0xff, 0xff, 0xff, 0xff, 0xff, 0xff, 0xff, 0xff, 0xff, 0xff, 0x3c, 0xe7, 0x59, 0xce, 0x8a, 0x52, 0x41, 0x08, 0x59, 0xce, 0xff, 0xff, 0xff, 0xff, 0xff, 0xff, 0xff, 0xff, 0x3c, 0xe7, 0xc3, 0x18, 0xe8, 0x41, 0xff, 0xff, 0x92, 0x94, 0x86, 0x31, 0xcf, 0x7b, 0x38, 0xc6, 0x14, 0xa5, 0x41, 0x08, 0x59, 0xce, 0xff, 0xff, 0xff, 0xff, 0xff, 0xff, 0xff, 0xff, 0xff, 0xff, 0xff, 0xff, 0xff, 0xff, 0xff, 0xff, 0xff, 0xff, 0xff, 0xff, 0xff, 0xff, 0xff, 0xff, 0xff, 0xff, 0x5d, 0xef, 0x9a, 0xd6, 0xff, 0xff, 0x29, 0x4a, 0xff, 0xff, 0x9e, 0xf7, 0x86, 0x31, 0x3c, 0xe7, 0x75, 0xad, 0xb7, 0xbd, 0xff, 0xff, 0xff, 0xff, 0xff, 0xff, 0xff, 0xff, 0xff, 0xff, 0xff, 0xff, 0xff, 0xff, 0xff, 0xff, 0xff, 0xff, 0xff, 0xff, 0xff, 0xff, 0xff, 0xff, 0xff, 0xff, 0xff, 0xff, 0xff, 0xff, 0xff, 0xff, 0xff, 0xff, 0xff, 0xff, 0xff, 0xff, 
  0xff, 0xff, 0xff, 0xff, 0xff, 0xff, 0xff, 0xff, 0xff, 0xff, 0xff, 0xff, 0xff, 0xff, 0xff, 0xff, 0xff, 0xff, 0xff, 0xff, 0xff, 0xff, 0xff, 0xff, 0xff, 0xff, 0xff, 0xff, 0xff, 0xff, 0xff, 0xff, 0xff, 0xff, 0xff, 0xff, 0xff, 0xff, 0xff, 0xff, 0x18, 0xc6, 0x55, 0xad, 0xff, 0xff, 0x59, 0xce, 0x69, 0x4a, 0xff, 0xff, 0x96, 0xb5, 0xef, 0x7b, 0xff, 0xff, 0xff, 0xff, 0xff, 0xff, 0xdf, 0xff, 0x5d, 0xef, 0xff, 0xff, 0xff, 0xff, 0xff, 0xff, 0xff, 0xff, 0xff, 0xff, 0xff, 0xff, 0xff, 0xff, 0xff, 0xff, 0xff, 0xff, 0xff, 0xff, 0x1c, 0xe7, 0x51, 0x8c, 0x86, 0x31, 0x21, 0x08, 0x82, 0x10, 0xb7, 0xbd, 0xdf, 0xff, 0xff, 0xff, 0xff, 0xff, 0xff, 0xff, 0xff, 0xff, 0xff, 0xff, 0xf7, 0xbd, 0x9a, 0xd6, 0xbe, 0xf7, 0xff, 0xff, 0x35, 0xad, 0x20, 0x00, 0xd7, 0xbd, 0xff, 0xff, 0xff, 0xff, 0xff, 0xff, 0xff, 0xff, 0xff, 0xff, 0xff, 0xff, 0xff, 0xff, 0x4d, 0x6b, 0xc7, 0x39, 0xff, 0xff, 0xff, 0xff, 0x96, 0xb5, 0x00, 0x00, 0x39, 0xce, 0xff, 0xff, 0xff, 0xff, 0x8a, 0x52, 0x8a, 0x52, 0xff, 0xff, 0xff, 0xff, 0xff, 0xff, 0xff, 0xff, 0xff, 0xff, 0x3d, 0xef, 0x65, 0x29, 0x82, 0x10, 0x21, 0x08, 0x20, 0x00, 0x00, 0x00, 0x8a, 0x52, 0xff, 0xff, 0xff, 0xff, 0xff, 0xff, 0xff, 0xff, 0xff, 0xff, 0xff, 0xff, 0x4d, 0x6b, 0x21, 0x08, 0xdb, 0xde, 0xff, 0xff, 0x76, 0xb5, 0xc3, 0x18, 0x21, 0x08, 0x41, 0x08, 0x04, 0x21, 0x39, 0xce, 0xf3, 0x9c, 0xff, 0xff, 0xff, 0xff, 0xff, 0xff, 0xff, 0xff, 0xff, 0xff, 0xff, 0xff, 0xff, 0xff, 0xff, 0xff, 0xff, 0xff, 0xff, 0xff, 0xff, 0xff, 0xff, 0xff, 0xff, 0xff, 0x72, 0x94, 0xd3, 0x9c, 0xcb, 0x5a, 0xdb, 0xde, 0xff, 0xff, 0xcf, 0x7b, 0x49, 0x4a, 0xff, 0xff, 0xff, 0xff, 0xff, 0xff, 0xff, 0xff, 0xff, 0xff, 0xff, 0xff, 0xff, 0xff, 0xff, 0xff, 0xff, 0xff, 0xff, 0xff, 0xff, 0xff, 0xff, 0xff, 0xff, 0xff, 0xff, 0xff, 0xff, 0xff, 0xff, 0xff, 0xff, 0xff, 0xff, 0xff, 0xff, 0xff, 0xff, 0xff, 0xff, 0xff, 
  0xff, 0xff, 0xff, 0xff, 0xff, 0xff, 0xff, 0xff, 0xff, 0xff, 0xff, 0xff, 0xff, 0xff, 0xff, 0xff, 0xff, 0xff, 0xff, 0xff, 0xff, 0xff, 0xff, 0xff, 0xff, 0xff, 0xff, 0xff, 0xff, 0xff, 0xff, 0xff, 0xff, 0xff, 0xff, 0xff, 0xff, 0xff, 0xff, 0xff, 0xff, 0xff, 0xff, 0xff, 0xdf, 0xff, 0xe7, 0x39, 0x1c, 0xe7, 0xff, 0xff, 0x28, 0x42, 0x7a, 0xd6, 0x51, 0x8c, 0x6a, 0x52, 0x96, 0xb5, 0x92, 0x94, 0x71, 0x8c, 0xff, 0xff, 0xff, 0xff, 0xff, 0xff, 0xff, 0xff, 0xff, 0xff, 0xff, 0xff, 0xff, 0xff, 0xff, 0xff, 0x35, 0xad, 0x08, 0x42, 0xd3, 0x9c, 0x7e, 0xf7, 0xdb, 0xde, 0x20, 0x00, 0x08, 0x42, 0x24, 0x21, 0xa3, 0x18, 0x92, 0x94, 0xff, 0xff, 0xff, 0xff, 0xff, 0xff, 0xff, 0xff, 0x25, 0x29, 0x21, 0x08, 0x41, 0x08, 0x45, 0x29, 0x45, 0x29, 0x00, 0x00, 0x71, 0x8c, 0x79, 0xce, 0x9e, 0xf7, 0xff, 0xff, 0xff, 0xff, 0xff, 0xff, 0xff, 0xff, 0xff, 0xff, 0x4d, 0x6b, 0xc3, 0x18, 0xec, 0x62, 0xec, 0x62, 0x08, 0x42, 0x20, 0x00, 0x49, 0x4a, 0xec, 0x62, 0xec, 0x62, 0x04, 0x21, 0x8a, 0x52, 0xff, 0xff, 0xff, 0xff, 0xff, 0xff, 0xff, 0xff, 0xff, 0xff, 0xbf, 0xff, 0x0c, 0x63, 0xf0, 0x83, 0x35, 0xad, 0x38, 0xc6, 0x20, 0x00, 0x08, 0x42, 0x1c, 0xe7, 0xd7, 0xbd, 0x7e, 0xf7, 0xff, 0xff, 0xff, 0xff, 0xff, 0xff, 0x59, 0xce, 0x20, 0x00, 0x51, 0x8c, 0xff, 0xff, 0xff, 0xff, 0x9e, 0xf7, 0xcb, 0x5a, 0x21, 0x08, 0x21, 0x08, 0x21, 0x08, 0x25, 0x29, 0xfb, 0xde, 0xff, 0xff, 0xff, 0xff, 0xff, 0xff, 0xff, 0xff, 0xff, 0xff, 0xff, 0xff, 0xff, 0xff, 0xff, 0xff, 0xff, 0xff, 0x55, 0xad, 0xcb, 0x5a, 0xd3, 0x9c, 0xdf, 0xff, 0x49, 0x4a, 0x59, 0xce, 0xe8, 0x41, 0xef, 0x7b, 0xeb, 0x5a, 0x2d, 0x6b, 0xdb, 0xde, 0xff, 0xff, 0xff, 0xff, 0xff, 0xff, 0xff, 0xff, 0xff, 0xff, 0xff, 0xff, 0xff, 0xff, 0xff, 0xff, 0xff, 0xff, 0xff, 0xff, 0xff, 0xff, 0xff, 0xff, 0xff, 0xff, 0xff, 0xff, 0xff, 0xff, 0xff, 0xff, 0xff, 0xff, 0xff, 0xff, 0xff, 0xff, 0xff, 0xff, 
  0xff, 0xff, 0xff, 0xff, 0xff, 0xff, 0xff, 0xff, 0xff, 0xff, 0xff, 0xff, 0xff, 0xff, 0xff, 0xff, 0xff, 0xff, 0xff, 0xff, 0xff, 0xff, 0xff, 0xff, 0xff, 0xff, 0xff, 0xff, 0xff, 0xff, 0xff, 0xff, 0xff, 0xff, 0xff, 0xff, 0xff, 0xff, 0xff, 0xff, 0xff, 0xff, 0xff, 0xff, 0xff, 0xff, 0xba, 0xd6, 0xff, 0xff, 0xf3, 0x9c, 0xaf, 0x7b, 0xf4, 0xa4, 0x10, 0x84, 0xdf, 0xff, 0x2d, 0x6b, 0xc7, 0x39, 0xdf, 0xff, 0xff, 0xff, 0xff, 0xff, 0xff, 0xff, 0xff, 0xff, 0xff, 0xff, 0xff, 0xff, 0xff, 0xff, 0xff, 0xff, 0x7d, 0xef, 0xd3, 0x9c, 0x28, 0x42, 0x61, 0x08, 0xe4, 0x20, 0x41, 0x08, 0xdb, 0xde, 0xff, 0xff, 0x59, 0xce, 0x59, 0xce, 0xff, 0xff, 0xff, 0xff, 0xff, 0xff, 0xff, 0xff, 0x3c, 0xe7, 0xf8, 0xc5, 0xb2, 0x94, 0x4d, 0x6b, 0xc3, 0x18, 0x00, 0x00, 0x21, 0x08, 0x20, 0x00, 0x41, 0x08, 0x04, 0x21, 0x59, 0xce, 0xff, 0xff, 0xff, 0xff, 0xff, 0xff, 0x4d, 0x6b, 0xe3, 0x18, 0x8e, 0x73, 0x8e, 0x73, 0x8a, 0x52, 0x00, 0x00, 0xcb, 0x5a, 0x8e, 0x73, 0x8e, 0x73, 0x25, 0x29, 0x8a, 0x52, 0xff, 0xff, 0xff, 0xff, 0xff, 0xff, 0xff, 0xff, 0x9e, 0xf7, 0xfb, 0xde, 0xd7, 0xbd, 0x92, 0x94, 0x4d, 0x6b, 0x6a, 0x52, 0x61, 0x08, 0x21, 0x08, 0x20, 0x00, 0x20, 0x00, 0x55, 0xad, 0xff, 0xff, 0xff, 0xff, 0xff, 0xff, 0xff, 0xff, 0x04, 0x21, 0x86, 0x31, 0x9e, 0xf7, 0xdb, 0xde, 0xec, 0x62, 0x82, 0x10, 0x8a, 0x52, 0xbe, 0xf7, 0xba, 0xd6, 0xff, 0xff, 0xff, 0xff, 0xff, 0xff, 0xff, 0xff, 0xff, 0xff, 0xff, 0xff, 0xff, 0xff, 0xff, 0xff, 0xff, 0xff, 0xff, 0xff, 0x9e, 0xf7, 0x8a, 0x52, 0xbe, 0xf7, 0xb7, 0xbd, 0xdb, 0xde, 0xba, 0xd6, 0xeb, 0x5a, 0xdf, 0xff, 0x96, 0xb5, 0x3c, 0xe7, 0xcb, 0x5a, 0x7d, 0xef, 0xff, 0xff, 0xff, 0xff, 0xff, 0xff, 0xff, 0xff, 0xff, 0xff, 0xff, 0xff, 0xff, 0xff, 0xff, 0xff, 0xff, 0xff, 0xff, 0xff, 0xff, 0xff, 0xff, 0xff, 0xff, 0xff, 0xff, 0xff, 0xff, 0xff, 0xff, 0xff, 0xff, 0xff, 0xff, 0xff, 0xff, 0xff, 0xff, 0xff, 
  0xff, 0xff, 0xff, 0xff, 0xff, 0xff, 0xff, 0xff, 0xff, 0xff, 0xff, 0xff, 0xff, 0xff, 0xff, 0xff, 0xff, 0xff, 0xff, 0xff, 0xff, 0xff, 0xff, 0xff, 0xff, 0xff, 0xff, 0xff, 0xff, 0xff, 0xff, 0xff, 0xff, 0xff, 0xff, 0xff, 0xff, 0xff, 0xff, 0xff, 0xff, 0xff, 0xff, 0xff, 0xff, 0xff, 0xff, 0xff, 0xff, 0xff, 0xef, 0x7b, 0xdf, 0xff, 0x29, 0x4a, 0xdf, 0xff, 0xff, 0xff, 0xec, 0x62, 0x96, 0xb5, 0x59, 0xce, 0x92, 0x94, 0x9a, 0xd6, 0xff, 0xff, 0xff, 0xff, 0xff, 0xff, 0xff, 0xff, 0xff, 0xff, 0xff, 0xff, 0xff, 0xff, 0xff, 0xff, 0xff, 0xff, 0xfc, 0xe6, 0x51, 0x8c, 0x51, 0x8c, 0xff, 0xff, 0xff, 0xff, 0xff, 0xff, 0xff, 0xff, 0xff, 0xff, 0xff, 0xff, 0xff, 0xff, 0xff, 0xff, 0xff, 0xff, 0xff, 0xff, 0xff, 0xff, 0xff, 0xff, 0x66, 0x31, 0xe7, 0x39, 0x5d, 0xef, 0x18, 0xc6, 0xd3, 0x9c, 0x8e, 0x73, 0x3c, 0xe7, 0xff, 0xff, 0xff, 0xff, 0xff, 0xff, 0x4d, 0x6b, 0xc7, 0x39, 0xff, 0xff, 0xff, 0xff, 0x96, 0xb5, 0x00, 0x00, 0x39, 0xce, 0xff, 0xff, 0xff, 0xff, 0x8a, 0x52, 0x8a, 0x52, 0xff, 0xff, 0xff, 0xff, 0xff, 0xff, 0x55, 0xad, 0x41, 0x08, 0x20, 0x00, 0x20, 0x00, 0xa2, 0x10, 0xa7, 0x39, 0xcb, 0x5a, 0x24, 0x21, 0x21, 0x08, 0xf7, 0xbd, 0x5d, 0xef, 0xdf, 0xff, 0xff, 0xff, 0xff, 0xff, 0xff, 0xff, 0xff, 0xff, 0xaf, 0x7b, 0x21, 0x08, 0x61, 0x08, 0xb3, 0x9c, 0xab, 0x5a, 0x76, 0xb5, 0xdf, 0xff, 0xff, 0xff, 0xff, 0xff, 0xff, 0xff, 0xff, 0xff, 0xff, 0xff, 0x9e, 0xf7, 0x7d, 0xef, 0xff, 0xff, 0xff, 0xff, 0xbb, 0xde, 0xec, 0x62, 0x2d, 0x6b, 0xdb, 0xde, 0x4d, 0x6b, 0x08, 0x42, 0x8e, 0x73, 0xc7, 0x39, 0xdf, 0xff, 0xb7, 0xbd, 0xdf, 0xff, 0x72, 0x94, 0xaa, 0x52, 0x9a, 0xd6, 0xff, 0xff, 0xff, 0xff, 0xff, 0xff, 0xff, 0xff, 0xff, 0xff, 0xff, 0xff, 0xff, 0xff, 0xff, 0xff, 0xff, 0xff, 0xff, 0xff, 0xff, 0xff, 0xff, 0xff, 0xff, 0xff, 0xff, 0xff, 0xff, 0xff, 0xff, 0xff, 0xff, 0xff, 0xff, 0xff, 0xff, 0xff, 0xff, 0xff, 0xff, 0xff, 
  0xff, 0xff, 0xff, 0xff, 0xff, 0xff, 0xff, 0xff, 0xff, 0xff, 0xff, 0xff, 0xff, 0xff, 0xff, 0xff, 0xff, 0xff, 0xff, 0xff, 0xff, 0xff, 0xff, 0xff, 0xff, 0xff, 0xff, 0xff, 0xff, 0xff, 0xff, 0xff, 0xff, 0xff, 0xff, 0xff, 0xff, 0xff, 0xff, 0xff, 0xff, 0xff, 0xff, 0xff, 0xff, 0xff, 0xff, 0xff, 0xff, 0xff, 0xff, 0xff, 0xff, 0xff, 0xeb, 0x5a, 0x9a, 0xd6, 0xf8, 0xc5, 0x69, 0x4a, 0x7a, 0xd6, 0xe7, 0x39, 0xba, 0xd6, 0xcb, 0x5a, 0x59, 0xce, 0xff, 0xff, 0xff, 0xff, 0xff, 0xff, 0xff, 0xff, 0xff, 0xff, 0xff, 0xff, 0xff, 0xff, 0xff, 0xff, 0xff, 0xff, 0xff, 0xff, 0xff, 0xff, 0xff, 0xff, 0xff, 0xff, 0xff, 0xff, 0xff, 0xff, 0xff, 0xff, 0xff, 0xff, 0xff, 0xff, 0x7d, 0xef, 0xdf, 0xff, 0xff, 0xff, 0xff, 0xff, 0xdf, 0xff, 0x82, 0x10, 0x0c, 0x63, 0xff, 0xff, 0xff, 0xff, 0xff, 0xff, 0xff, 0xff, 0xff, 0xff, 0xff, 0xff, 0xff, 0xff, 0xff, 0xff, 0x4d, 0x6b, 0x86, 0x31, 0x79, 0xce, 0x79, 0xce, 0x72, 0x94, 0x20, 0x00, 0xf4, 0xa4, 0x79, 0xce, 0x79, 0xce, 0xc7, 0x39, 0xaa, 0x52, 0xff, 0xff, 0xff, 0xff, 0xff, 0xff, 0x5d, 0xef, 0x34, 0xa5, 0x59, 0xce, 0x5d, 0xef, 0xff, 0xff, 0xff, 0xff, 0xff, 0xff, 0x4d, 0x6b, 0x20, 0x00, 0x9a, 0xd6, 0xff, 0xff, 0xff, 0xff, 0xff, 0xff, 0xff, 0xff, 0xff, 0xff, 0xff, 0xff, 0xfb, 0xde, 0x8a, 0x52, 0x14, 0xa5, 0xbe, 0xf7, 0xff, 0xff, 0xff, 0xff, 0xff, 0xff, 0xff, 0xff, 0xff, 0xff, 0xff, 0xff, 0xd7, 0xbd, 0xcb, 0x5a, 0xcb, 0x5a, 0x8a, 0x52, 0xef, 0x7b, 0xff, 0xff, 0x8a, 0x52, 0x7e, 0xf7, 0x92, 0x94, 0x29, 0x4a, 0xff, 0xff, 0x35, 0xad, 0x9a, 0xd6, 0xaa, 0x52, 0xff, 0xff, 0xff, 0xff, 0xff, 0xff, 0xff, 0xff, 0xff, 0xff, 0xff, 0xff, 0xff, 0xff, 0xff, 0xff, 0xff, 0xff, 0xff, 0xff, 0xff, 0xff, 0xff, 0xff, 0xff, 0xff, 0xff, 0xff, 0xff, 0xff, 0xff, 0xff, 0xff, 0xff, 0xff, 0xff, 0xff, 0xff, 0xff, 0xff, 0xff, 0xff, 0xff, 0xff, 0xff, 0xff, 0xff, 0xff, 0xff, 0xff, 0xff, 0xff, 0xff, 0xff, 
  0xff, 0xff, 0xff, 0xff, 0xff, 0xff, 0xff, 0xff, 0xff, 0xff, 0xff, 0xff, 0xff, 0xff, 0xff, 0xff, 0xff, 0xff, 0xff, 0xff, 0xff, 0xff, 0xff, 0xff, 0xff, 0xff, 0xff, 0xff, 0xff, 0xff, 0xff, 0xff, 0xff, 0xff, 0xff, 0xff, 0xff, 0xff, 0xff, 0xff, 0xff, 0xff, 0xff, 0xff, 0xff, 0xff, 0xff, 0xff, 0xff, 0xff, 0xff, 0xff, 0xff, 0xff, 0x7d, 0xef, 0x72, 0x94, 0xe4, 0x20, 0x79, 0xce, 0xec, 0x62, 0x8e, 0x73, 0xab, 0x5a, 0x51, 0x8c, 0x71, 0x8c, 0xf3, 0x9c, 0x6d, 0x6b, 0x18, 0xc6, 0xff, 0xff, 0xff, 0xff, 0xff, 0xff, 0xff, 0xff, 0xff, 0xff, 0xff, 0xff, 0xff, 0xff, 0xff, 0xff, 0xff, 0xff, 0xff, 0xff, 0xff, 0xff, 0xff, 0xff, 0xff, 0xff, 0xff, 0xff, 0xff, 0xff, 0x6d, 0x6b, 0x41, 0x08, 0x65, 0x29, 0x8a, 0x52, 0xae, 0x73, 0x21, 0x08, 0x6e, 0x73, 0xbe, 0xf7, 0xff, 0xff, 0xff, 0xff, 0xff, 0xff, 0xff, 0xff, 0xff, 0xff, 0xff, 0xff, 0xff, 0xff, 0x31, 0x8c, 0x86, 0x31, 0x86, 0x31, 0x86, 0x31, 0x04, 0x21, 0x20, 0x00, 0x25, 0x29, 0x86, 0x31, 0x86, 0x31, 0x86, 0x31, 0x92, 0x94, 0xff, 0xff, 0xff, 0xff, 0xff, 0xff, 0xff, 0xff, 0xff, 0xff, 0xff, 0xff, 0xff, 0xff, 0xff, 0xff, 0x9e, 0xf7, 0x9a, 0xd6, 0x6a, 0x52, 0x21, 0x08, 0x75, 0xad, 0xff, 0xff, 0xff, 0xff, 0xff, 0xff, 0xff, 0xff, 0xff, 0xff, 0xff, 0xff, 0xff, 0xff, 0xff, 0xff, 0xff, 0xff, 0xff, 0xff, 0xff, 0xff, 0xff, 0xff, 0xff, 0xff, 0xff, 0xff, 0xff, 0xff, 0xff, 0xff, 0x65, 0x29, 0x1c, 0xe7, 0xff, 0xff, 0xff, 0xff, 0xcf, 0x7b, 0xb7, 0xbd, 0x49, 0x4a, 0xcb, 0x5a, 0xd3, 0x9c, 0x18, 0xc6, 0xfc, 0xe6, 0xd3, 0x9c, 0xcf, 0x7b, 0x5d, 0xef, 0xff, 0xff, 0xff, 0xff, 0xff, 0xff, 0xff, 0xff, 0xff, 0xff, 0xff, 0xff, 0xff, 0xff, 0xff, 0xff, 0xff, 0xff, 0xff, 0xff, 0xff, 0xff, 0xff, 0xff, 0xff, 0xff, 0xff, 0xff, 0xff, 0xff, 0xff, 0xff, 0xff, 0xff, 0xff, 0xff, 0xff, 0xff, 0xff, 0xff, 0xff, 0xff, 0xff, 0xff, 0xff, 0xff, 0xff, 0xff, 0xff, 0xff, 0xff, 0xff, 0xff, 0xff, 
  0xff, 0xff, 0xff, 0xff, 0xff, 0xff, 0xff, 0xff, 0xff, 0xff, 0xff, 0xff, 0xff, 0xff, 0xff, 0xff, 0xff, 0xff, 0xff, 0xff, 0xff, 0xff, 0xff, 0xff, 0xff, 0xff, 0xff, 0xff, 0xff, 0xff, 0xff, 0xff, 0xff, 0xff, 0xff, 0xff, 0xff, 0xff, 0xff, 0xff, 0xff, 0xff, 0xff, 0xff, 0xff, 0xff, 0xff, 0xff, 0xff, 0xff, 0xff, 0xff, 0xff, 0xff, 0xff, 0xff, 0xff, 0xff, 0x7d, 0xef, 0xff, 0xff, 0x2c, 0x63, 0xdb, 0xde, 0x7e, 0xf7, 0xf0, 0x83, 0x9a, 0xd6, 0x08, 0x42, 0xfc, 0xe6, 0x59, 0xce, 0x51, 0x8c, 0xf0, 0x83, 0xbf, 0xff, 0xff, 0xff, 0xff, 0xff, 0xff, 0xff, 0xff, 0xff, 0xff, 0xff, 0xff, 0xff, 0xff, 0xff, 0xff, 0xff, 0xff, 0xff, 0xff, 0xff, 0xff, 0xff, 0xff, 0xff, 0xfc, 0xe6, 0x14, 0xa5, 0xef, 0x7b, 0xaa, 0x52, 0x45, 0x29, 0x41, 0x08, 0x20, 0x00, 0x41, 0x08, 0x25, 0x29, 0x6a, 0x52, 0xb2, 0x94, 0xff, 0xff, 0xff, 0xff, 0xff, 0xff, 0xff, 0xff, 0xff, 0xff, 0xff, 0xff, 0xff, 0xff, 0xff, 0xff, 0x96, 0xb5, 0x21, 0x08, 0x18, 0xc6, 0xff, 0xff, 0xff, 0xff, 0xff, 0xff, 0xff, 0xff, 0xff, 0xff, 0xff, 0xff, 0xff, 0xff, 0xff, 0xff, 0xff, 0xff, 0x8e, 0x73, 0xa7, 0x39, 0xc3, 0x18, 0x41, 0x08, 0x20, 0x00, 0x21, 0x08, 0x25, 0x29, 0xfb, 0xde, 0xff, 0xff, 0xff, 0xff, 0xff, 0xff, 0xff, 0xff, 0xff, 0xff, 0xff, 0xff, 0xff, 0xff, 0xff, 0xff, 0xff, 0xff, 0xff, 0xff, 0xff, 0xff, 0xff, 0xff, 0xff, 0xff, 0xff, 0xff, 0xff, 0xff, 0xff, 0xff, 0x51, 0x8c, 0x55, 0xad, 0xff, 0xff, 0xff, 0xff, 0x5d, 0xef, 0x8a, 0x52, 0xb3, 0x9c, 0xf0, 0x83, 0xfb, 0xde, 0x8a, 0x52, 0x1c, 0xe7, 0xff, 0xff, 0xff, 0xff, 0xff, 0xff, 0xff, 0xff, 0xff, 0xff, 0xff, 0xff, 0xff, 0xff, 0xff, 0xff, 0xff, 0xff, 0xff, 0xff, 0xff, 0xff, 0xff, 0xff, 0xff, 0xff, 0xff, 0xff, 0xff, 0xff, 0xff, 0xff, 0xff, 0xff, 0xff, 0xff, 0xff, 0xff, 0xff, 0xff, 0xff, 0xff, 0xff, 0xff, 0xff, 0xff, 0xff, 0xff, 0xff, 0xff, 0xff, 0xff, 0xff, 0xff, 0xff, 0xff, 0xff, 0xff, 0xff, 0xff, 
  0xff, 0xff, 0xff, 0xff, 0xff, 0xff, 0xff, 0xff, 0xff, 0xff, 0xff, 0xff, 0xff, 0xff, 0xff, 0xff, 0xff, 0xff, 0xff, 0xff, 0xff, 0xff, 0xff, 0xff, 0xff, 0xff, 0xff, 0xff, 0xff, 0xff, 0xff, 0xff, 0xff, 0xff, 0xff, 0xff, 0xff, 0xff, 0xff, 0xff, 0xff, 0xff, 0xff, 0xff, 0xff, 0xff, 0xff, 0xff, 0xff, 0xff, 0xff, 0xff, 0xff, 0xff, 0xff, 0xff, 0xff, 0xff, 0xff, 0xff, 0xff, 0xff, 0x1c, 0xe7, 0xaa, 0x52, 0x8a, 0x52, 0x55, 0xad, 0x39, 0xce, 0x6e, 0x73, 0xff, 0xff, 0x6e, 0x73, 0x34, 0xa5, 0xba, 0xd6, 0x25, 0x29, 0x9a, 0xd6, 0xdb, 0xde, 0xff, 0xff, 0xff, 0xff, 0xff, 0xff, 0xff, 0xff, 0xff, 0xff, 0xff, 0xff, 0xff, 0xff, 0xff, 0xff, 0xff, 0xff, 0xff, 0xff, 0xff, 0xff, 0xff, 0xff, 0xff, 0xff, 0xff, 0xff, 0xff, 0xff, 0xdf, 0xff, 0x9a, 0xd6, 0x75, 0xad, 0x10, 0x84, 0xcb, 0x5a, 0xae, 0x73, 0xff, 0xff, 0xff, 0xff, 0xff, 0xff, 0xff, 0xff, 0xff, 0xff, 0xff, 0xff, 0xff, 0xff, 0xff, 0xff, 0xba, 0xd6, 0x41, 0x08, 0x41, 0x08, 0x41, 0x08, 0x41, 0x08, 0x41, 0x08, 0xcb, 0x5a, 0xff, 0xff, 0xff, 0xff, 0xff, 0xff, 0xff, 0xff, 0xff, 0xff, 0x6a, 0x52, 0x28, 0x42, 0x0c, 0x63, 0x30, 0x84, 0x34, 0xa5, 0x1c, 0xe7, 0xff, 0xff, 0xff, 0xff, 0xff, 0xff, 0xff, 0xff, 0xff, 0xff, 0xff, 0xff, 0xff, 0xff, 0xff, 0xff, 0xff, 0xff, 0xff, 0xff, 0xf7, 0xbd, 0xdf, 0xff, 0xff, 0xff, 0xff, 0xff, 0xdf, 0xff, 0xff, 0xff, 0xff, 0xff, 0xff, 0xff, 0x9e, 0xf7, 0x29, 0x4a, 0xff, 0xff, 0xff, 0xff, 0xff, 0xff, 0x69, 0x4a, 0xff, 0xff, 0x92, 0x94, 0xcf, 0x7b, 0x7a, 0xd6, 0xff, 0xff, 0xff, 0xff, 0xff, 0xff, 0xff, 0xff, 0xff, 0xff, 0xff, 0xff, 0xff, 0xff, 0xff, 0xff, 0xff, 0xff, 0xff, 0xff, 0xff, 0xff, 0xff, 0xff, 0xff, 0xff, 0xff, 0xff, 0xff, 0xff, 0xff, 0xff, 0xff, 0xff, 0xff, 0xff, 0xff, 0xff, 0xff, 0xff, 0xff, 0xff, 0xff, 0xff, 0xff, 0xff, 0xff, 0xff, 0xff, 0xff, 0xff, 0xff, 0xff, 0xff, 0xff, 0xff, 0xff, 0xff, 0xff, 0xff, 0xff, 0xff, 
  0xff, 0xff, 0xff, 0xff, 0xff, 0xff, 0xff, 0xff, 0xff, 0xff, 0xff, 0xff, 0xff, 0xff, 0xff, 0xff, 0xff, 0xff, 0xff, 0xff, 0xff, 0xff, 0xff, 0xff, 0xff, 0xff, 0xff, 0xff, 0xff, 0xff, 0xff, 0xff, 0xff, 0xff, 0xff, 0xff, 0xff, 0xff, 0xff, 0xff, 0xff, 0xff, 0xff, 0xff, 0xff, 0xff, 0xff, 0xff, 0xff, 0xff, 0xff, 0xff, 0xff, 0xff, 0xff, 0xff, 0xff, 0xff, 0xff, 0xff, 0xff, 0xff, 0xff, 0xff, 0xff, 0xff, 0xdf, 0xff, 0xff, 0xff, 0xeb, 0x5a, 0xdb, 0xde, 0xff, 0xff, 0x29, 0x4a, 0xff, 0xff, 0xff, 0xff, 0xa6, 0x31, 0xff, 0xff, 0xe7, 0x39, 0x2c, 0x63, 0x59, 0xce, 0x3d, 0xef, 0x9e, 0xf7, 0xff, 0xff, 0xff, 0xff, 0xff, 0xff, 0xff, 0xff, 0xff, 0xff, 0xdb, 0xde, 0xff, 0xff, 0xff, 0xff, 0xff, 0xff, 0xff, 0xff, 0xff, 0xff, 0xff, 0xff, 0xff, 0xff, 0xff, 0xff, 0xff, 0xff, 0xff, 0xff, 0xff, 0xff, 0xff, 0xff, 0xff, 0xff, 0xff, 0xff, 0xff, 0xff, 0xff, 0xff, 0xff, 0xff, 0xff, 0xff, 0xff, 0xff, 0xff, 0xff, 0xdb, 0xde, 0x39, 0xce, 0x39, 0xce, 0x39, 0xce, 0x39, 0xce, 0xdb, 0xde, 0xff, 0xff, 0xff, 0xff, 0xff, 0xff, 0xff, 0xff, 0xff, 0xff, 0xff, 0xff, 0xff, 0xff, 0xff, 0xff, 0xff, 0xff, 0xff, 0xff, 0xff, 0xff, 0xff, 0xff, 0xff, 0xff, 0xff, 0xff, 0xff, 0xff, 0xff, 0xff, 0xff, 0xff, 0xff, 0xff, 0xff, 0xff, 0xff, 0xff, 0xff, 0xff, 0x1c, 0xe7, 0xdf, 0xff, 0xff, 0xff, 0xae, 0x73, 0xeb, 0x5a, 0xec, 0x62, 0xff, 0xff, 0xff, 0xff, 0xff, 0xff, 0x4d, 0x6b, 0x7a, 0xd6, 0xff, 0xff, 0xb7, 0xbd, 0xcf, 0x7b, 0xff, 0xff, 0xff, 0xff, 0xff, 0xff, 0xff, 0xff, 0xff, 0xff, 0xff, 0xff, 0xff, 0xff, 0xff, 0xff, 0xff, 0xff, 0xff, 0xff, 0xff, 0xff, 0xff, 0xff, 0xff, 0xff, 0xff, 0xff, 0xff, 0xff, 0xff, 0xff, 0xff, 0xff, 0xff, 0xff, 0xff, 0xff, 0xff, 0xff, 0xff, 0xff, 0xff, 0xff, 0xff, 0xff, 0xff, 0xff, 0xff, 0xff, 0xff, 0xff, 0xff, 0xff, 0xff, 0xff, 0xff, 0xff, 0xff, 0xff, 0xff, 0xff, 0xff, 0xff, 0xff, 0xff, 0xff, 0xff, 0xff, 0xff, 
  0xff, 0xff, 0xff, 0xff, 0xff, 0xff, 0xff, 0xff, 0xff, 0xff, 0xff, 0xff, 0xff, 0xff, 0xff, 0xff, 0xff, 0xff, 0xff, 0xff, 0xff, 0xff, 0xff, 0xff, 0xff, 0xff, 0xff, 0xff, 0xff, 0xff, 0xff, 0xff, 0xff, 0xff, 0xff, 0xff, 0xff, 0xff, 0xff, 0xff, 0xff, 0xff, 0xff, 0xff, 0xff, 0xff, 0xff, 0xff, 0xff, 0xff, 0xff, 0xff, 0xff, 0xff, 0xff, 0xff, 0xff, 0xff, 0xff, 0xff, 0xff, 0xff, 0xff, 0xff, 0xff, 0xff, 0xff, 0xff, 0xff, 0xff, 0x5d, 0xef, 0xff, 0xff, 0xff, 0xff, 0x08, 0x42, 0xdf, 0xff, 0x34, 0xa5, 0x10, 0x84, 0x9a, 0xd6, 0xab, 0x5a, 0xff, 0xff, 0xd7, 0xbd, 0xcb, 0x5a, 0xec, 0x62, 0xef, 0x7b, 0xff, 0xff, 0xff, 0xff, 0xbe, 0xf7, 0xdf, 0xff, 0x49, 0x4a, 0xff, 0xff, 0xff, 0xff, 0xff, 0xff, 0xff, 0xff, 0xff, 0xff, 0xff, 0xff, 0xff, 0xff, 0xff, 0xff, 0xff, 0xff, 0xff, 0xff, 0xff, 0xff, 0xff, 0xff, 0xff, 0xff, 0xff, 0xff, 0xff, 0xff, 0xff, 0xff, 0xff, 0xff, 0xff, 0xff, 0xff, 0xff, 0xff, 0xff, 0xff, 0xff, 0xff, 0xff, 0xff, 0xff, 0xff, 0xff, 0xff, 0xff, 0xff, 0xff, 0xff, 0xff, 0xff, 0xff, 0xff, 0xff, 0xff, 0xff, 0xff, 0xff, 0xff, 0xff, 0xff, 0xff, 0xff, 0xff, 0xff, 0xff, 0xff, 0xff, 0xff, 0xff, 0xff, 0xff, 0xff, 0xff, 0xff, 0xff, 0xff, 0xff, 0xff, 0xff, 0xff, 0xff, 0xff, 0xff, 0xff, 0xff, 0x9a, 0xd6, 0x7e, 0xf7, 0x5d, 0xef, 0xcf, 0x7b, 0xdb, 0xde, 0x4d, 0x6b, 0xff, 0xff, 0xdf, 0xff, 0xff, 0xff, 0xff, 0xff, 0xff, 0xff, 0x9a, 0xd6, 0x29, 0x4a, 0xcb, 0x5a, 0x30, 0x84, 0xdf, 0xff, 0xff, 0xff, 0xff, 0xff, 0xff, 0xff, 0xff, 0xff, 0xff, 0xff, 0xff, 0xff, 0xff, 0xff, 0xff, 0xff, 0xff, 0xff, 0xff, 0xff, 0xff, 0xff, 0xff, 0xff, 0xff, 0xff, 0xff, 0xff, 0xff, 0xff, 0xff, 0xff, 0xff, 0xff, 0xff, 0xff, 0xff, 0xff, 0xff, 0xff, 0xff, 0xff, 0xff, 0xff, 0xff, 0xff, 0xff, 0xff, 0xff, 0xff, 0xff, 0xff, 0xff, 0xff, 0xff, 0xff, 0xff, 0xff, 0xff, 0xff, 0xff, 0xff, 0xff, 0xff, 0xff, 0xff, 0xff, 0xff, 0xff, 0xff, 
  0xff, 0xff, 0xff, 0xff, 0xff, 0xff, 0xff, 0xff, 0xff, 0xff, 0xff, 0xff, 0xff, 0xff, 0xff, 0xff, 0xff, 0xff, 0xff, 0xff, 0xff, 0xff, 0xff, 0xff, 0xff, 0xff, 0xff, 0xff, 0xff, 0xff, 0xff, 0xff, 0xff, 0xff, 0xff, 0xff, 0xff, 0xff, 0xff, 0xff, 0xff, 0xff, 0xff, 0xff, 0xff, 0xff, 0xff, 0xff, 0xff, 0xff, 0xff, 0xff, 0xff, 0xff, 0xff, 0xff, 0xff, 0xff, 0xff, 0xff, 0xff, 0xff, 0xff, 0xff, 0xff, 0xff, 0xff, 0xff, 0xff, 0xff, 0xff, 0xff, 0xff, 0xff, 0xf3, 0x9c, 0x96, 0xb5, 0x2d, 0x6b, 0x25, 0x29, 0x1c, 0xe7, 0xcf, 0x7b, 0xb6, 0xb5, 0xff, 0xff, 0x59, 0xce, 0x76, 0xb5, 0x9a, 0xd6, 0x45, 0x29, 0xdf, 0xff, 0x6a, 0x52, 0x0c, 0x63, 0x6d, 0x6b, 0xaf, 0x7b, 0xff, 0xff, 0xff, 0xff, 0xff, 0xff, 0xff, 0xff, 0xff, 0xff, 0xff, 0xff, 0xff, 0xff, 0xff, 0xff, 0xff, 0xff, 0xff, 0xff, 0xff, 0xff, 0xff, 0xff, 0xff, 0xff, 0xff, 0xff, 0xff, 0xff, 0xff, 0xff, 0xff, 0xff, 0xff, 0xff, 0xff, 0xff, 0xff, 0xff, 0xff, 0xff, 0xff, 0xff, 0xff, 0xff, 0xff, 0xff, 0xff, 0xff, 0xff, 0xff, 0xff, 0xff, 0xff, 0xff, 0xff, 0xff, 0xff, 0xff, 0xff, 0xff, 0xff, 0xff, 0xff, 0xff, 0xff, 0xff, 0x79, 0xce, 0xff, 0xff, 0xff, 0xff, 0xff, 0xff, 0xff, 0xff, 0xff, 0xff, 0xdf, 0xff, 0x7e, 0xf7, 0xff, 0xff, 0xb7, 0xbd, 0x2c, 0x63, 0x10, 0x84, 0x08, 0x42, 0xff, 0xff, 0x69, 0x4a, 0x3c, 0xe7, 0x2d, 0x6b, 0xff, 0xff, 0xbf, 0xff, 0xd3, 0x9c, 0xff, 0xff, 0xff, 0xff, 0xff, 0xff, 0x96, 0xb5, 0xbf, 0xff, 0xff, 0xff, 0xff, 0xff, 0xff, 0xff, 0xff, 0xff, 0xff, 0xff, 0xff, 0xff, 0xff, 0xff, 0xff, 0xff, 0xff, 0xff, 0xff, 0xff, 0xff, 0xff, 0xff, 0xff, 0xff, 0xff, 0xff, 0xff, 0xff, 0xff, 0xff, 0xff, 0xff, 0xff, 0xff, 0xff, 0xff, 0xff, 0xff, 0xff, 0xff, 0xff, 0xff, 0xff, 0xff, 0xff, 0xff, 0xff, 0xff, 0xff, 0xff, 0xff, 0xff, 0xff, 0xff, 0xff, 0xff, 0xff, 0xff, 0xff, 0xff, 0xff, 0xff, 0xff, 0xff, 0xff, 0xff, 0xff, 0xff, 0xff, 0xff, 0xff, 0xff, 0xff, 
  0xff, 0xff, 0xff, 0xff, 0xff, 0xff, 0xff, 0xff, 0xff, 0xff, 0xff, 0xff, 0xff, 0xff, 0xff, 0xff, 0xff, 0xff, 0xff, 0xff, 0xff, 0xff, 0xff, 0xff, 0xff, 0xff, 0xff, 0xff, 0xff, 0xff, 0xff, 0xff, 0xff, 0xff, 0xff, 0xff, 0xff, 0xff, 0xff, 0xff, 0xff, 0xff, 0xff, 0xff, 0xff, 0xff, 0xff, 0xff, 0xff, 0xff, 0xff, 0xff, 0xff, 0xff, 0xff, 0xff, 0xff, 0xff, 0xff, 0xff, 0xff, 0xff, 0xff, 0xff, 0xff, 0xff, 0xff, 0xff, 0xff, 0xff, 0xff, 0xff, 0xff, 0xff, 0x71, 0x8c, 0xcf, 0x7b, 0xf3, 0x9c, 0xcb, 0x5a, 0xff, 0xff, 0xaa, 0x52, 0xdf, 0xff, 0xfc, 0xe6, 0x6a, 0x52, 0x34, 0xa5, 0xcb, 0x5a, 0x6e, 0x73, 0xd3, 0x9c, 0x55, 0xad, 0xff, 0xff, 0x2d, 0x6b, 0x55, 0xad, 0x35, 0xad, 0x96, 0xb5, 0xff, 0xff, 0x14, 0xa5, 0xff, 0xff, 0x9e, 0xf7, 0xbb, 0xde, 0xbf, 0xff, 0xff, 0xff, 0x9a, 0xd6, 0x10, 0x84, 0xff, 0xff, 0xff, 0xff, 0xff, 0xff, 0xff, 0xff, 0xff, 0xff, 0xff, 0xff, 0xff, 0xff, 0x1c, 0xe7, 0x4d, 0x6b, 0xaf, 0x7b, 0xcb, 0x5a, 0x10, 0x84, 0xdf, 0xff, 0xae, 0x73, 0xff, 0xff, 0xff, 0xff, 0xff, 0xff, 0xff, 0xff, 0xff, 0xff, 0xff, 0xff, 0xff, 0xff, 0xff, 0xff, 0xff, 0xff, 0x8a, 0x52, 0x5d, 0xef, 0xdb, 0xde, 0x14, 0xa5, 0x96, 0xb5, 0x55, 0xad, 0x0c, 0x63, 0xab, 0x5a, 0xf4, 0xa4, 0x39, 0xce, 0x8e, 0x73, 0xff, 0xff, 0x4d, 0x6b, 0xfc, 0xe6, 0xf0, 0x83, 0x79, 0xce, 0xcb, 0x5a, 0x75, 0xad, 0x92, 0x94, 0x51, 0x8c, 0xff, 0xff, 0xff, 0xff, 0xff, 0xff, 0xff, 0xff, 0xff, 0xff, 0xff, 0xff, 0xff, 0xff, 0xff, 0xff, 0xff, 0xff, 0xff, 0xff, 0xff, 0xff, 0xff, 0xff, 0xff, 0xff, 0xff, 0xff, 0xff, 0xff, 0xff, 0xff, 0xff, 0xff, 0xff, 0xff, 0xff, 0xff, 0xff, 0xff, 0xff, 0xff, 0xff, 0xff, 0xff, 0xff, 0xff, 0xff, 0xff, 0xff, 0xff, 0xff, 0xff, 0xff, 0xff, 0xff, 0xff, 0xff, 0xff, 0xff, 0xff, 0xff, 0xff, 0xff, 0xff, 0xff, 0xff, 0xff, 0xff, 0xff, 0xff, 0xff, 0xff, 0xff, 0xff, 0xff, 0xff, 0xff, 0xff, 0xff, 0xff, 0xff, 0xff, 0xff, 
  0xff, 0xff, 0xff, 0xff, 0xff, 0xff, 0xff, 0xff, 0xff, 0xff, 0xff, 0xff, 0xff, 0xff, 0xff, 0xff, 0xff, 0xff, 0xff, 0xff, 0xff, 0xff, 0xff, 0xff, 0xff, 0xff, 0xff, 0xff, 0xff, 0xff, 0xff, 0xff, 0xff, 0xff, 0xff, 0xff, 0xff, 0xff, 0xff, 0xff, 0xff, 0xff, 0xff, 0xff, 0xff, 0xff, 0xff, 0xff, 0xff, 0xff, 0xff, 0xff, 0xff, 0xff, 0xff, 0xff, 0xff, 0xff, 0xff, 0xff, 0xff, 0xff, 0xff, 0xff, 0xff, 0xff, 0xff, 0xff, 0xff, 0xff, 0xff, 0xff, 0xff, 0xff, 0xff, 0xff, 0x7a, 0xd6, 0x55, 0xad, 0x9e, 0xf7, 0xff, 0xff, 0xff, 0xff, 0xff, 0xff, 0x3d, 0xef, 0x08, 0x42, 0x92, 0x94, 0x86, 0x31, 0xb7, 0xbd, 0x6e, 0x73, 0xbb, 0xde, 0xff, 0xff, 0xec, 0x62, 0x5d, 0xef, 0xaf, 0x7b, 0x1c, 0xe7, 0xff, 0xff, 0xcb, 0x5a, 0xbe, 0xf7, 0x28, 0x42, 0x10, 0x84, 0xc7, 0x39, 0x3c, 0xe7, 0xae, 0x73, 0xc7, 0x39, 0xbf, 0xff, 0x7a, 0xd6, 0x96, 0xb5, 0x7d, 0xef, 0xff, 0xff, 0xff, 0xff, 0xff, 0xff, 0xba, 0xd6, 0xf0, 0x83, 0xff, 0xff, 0xff, 0xff, 0xff, 0xff, 0xbf, 0xff, 0xeb, 0x5a, 0xff, 0xff, 0x3d, 0xef, 0x96, 0xb5, 0x5d, 0xef, 0xff, 0xff, 0x1c, 0xe7, 0xaf, 0x7b, 0x0c, 0x63, 0xfb, 0xde, 0x45, 0x29, 0x72, 0x94, 0x55, 0xad, 0x6e, 0x73, 0xdf, 0xff, 0x8a, 0x52, 0xff, 0xff, 0xff, 0xff, 0x08, 0x42, 0xdf, 0xff, 0x49, 0x4a, 0xff, 0xff, 0x35, 0xad, 0x14, 0xa5, 0x59, 0xce, 0x10, 0x84, 0xbf, 0xff, 0xd3, 0x9c, 0x75, 0xad, 0xff, 0xff, 0xff, 0xff, 0xff, 0xff, 0xff, 0xff, 0xff, 0xff, 0xff, 0xff, 0xff, 0xff, 0xff, 0xff, 0xff, 0xff, 0xff, 0xff, 0xff, 0xff, 0xff, 0xff, 0xff, 0xff, 0xff, 0xff, 0xff, 0xff, 0xff, 0xff, 0xff, 0xff, 0xff, 0xff, 0xff, 0xff, 0xff, 0xff, 0xff, 0xff, 0xff, 0xff, 0xff, 0xff, 0xff, 0xff, 0xff, 0xff, 0xff, 0xff, 0xff, 0xff, 0xff, 0xff, 0xff, 0xff, 0xff, 0xff, 0xff, 0xff, 0xff, 0xff, 0xff, 0xff, 0xff, 0xff, 0xff, 0xff, 0xff, 0xff, 0xff, 0xff, 0xff, 0xff, 0xff, 0xff, 0xff, 0xff, 0xff, 0xff, 0xff, 0xff, 0xff, 0xff, 
  0xff, 0xff, 0xff, 0xff, 0xff, 0xff, 0xff, 0xff, 0xff, 0xff, 0xff, 0xff, 0xff, 0xff, 0xff, 0xff, 0xff, 0xff, 0xff, 0xff, 0xff, 0xff, 0xff, 0xff, 0xff, 0xff, 0xff, 0xff, 0xff, 0xff, 0xff, 0xff, 0xff, 0xff, 0xff, 0xff, 0xff, 0xff, 0xff, 0xff, 0xff, 0xff, 0xff, 0xff, 0xff, 0xff, 0xff, 0xff, 0xff, 0xff, 0xff, 0xff, 0xff, 0xff, 0xff, 0xff, 0xff, 0xff, 0xff, 0xff, 0xff, 0xff, 0xff, 0xff, 0xff, 0xff, 0xff, 0xff, 0xff, 0xff, 0xff, 0xff, 0xff, 0xff, 0xff, 0xff, 0xff, 0xff, 0xff, 0xff, 0xff, 0xff, 0xff, 0xff, 0xff, 0xff, 0xff, 0xff, 0xff, 0xff, 0x9e, 0xf7, 0x9a, 0xd6, 0x55, 0xad, 0x3d, 0xef, 0x75, 0xad, 0xaf, 0x7b, 0x96, 0xb5, 0x66, 0x31, 0xff, 0xff, 0xcb, 0x5a, 0xff, 0xff, 0xfb, 0xde, 0xae, 0x73, 0xff, 0xff, 0x18, 0xc6, 0xd7, 0xbd, 0x08, 0x42, 0x38, 0xc6, 0xb3, 0x9c, 0x96, 0xb5, 0xb7, 0xbd, 0x8e, 0x73, 0x18, 0xc6, 0x69, 0x4a, 0xdf, 0xff, 0xff, 0xff, 0xff, 0xff, 0x59, 0xce, 0x51, 0x8c, 0x3c, 0xe7, 0x3c, 0xe7, 0x9e, 0xf7, 0xbf, 0xff, 0xcb, 0x5a, 0xfc, 0xe6, 0xaa, 0x52, 0x18, 0xc6, 0xcb, 0x5a, 0x9e, 0xf7, 0xcb, 0x5a, 0x1c, 0xe7, 0xbb, 0xde, 0x79, 0xce, 0x51, 0x8c, 0x39, 0xce, 0x9a, 0xd6, 0x10, 0x84, 0xff, 0xff, 0x69, 0x4a, 0x9e, 0xf7, 0xff, 0xff, 0xab, 0x5a, 0xbe, 0xf7, 0x8a, 0x52, 0xbf, 0xff, 0x1c, 0xe7, 0x51, 0x8c, 0xff, 0xff, 0xdb, 0xde, 0xff, 0xff, 0xff, 0xff, 0xff, 0xff, 0xff, 0xff, 0xff, 0xff, 0xff, 0xff, 0xff, 0xff, 0xff, 0xff, 0xff, 0xff, 0xff, 0xff, 0xff, 0xff, 0xff, 0xff, 0xff, 0xff, 0xff, 0xff, 0xff, 0xff, 0xff, 0xff, 0xff, 0xff, 0xff, 0xff, 0xff, 0xff, 0xff, 0xff, 0xff, 0xff, 0xff, 0xff, 0xff, 0xff, 0xff, 0xff, 0xff, 0xff, 0xff, 0xff, 0xff, 0xff, 0xff, 0xff, 0xff, 0xff, 0xff, 0xff, 0xff, 0xff, 0xff, 0xff, 0xff, 0xff, 0xff, 0xff, 0xff, 0xff, 0xff, 0xff, 0xff, 0xff, 0xff, 0xff, 0xff, 0xff, 0xff, 0xff, 0xff, 0xff, 0xff, 0xff, 0xff, 0xff, 0xff, 0xff, 0xff, 0xff, 0xff, 0xff, 
  0xff, 0xff, 0xff, 0xff, 0xff, 0xff, 0xff, 0xff, 0xff, 0xff, 0xff, 0xff, 0xff, 0xff, 0xff, 0xff, 0xff, 0xff, 0xff, 0xff, 0xff, 0xff, 0xff, 0xff, 0xff, 0xff, 0xff, 0xff, 0xff, 0xff, 0xff, 0xff, 0xff, 0xff, 0xff, 0xff, 0xff, 0xff, 0xff, 0xff, 0xff, 0xff, 0xff, 0xff, 0xff, 0xff, 0xff, 0xff, 0xff, 0xff, 0xff, 0xff, 0xff, 0xff, 0xff, 0xff, 0xff, 0xff, 0xff, 0xff, 0xff, 0xff, 0xff, 0xff, 0xff, 0xff, 0xff, 0xff, 0xff, 0xff, 0xff, 0xff, 0xff, 0xff, 0xff, 0xff, 0xff, 0xff, 0xff, 0xff, 0xff, 0xff, 0xff, 0xff, 0xff, 0xff, 0xff, 0xff, 0xff, 0xff, 0xff, 0xff, 0xff, 0xff, 0xff, 0xff, 0xff, 0xff, 0xff, 0xff, 0xd7, 0xbd, 0xb6, 0xb5, 0xb3, 0x9c, 0xff, 0xff, 0x29, 0x4a, 0x59, 0xce, 0x2c, 0x63, 0x35, 0xad, 0x72, 0x94, 0xaf, 0x7b, 0x75, 0xad, 0x86, 0x31, 0x1c, 0xe7, 0xf0, 0x83, 0x18, 0xc6, 0x4d, 0x6b, 0xec, 0x62, 0x8e, 0x73, 0xe7, 0x39, 0x59, 0xce, 0xff, 0xff, 0xff, 0xff, 0x55, 0xad, 0x49, 0x4a, 0x8e, 0x73, 0x6e, 0x73, 0x55, 0xad, 0xbf, 0xff, 0xcb, 0x5a, 0xd3, 0x9c, 0x8e, 0x73, 0xae, 0x73, 0x49, 0x4a, 0x14, 0xa5, 0x49, 0x4a, 0xff, 0xff, 0xff, 0xff, 0xdf, 0xff, 0x75, 0xad, 0x55, 0xad, 0xdf, 0xff, 0xeb, 0x5a, 0xff, 0xff, 0x55, 0xad, 0xec, 0x62, 0x14, 0xa5, 0xcb, 0x5a, 0xff, 0xff, 0x18, 0xc6, 0x5d, 0xef, 0xff, 0xff, 0xff, 0xff, 0xff, 0xff, 0xff, 0xff, 0xff, 0xff, 0xff, 0xff, 0xff, 0xff, 0xff, 0xff, 0xff, 0xff, 0xff, 0xff, 0xff, 0xff, 0xff, 0xff, 0xff, 0xff, 0xff, 0xff, 0xff, 0xff, 0xff, 0xff, 0xff, 0xff, 0xff, 0xff, 0xff, 0xff, 0xff, 0xff, 0xff, 0xff, 0xff, 0xff, 0xff, 0xff, 0xff, 0xff, 0xff, 0xff, 0xff, 0xff, 0xff, 0xff, 0xff, 0xff, 0xff, 0xff, 0xff, 0xff, 0xff, 0xff, 0xff, 0xff, 0xff, 0xff, 0xff, 0xff, 0xff, 0xff, 0xff, 0xff, 0xff, 0xff, 0xff, 0xff, 0xff, 0xff, 0xff, 0xff, 0xff, 0xff, 0xff, 0xff, 0xff, 0xff, 0xff, 0xff, 0xff, 0xff, 0xff, 0xff, 0xff, 0xff, 0xff, 0xff, 0xff, 0xff, 0xff, 0xff, 
  0xff, 0xff, 0xff, 0xff, 0xff, 0xff, 0xff, 0xff, 0xff, 0xff, 0xff, 0xff, 0xff, 0xff, 0xff, 0xff, 0xff, 0xff, 0xff, 0xff, 0xff, 0xff, 0xff, 0xff, 0xff, 0xff, 0xff, 0xff, 0xff, 0xff, 0xff, 0xff, 0xff, 0xff, 0xff, 0xff, 0xff, 0xff, 0xff, 0xff, 0xff, 0xff, 0xff, 0xff, 0xff, 0xff, 0xff, 0xff, 0xff, 0xff, 0xff, 0xff, 0xff, 0xff, 0xff, 0xff, 0xff, 0xff, 0xff, 0xff, 0xff, 0xff, 0xff, 0xff, 0xff, 0xff, 0xff, 0xff, 0xff, 0xff, 0xff, 0xff, 0xff, 0xff, 0xff, 0xff, 0xff, 0xff, 0xff, 0xff, 0xff, 0xff, 0xff, 0xff, 0xff, 0xff, 0xff, 0xff, 0xff, 0xff, 0xff, 0xff, 0xff, 0xff, 0xff, 0xff, 0xff, 0xff, 0xff, 0xff, 0xff, 0xff, 0xff, 0xff, 0xff, 0xff, 0xff, 0xff, 0x5d, 0xef, 0xf4, 0xa4, 0x55, 0xad, 0xfb, 0xde, 0xb2, 0x94, 0x8e, 0x73, 0x31, 0x8c, 0xa3, 0x18, 0xdf, 0xff, 0x6d, 0x6b, 0x5d, 0xef, 0x4d, 0x6b, 0x5d, 0xef, 0x9e, 0xf7, 0xba, 0xd6, 0xdf, 0xff, 0xff, 0xff, 0xff, 0xff, 0x55, 0xad, 0x55, 0xad, 0xff, 0xff, 0xff, 0xff, 0xff, 0xff, 0xff, 0xff, 0x8e, 0x73, 0x35, 0xad, 0xb3, 0x9c, 0x7d, 0xef, 0x79, 0xce, 0xfb, 0xde, 0x4d, 0x6b, 0xba, 0xd6, 0x5d, 0xef, 0x0c, 0x63, 0x9a, 0xd6, 0x6a, 0x52, 0x5d, 0xef, 0xec, 0x62, 0xff, 0xff, 0xff, 0xff, 0xbb, 0xde, 0x18, 0xc6, 0xff, 0xff, 0xff, 0xff, 0xff, 0xff, 0xff, 0xff, 0xff, 0xff, 0xff, 0xff, 0xff, 0xff, 0xff, 0xff, 0xff, 0xff, 0xff, 0xff, 0xff, 0xff, 0xff, 0xff, 0xff, 0xff, 0xff, 0xff, 0xff, 0xff, 0xff, 0xff, 0xff, 0xff, 0xff, 0xff, 0xff, 0xff, 0xff, 0xff, 0xff, 0xff, 0xff, 0xff, 0xff, 0xff, 0xff, 0xff, 0xff, 0xff, 0xff, 0xff, 0xff, 0xff, 0xff, 0xff, 0xff, 0xff, 0xff, 0xff, 0xff, 0xff, 0xff, 0xff, 0xff, 0xff, 0xff, 0xff, 0xff, 0xff, 0xff, 0xff, 0xff, 0xff, 0xff, 0xff, 0xff, 0xff, 0xff, 0xff, 0xff, 0xff, 0xff, 0xff, 0xff, 0xff, 0xff, 0xff, 0xff, 0xff, 0xff, 0xff, 0xff, 0xff, 0xff, 0xff, 0xff, 0xff, 0xff, 0xff, 0xff, 0xff, 0xff, 0xff, 0xff, 0xff, 0xff, 0xff, 
  0xff, 0xff, 0xff, 0xff, 0xff, 0xff, 0xff, 0xff, 0xff, 0xff, 0xff, 0xff, 0xff, 0xff, 0xff, 0xff, 0xff, 0xff, 0xff, 0xff, 0xff, 0xff, 0xff, 0xff, 0xff, 0xff, 0xff, 0xff, 0xff, 0xff, 0xff, 0xff, 0xff, 0xff, 0xff, 0xff, 0xff, 0xff, 0xff, 0xff, 0xff, 0xff, 0xff, 0xff, 0xff, 0xff, 0xff, 0xff, 0xff, 0xff, 0xff, 0xff, 0xff, 0xff, 0xff, 0xff, 0xff, 0xff, 0xff, 0xff, 0xff, 0xff, 0xff, 0xff, 0xff, 0xff, 0xff, 0xff, 0xff, 0xff, 0xff, 0xff, 0xff, 0xff, 0xff, 0xff, 0xff, 0xff, 0xff, 0xff, 0xff, 0xff, 0xff, 0xff, 0xff, 0xff, 0xff, 0xff, 0xff, 0xff, 0xff, 0xff, 0xff, 0xff, 0xff, 0xff, 0xff, 0xff, 0xff, 0xff, 0xff, 0xff, 0xff, 0xff, 0xff, 0xff, 0xff, 0xff, 0xff, 0xff, 0xff, 0xff, 0xff, 0xff, 0xff, 0xff, 0xff, 0xff, 0x3d, 0xef, 0x5d, 0xef, 0x59, 0xce, 0xff, 0xff, 0x14, 0xa5, 0xef, 0x7b, 0x79, 0xce, 0x6a, 0x52, 0x8e, 0x73, 0xab, 0x5a, 0xff, 0xff, 0xff, 0xff, 0xff, 0xff, 0x55, 0xad, 0x4d, 0x6b, 0x35, 0xad, 0x35, 0xad, 0x55, 0xad, 0xff, 0xff, 0x8a, 0x52, 0x7e, 0xf7, 0x29, 0x4a, 0x92, 0x94, 0x28, 0x42, 0xfc, 0xe6, 0x5d, 0xef, 0x2c, 0x63, 0xcb, 0x5a, 0xdb, 0xde, 0xff, 0xff, 0x9a, 0xd6, 0xdf, 0xff, 0xff, 0xff, 0xff, 0xff, 0xff, 0xff, 0xff, 0xff, 0xff, 0xff, 0xff, 0xff, 0xff, 0xff, 0xff, 0xff, 0xff, 0xff, 0xff, 0xff, 0xff, 0xff, 0xff, 0xff, 0xff, 0xff, 0xff, 0xff, 0xff, 0xff, 0xff, 0xff, 0xff, 0xff, 0xff, 0xff, 0xff, 0xff, 0xff, 0xff, 0xff, 0xff, 0xff, 0xff, 0xff, 0xff, 0xff, 0xff, 0xff, 0xff, 0xff, 0xff, 0xff, 0xff, 0xff, 0xff, 0xff, 0xff, 0xff, 0xff, 0xff, 0xff, 0xff, 0xff, 0xff, 0xff, 0xff, 0xff, 0xff, 0xff, 0xff, 0xff, 0xff, 0xff, 0xff, 0xff, 0xff, 0xff, 0xff, 0xff, 0xff, 0xff, 0xff, 0xff, 0xff, 0xff, 0xff, 0xff, 0xff, 0xff, 0xff, 0xff, 0xff, 0xff, 0xff, 0xff, 0xff, 0xff, 0xff, 0xff, 0xff, 0xff, 0xff, 0xff, 0xff, 0xff, 0xff, 0xff, 0xff, 0xff, 0xff, 0xff, 0xff, 0xff, 0xff, 0xff, 0xff, 0xff, 
  0xff, 0xff, 0xff, 0xff, 0xff, 0xff, 0xff, 0xff, 0xff, 0xff, 0xff, 0xff, 0xff, 0xff, 0xff, 0xff, 0xff, 0xff, 0xff, 0xff, 0xff, 0xff, 0xff, 0xff, 0xff, 0xff, 0xff, 0xff, 0xff, 0xff, 0xff, 0xff, 0xff, 0xff, 0xff, 0xff, 0xff, 0xff, 0xff, 0xff, 0xff, 0xff, 0xff, 0xff, 0xff, 0xff, 0xff, 0xff, 0xff, 0xff, 0xff, 0xff, 0xff, 0xff, 0xff, 0xff, 0xff, 0xff, 0xff, 0xff, 0xff, 0xff, 0xff, 0xff, 0xff, 0xff, 0xff, 0xff, 0xff, 0xff, 0xff, 0xff, 0xff, 0xff, 0xff, 0xff, 0xff, 0xff, 0xff, 0xff, 0xff, 0xff, 0xff, 0xff, 0xff, 0xff, 0xff, 0xff, 0xff, 0xff, 0xff, 0xff, 0xff, 0xff, 0xff, 0xff, 0xff, 0xff, 0xff, 0xff, 0xff, 0xff, 0xff, 0xff, 0xff, 0xff, 0xff, 0xff, 0xff, 0xff, 0xff, 0xff, 0xff, 0xff, 0xff, 0xff, 0xff, 0xff, 0xff, 0xff, 0xff, 0xff, 0xff, 0xff, 0xff, 0xff, 0xff, 0xff, 0xff, 0xff, 0xff, 0xff, 0xff, 0xff, 0x9e, 0xf7, 0xff, 0xff, 0xff, 0xff, 0xff, 0xff, 0xff, 0xff, 0xbe, 0xf7, 0xdb, 0xde, 0xfb, 0xde, 0xd7, 0xbd, 0xb6, 0xb5, 0xff, 0xff, 0x3d, 0xef, 0xff, 0xff, 0xff, 0xff, 0xfb, 0xde, 0xdf, 0xff, 0xff, 0xff, 0xff, 0xff, 0xff, 0xff, 0xff, 0xff, 0xff, 0xff, 0xff, 0xff, 0xff, 0xff, 0xff, 0xff, 0xff, 0xff, 0xff, 0xff, 0xff, 0xff, 0xff, 0xff, 0xff, 0xff, 0xff, 0xff, 0xff, 0xff, 0xff, 0xff, 0xff, 0xff, 0xff, 0xff, 0xff, 0xff, 0xff, 0xff, 0xff, 0xff, 0xff, 0xff, 0xff, 0xff, 0xff, 0xff, 0xff, 0xff, 0xff, 0xff, 0xff, 0xff, 0xff, 0xff, 0xff, 0xff, 0xff, 0xff, 0xff, 0xff, 0xff, 0xff, 0xff, 0xff, 0xff, 0xff, 0xff, 0xff, 0xff, 0xff, 0xff, 0xff, 0xff, 0xff, 0xff, 0xff, 0xff, 0xff, 0xff, 0xff, 0xff, 0xff, 0xff, 0xff, 0xff, 0xff, 0xff, 0xff, 0xff, 0xff, 0xff, 0xff, 0xff, 0xff, 0xff, 0xff, 0xff, 0xff, 0xff, 0xff, 0xff, 0xff, 0xff, 0xff, 0xff, 0xff, 0xff, 0xff, 0xff, 0xff, 0xff, 0xff, 0xff, 0xff, 0xff, 0xff, 0xff, 0xff, 0xff, 0xff, 0xff, 0xff, 0xff, 0xff, 0xff, 0xff, 0xff, 0xff, 0xff, 0xff, 0xff, 0xff, 
};
#endif
